je,0.09315725559619019
pour,0.015891707030353974
comme,0.012148608310627631
moi,0.009587643667728579
tout,0.009435407639764927
vais,0.0056832957286664845
aime,0.0051387929583148525
négro,0.004940778368740971
tous,0.004676486568973338
jamais,0.00462908251875028
il,0.0045696625014281286
nous,0.00439549724983663
gang,0.004282379574774062
aujourd'hui,0.0041002149078158785
elle,0.004063010567127507
y,0.003949886423621084
rien,0.003914618477277895
hauts-de-seine,0.003722776040239203
as,0.0037143397443596855
mère,0.003677210206506574
izi,0.0032560397170362312
arrête,0.0032272239494354703
négros,0.0031993520815338833
suite,0.003147118619709005
va,0.0030344131785131193
disons,0.002924167082853828
mélanger,0.002924167082853828
quand,0.0029114004630305707
ni,0.0028372055786292866
vie,0.0027381908025227706
être,0.002678354344085377
parle,0.0026509752973883152
ouloulou,0.0025690430314707904
chez,0.0025087090801871647
rap,0.002494912134622199
flow,0.002362503549269648
city,0.0023466065454827312
gangster,0.0022208579255559237
chatte,0.0022112717360845088
sais,0.002162086896224235
depuis,0.002111339359501821
lui,0.002038776268621715
bonne,0.0020322629993617136
pigeons,0.0020013173227947613
vois,0.001981735869853731
dur,0.001979560314919205
mets,0.0019620327289726854
monde,0.0019407898661564723
fuck,0.0019245507264011841
deux,0.0018407071565860716
car,0.0018380276405320656
vaisseau,0.0018167252628200554
bakel,0.0018012862327205549
gros,0.0017698109067460362
pute,0.0017515945589842573
trop,0.001726150711222032
là,0.001701187196290707
ouais,0.0016938871449585335
vrai,0.001678751349461357
toujours,0.0016741504641925357
viens,0.0016588198548375243
demande,0.0016416537720222973
même,0.0016257023831073119
ont,0.0015905104045141679
coup,0.0015766551364217061
serai,0.0015752211169455367
mal,0.0015593948703037082
crois,0.001548047603021688
armes,0.0015447251446719568
faut,0.0015261519671305242
jours,0.0015220700152207079
par,0.0015117006544937352
argent,0.0014978702322710645
92,0.0014877874029376886
couilles,0.001475607389817986
tout-tout-tout,0.0014684287812041191
pèse,0.0014593781538982844
seul,0.0014344823620504148
vient,0.0014222510808745135
carrières,0.001420952947811446
biatch,0.0013775421446292416
connais,0.0013695021607525778
noir,0.0013610251616581197
peu,0.0013392983590423382
à,0.0013386880856760444
paname,0.0013196093956189035
quoi,0.001315930202027905
elles,0.0013159041019178525
bats,0.001310593377150865
saddam,0.0013042582348645002
combien,0.001276631810910176
or,0.0012657791280106202
ennemis,0.0012632101333965807
avant,0.001249657819403862
prendre,0.001246090769688657
club,0.001244942421413016
sous,0.0012444944340672533
heure,0.0012289839972683496
haut,0.0012212568642357578
penser,0.001218712509035096
peut,0.0012112292934210805
vu,0.001208493494029007
été,0.0012074135704752344
money,0.0012044704802909392
vous,0.0012022977957233435
cerveau,0.001200700057617683
compte,0.0011990956700912978
billets,0.001190227494961214
coeur,0.0011860189020124587
you,0.0011849408461378445
bite,0.0011793743529372503
street,0.0011697439295745102
toi,0.0011691034131653837
carrière,0.0011536280955004277
bien,0.001146527479808174
premier,0.0011092577291912154
b2o,0.0011078046193670524
aucun,0.0010987043219114186
scarface,0.0010985561833019518
u,0.0010936994695346404
ffe-bi,0.0010857763300760098
refait,0.0010857763300760098
refrè,0.0010857763300760098
sale,0.0010852677333570268
mieux,0.0010830035370843166
aigles,0.0010784675627356943
simplement,0.0010784675627356943
volent,0.0010784675627356943
était,0.0010604038239253454
halla,0.001055687516495123
laisse,0.0010473359212039275
salam,0.0010473061787273654
mc,0.001033391574952675
vas,0.0010280821336117493
peur,0.0010201436905505033
monnaie,0.001014713343480472
peux,0.0010008204822951586
dois,0.0009945363476867367
fume,0.0009882667926608443
bon,0.0009860509860509911
pense,0.0009718793081024503
tah,0.0009685890169180266
guerre,0.0009641265742339404
préfère,0.0009637557403794861
aux,0.0009525685571085807
pieds,0.0009457344452359457
mec,0.0009445628928532559
frappe,0.0009431417245860952
très,0.000939660386981513
sol,0.0009337068160597619
contre,0.0009258464436326295
balles,0.0009258416469106226
rmi,0.0009230223787081402
calibré,0.0009225286028476664
donc,0.0009211420590822879
tire,0.0009174317494787467
rappe,0.0009171899119138767
fond,0.0009117232705100438
grand-mère,0.0009041740633013445
man,0.0008988161645540058
king,0.0008983847693525158
marche,0.0008925542599099027
sang,0.0008882134289300459
mères,0.0008806161848543177
chaud,0.0008784282987745792
france,0.0008739961317203091
rouge,0.0008739367629709424
sortir,0.0008706070787269098
ceinture,0.0008696855506589215
demandes,0.0008681070324905987
chien,0.0008569685153440645
trois,0.0008524926834618892
in,0.0008502688247188333
black,0.0008487127631637403
moyenne,0.0008485555123720732
beaucoup,0.0008457450789611599
cul,0.000844268439313188
là-bas,0.0008431655490479063
piste,0.0008431655490479063
vis,0.0008386042207592449
uzi,0.0008281358319739339
disent,0.0008275098945814982
traine,0.0008241482818203842
terre,0.000822238707701267
télévision,0.0008214722274017486
sera,0.0008164469471962348
oseille,0.0008061660988689001
bord,0.0008036645469348281
touche,0.0008032128514056266
alors,0.0008019623585801269
rentre,0.0008016826802405592
rire,0.0008015372422152125
tonnes,0.0008015254294488921
ferrari,0.0007965665009081229
cas,0.0007932736359203289
niquer,0.000791241889623253
toute,0.0007869222877449154
the,0.0007847016011778154
fraîche,0.0007846829880728227
ciel,0.0007840583485498786
juste,0.0007792610616478356
dis,0.0007783633935380079
2-7,0.0007733952049497333
welcome,0.0007711599586926531
albinos,0.0007690948867419495
bleu,0.0007666433651634496
pourquoi,0.0007662576767343045
fort,0.0007639027749879334
passe,0.0007623567864531759
faux,0.000756588147214479
crime,0.0007504697676532378
poney,0.0007457121551081321
dou-double,0.0007457121551081321
violets,0.0007457121551081321
armé,0.0007432753286843895
besoin,0.0007419959815776929
joue,0.0007387140558051693
boîte,0.0007284038113237301
trafic,0.0007284038113237301
plein,0.0007231693337758741
travers,0.0007228051067490999
dessus,0.0007224937729375957
b2oba,0.0007209886064511653
encule,0.0007198175209905458
sonne-per,0.0007193564240544144
personne,0.0007193564240544144
foetus,0.0007168458781362044
musique,0.0007162223320976016
pays,0.0007124137102593749
banlieue,0.000703667153981894
prépare,0.0007002046951101596
bas,0.0006949939272281733
dès,0.0006945710062167178
mode,0.0006912948381334839
arrache,0.0006884858134993487
marre,0.0006860371267150963
fois,0.0006860371267150963
devenir,0.0006847183317771589
so,0.0006803123131195683
20,0.0006763529062728058
fera,0.0006722961342972312
savoir,0.0006713370641134366
habillage,0.0006693440428380222
youtube,0.0006693440428380222
hawaienne,0.0006693440428380222
chemise,0.0006693440428380222
rends,0.0006693440428380222
cherma,0.0006693440428380222
prie,0.0006693440428380222
trema,0.0006693440428380222
a-salamalikoum,0.0006693440428380222
pay,0.0006693440428380222
qué-bra,0.0006693440428380222
hood,0.0006693440428380222
block,0.0006693440428380222
priez,0.0006693440428380222
baise,0.0006688610311093693
part,0.0006687387855962703
aurais,0.0006674361738323081
meilleurs,0.0006671735242226936
misère,0.0006646967049148162
mecs,0.000662974474416863
air,0.0006629693376681363
écoute,0.0006624665660896592
grosses,0.000661919767786842
leurs,0.0006616266578315948
devenu,0.0006610614686624222
honte,0.0006597605934551065
dernier,0.0006579997299254874
tête,0.0006579210265618301
tien,0.0006552847615729314
benz,0.0006552847615729314
rendra,0.0006535947712418334
sniffes,0.0006535947712418334
migos,0.0006535947712418334
noire,0.0006535947712418334
bonjour,0.0006514233600416944
autres,0.0006500212623777446
petit,0.0006500212623777446
courir,0.000644600644600648
passent,0.0006444535370550485
aller,0.0006425139596050725
cinq,0.0006422607578676976
hassoul-ouloul,0.0006422607578676976
mutombo,0.0006422607578676976
ter-ter,0.0006412119315345155
violet,0.0006412119315345155
pars,0.0006323027880297902
ça,0.0006277463904582581
àl,0.0006265344134241841
déjà,0.0006265344134241841
fesses,0.0006264275955203206
après,0.0006263784597978725
temps,0.0006252697881319544
leur,0.00062469345275123
prends,0.0006246722398741434
gamos,0.0006169966594969417
risques,0.0006144286966204806
enterre,0.0006139349207600069
crever,0.000612330094629843
poto,0.0006101192848180832
thug,0.0006080193424201699
boite,0.0006066635735593565
tard,0.0006031610692687888
go,0.000602352335733102
regarde,0.000602041011535423
kilos,0.0006005358354351675
coups,0.0005992222859692771
bitume,0.0005988143475917713
rappeurs,0.0005964340534350195
face,0.0005950951520283823
mauvais,0.0005950951520283823
tant,0.0005917505917505949
frais,0.0005911387672145697
salut,0.0005911387672145697
demi,0.0005883503572891291
jaloux,0.0005863099083438097
six,0.0005862858211851531
putes,0.0005851512427253394
race,0.0005829890251296837
souci,0.0005804757214910347
dkr,0.0005799819456305609
affaires,0.0005794101516196977
gants,0.0005715355158216032
perdu,0.0005697010973032261
nique,0.0005697010973032261
monte,0.0005674187078425206
droite,0.0005644201653628982
nuit,0.0005625336470666201
rue,0.0005617890062291246
cruise,0.0005574260295658794
reconnu,0.0005572242283794403
père,0.000553818799233401
grosse,0.0005537484033820476
los,0.0005521306099340811
danse,0.0005457329099908105
chant,0.000545320312762176
rapper,0.000545320312762176
grand,0.0005439899661918132
bsah,0.0005428881650380049
rayé,0.0005428881650380049
explique,0.0005428881650380049
diamant,0.0005428881650380049
évidemment,0.0005428881650380049
peinture,0.0005428881650380049
refaire,0.0005428881650380049
bsahtek,0.0005428881650380049
thérapie,0.0005428881650380049
murcielago,0.0005428881650380049
magot,0.0005428881650380049
assis,0.0005428881650380049
zebi,0.0005428881650380049
réacteur,0.0005428881650380049
bentley,0.0005428881650380049
afrique,0.0005399618302844137
esclave,0.0005399618302844137
quiconque,0.0005376344086021534
mohamed,0.0005376344086021534
torse,0.0005376344086021534
charge,0.0005376344086021534
défierai,0.0005376344086021534
kong,0.0005376344086021534
ping-pong,0.0005376344086021534
ding-dong,0.0005376344086021534
tyson,0.0005376344086021534
dire,0.0005374682555458323
gauche,0.0005330877218709599
rappes,0.0005323168724392039
tourne,0.0005310702985121617
comment,0.0005305739286402066
qualité,0.0005305056265277689
réalité,0.0005305056265277689
souris,0.0005291005291005318
rendre,0.0005291005291005318
aurai,0.0005291005291005318
fou,0.0005291005291005318
majeur,0.0005291005291005318
dernière,0.0005291005291005318
peut-être,0.0005291005291005318
life,0.000528473880230693
meufs,0.0005259600869999397
nouveau,0.000525891784887502
reste,0.000525891784887502
trouve,0.0005246412920620022
keufs,0.0005246412920620021
09,0.000520796563296845
chaque,0.0005192419734308245
illicite,0.0005182286004203839
paris,0.0005176002149938987
bâtard,0.0005175432460352969
table,0.0005175432460352969
appelle,0.0005171748433153672
boss,0.0005163681634269896
skuuurt,0.0005155968032998222
bitch,0.0005155968032998222
chinois,0.0005155968032998222
speak,0.0005155968032998222
languages,0.0005155968032998222
do,0.0005155968032998222
this,0.0005155968032998222
milošević,0.0005155968032998222
tirer,0.0005113829341857871
tess,0.0005113673376327301
vont,0.0005089495808753376
hiver,0.0005077601073002517
zéros,0.000507356671740236
salaire,0.000507356671740236
galère,0.000507356671740236
taffe,0.000507356671740236
défouraille,0.0005067248861216705
paire,0.0005063691200192885
ans,0.0005060088551549677
oublier,0.0004984431472409425
jusqu'à,0.0004984431472409425
hebs,0.0004984164660708045
sucer,0.0004979226902103308
avoir,0.0004974936132530387
français,0.0004960317734313838
sent,0.000494619169317967
ho,0.000494619169317967
changer,0.0004930846647631801
92izi,0.000492711300312253
no,0.0004902898240956382
drogue,0.0004894762604013731
albums,0.0004894762604013731
pédé,0.0004894762604013731
rappelles,0.0004894762604013731
auras,0.0004891374465257582
droit,0.0004890733920383416
meilleur,0.0004883561930541821
parles,0.00048503571993505133
météorite,0.00048503571993505133
balle,0.0004803691550679527
grands,0.0004803691550679527
facile,0.0004762504762504787
chichis,0.0004762504762504787
rouler,0.0004762504762504787
docteur,0.0004762504762504787
ghetto,0.0004762504762504787
tombe,0.00047080979284369357
meuf,0.00047080979284369357
au-delà,0.00047080979284369357
walou,0.00047080979284369357
sèche,0.00047080979284369357
panne,0.00047080979284369357
garçon,0.00047080979284369357
codes,0.00047080979284369357
aimer,0.00047080979284369357
entrer,0.00047080979284369357
dehors,0.00047080979284369357
effraction,0.00047080979284369357
shalom,0.00046685340802988097
lose,0.00046685340802988097
aboies,0.00046685340802988097
loup,0.00046685340802988097
thune,0.00046685340802988097
allume,0.00046685340802988097
rousse,0.00046685340802988097
dirait,0.00046685340802988097
blonde,0.00046685340802988097
brune,0.00046685340802988097
lune,0.00046685340802988097
bled,0.0004667902117725684
jack,0.00046447311387312916
arrêterai,0.0004620004620004644
sert,0.0004620004620004644
lâche,0.00046066619418852115
main,0.00045895738060369983
dix,0.00045875832518280714
moins,0.00045875832518280714
1,0.00045569658644587223
bout,0.00045569658644587223
geah,0.00045569658644587223
millions,0.0004556878701885565
cou,0.00045309131849573914
baiser,0.0004523075691470223
tombent,0.0004510827448056053
3,0.0004501721369191272
debout,0.00045002957975880434
sal,0.00045002957975880434
200,0.00045002957975880434
to,0.00045002957975880434
album,0.0004491202165620794
jour,0.0004477420037967335
passer,0.0004477420037967335
nord,0.00044541573811853743
tiens,0.00044541573811853743
culs,0.00044541573811853743
100-8,0.000443761734084317
zoo,0.000443761734084317
dieu,0.00044373073107189495
clip,0.00044373073107189495
couleur,0.0004382482878819315
crew,0.0004382482878819315
sauf,0.0004382482878819315
bois,0.0004382482878819315
capitale,0.00043464105754945293
rentrer,0.00043464105754945293
smith,0.0004295334400487123
mamadou,0.0004293080822125
vidéos,0.0004293080822125
oeil,0.00042673572085337013
puces,0.0004239495997347377
jeune,0.0004239495997347377
courses,0.0004239495997347377
tôt,0.0004239495997347377
traite,0.0004239495997347377
veulent,0.0004239495997347377
wesh,0.0004227663457440593
pourtant,0.00042148686216483046
100,0.00042144755080612183
penses,0.00042016806722689295
casse,0.0004137719704289201
porte,0.000411864101423206
ceci,0.0004106149334846825
avis,0.0004106149334846825
ami,0.0004106149334846825
miami,0.0004106149334846825
rat,0.00040498672674434756
morray,0.00040439765267657096
cela,0.0004016747278152511
déc-découpe,0.0004016064257028133
doutes,0.0004016064257028133
quitter,0.0004016064257028133
dég-dégoûte,0.0004016064257028133
mien,0.0004016064257028133
répète,0.0004016064257028133
uc,0.0004016064257028133
déb-déboîte,0.0004016064257028133
détrôner,0.0004016064257028133
département,0.0004016064257028133
duc,0.0004016064257028133
stup',0.0004016064257028133
donne,0.0004003559328773135
réussite,0.0004003559328773135
chienne,0.00039969855669709926
drogué,0.00039841907311787033
ailleurs,0.0003967220722993693
entre,0.00039663681796016446
frères,0.0003965112041121563
jusqu'au,0.0003965112041121563
blanche,0.0003958828186856711
racaille,0.0003958828186856711
alarme,0.0003958828186856711
pure,0.0003958828186856711
marine,0.0003958828186856711
guatemala,0.0003958828186856711
criminels,0.0003958828186856711
pen,0.0003958828186856711
équipe,0.00039540327736143174
enfant,0.00039344946537522147
travaillé,0.00039344946537522147
yeux,0.0003901151073141835
lève,0.0003888356237349546
crédit,0.0003875471444377224
boulbi,0.0003856392754320083
combat,0.0003825775366950735
pêche,0.0003824395269369818
verre,0.00038005038005038206
mettre,0.000378606938768291
pédés,0.00037796369505480666
chut,0.00037796369505480666
mouv',0.00037796369505480666
parler,0.00037796369505480666
mort,0.00037796369505480666
acheter,0.0003774699191943329
sénégal,0.0003774699191943329
liste,0.00037669906976257693
artiste,0.00037669906976257693
minitel,0.00037285607755406606
suicidaire,0.00037285607755406606
vole,0.00037285607755406606
baissées,0.00037285607755406606
fréquentable,0.00037285607755406606
compère,0.00037285607755406606
benzo,0.00037285607755406606
rues,0.00037285607755406606
vrais,0.00037285607755406606
paramilitaire,0.00037285607755406606
propres,0.00037285607755406606
frigidaire,0.00037285607755406606
crenshaw,0.00037285607755406606
perd,0.00037285607755406606
noires,0.00037285607755406606
criminel,0.00037285607755406606
insolent,0.00037285607755406606
ailes,0.00037285607755406606
rainté,0.00037285607755406606
vitres,0.00037285607755406606
lunettes,0.00037285607755406606
blasé,0.00037285607755406606
bruit,0.00036917845137023406
bling,0.00036913990402362684
haute,0.00036913990402362684
swag,0.00036913990402362684
titre,0.0003690234893853752
pètent,0.0003690234893853752
putain,0.0003686846755097603
brigade,0.00036553267369114845
dom,0.00036553267369114845
voir,0.00036378142154586455
flingues,0.00036378142154586455
big,0.00036075036075036265
sport,0.00036075036075036265
créneaux,0.00036075036075036265
muscles,0.00036075036075036265
violent,0.00036075036075036265
énervé,0.00036075036075036265
gardes-champêtre,0.00036075036075036265
xzibit,0.00036075036075036265
fumer,0.00036075036075036265
enculé,0.00036075036075036265
piges,0.00036075036075036265
état,0.00036075036075036265
est-ce,0.00036075036075036265
fouetté,0.00036075036075036265
musc,0.00036075036075036265
rolls,0.00036075036075036265
décevoir,0.00036075036075036265
plierai,0.00036075036075036265
sisi,0.00036075036075036265
accorder,0.00036075036075036265
fallu,0.00036075036075036265
blase,0.00036075036075036265
détecteurs,0.00036075036075036265
galeux,0.00036075036075036265
partie,0.00036075036075036265
animal,0.00036075036075036265
pimp,0.00036075036075036265
10,0.00036075036075036265
lunatic,0.00036075036075036265
ko2p,0.00036075036075036265
métier,0.00036075036075036265
hey,0.00036075036075036265
véto,0.00036075036075036265
descendant,0.00036075036075036265
génie,0.00036075036075036265
yoda,0.00036075036075036265
préau,0.00036075036075036265
faudra,0.00036075036075036265
embrouille,0.00036075036075036265
terres,0.00036075036075036265
suce,0.00036075036075036265
égorge,0.00036075036075036265
maître,0.00036075036075036265
95,0.00036075036075036265
missive,0.00036075036075036265
mississipi,0.00036075036075036265
cette,0.00036075036075036265
mène,0.00036075036075036265
troupeau,0.00036075036075036265
naissance,0.00036075036075036265
choristes,0.00036075036075036265
gravé,0.00036075036075036265
métaux,0.00036075036075036265
royce,0.00036075036075036265
missile,0.00036075036075036265
écris,0.00036075036075036265
skoda,0.00036075036075036265
essaye,0.00036075036075036265
pénos,0.00036075036075036265
péter,0.00036023824570080267
ferai,0.00035989943182518775
devant,0.0003584229390681022
souffert,0.0003584229390681022
mylène,0.0003584229390681022
farmer,0.0003584229390681022
vert,0.0003465003465003483
envers,0.0003465003465003483
cancer,0.0003465003465003483
pères,0.0003465003465003483
écraser,0.0003465003465003483
jaune,0.0003465003465003483
taire,0.0003465003465003483
repères,0.0003465003465003483
grandi,0.0003465003465003483
adversaire,0.0003465003465003483
effacer,0.0003465003465003483
revolver,0.0003465003465003483
donne-moi,0.00034150654962637793
hass,0.0003401877546884404
fresh,0.0003401877546884404
oh,0.0003378993192938995
faits,0.000336580524355962
amour,0.0003361480671486156
encore,0.0003361480671486156
trique,0.00033482927221067813
eternel,0.0003346720214190111
péta,0.0003346720214190111
casse-nous,0.0003346720214190111
grillés,0.0003346720214190111
cube,0.0003346720214190111
visages,0.0003346720214190111
hommes,0.0003346720214190111
bluetooth,0.0003346720214190111
miloud,0.0003346720214190111
rouer,0.0003346720214190111
oréo,0.0003346720214190111
white,0.0003346720214190111
illes-cou,0.0003346720214190111
faciès,0.0003346720214190111
pleine,0.0003346720214190111
ford,0.0003346720214190111
couscous,0.0003346720214190111
délit,0.0003346720214190111
hermès,0.0003346720214190111
rodéo,0.0003346720214190111
kill's,0.0003346720214190111
limit,0.0003346720214190111
don,0.0003346720214190111
tienne,0.0003346720214190111
messe,0.0003346720214190111
boyz,0.0003346720214190111
princesse,0.0003346720214190111
nièce,0.0003346720214190111
pales,0.0003346720214190111
ice,0.0003346720214190111
mondéo,0.0003346720214190111
domicile,0.0003346720214190111
assassins,0.0003346720214190111
général,0.0003346720214190111
up,0.0003346720214190111
extérieur,0.0003346720214190111
fantassins,0.0003346720214190111
anies,0.0003346720214190111
fucked,0.0003346720214190111
airness,0.0003346720214190111
es-tu,0.0003346720214190111
perds,0.0003346720214190111
littleroméo,0.0003346720214190111
reine,0.0003267973856209167
khabat,0.0003267973856209167
meilleures,0.0003267973856209167
devrais,0.0003267973856209167
flou,0.0003267973856209167
épée,0.0003267973856209167
retweeter,0.0003267973856209167
évier,0.0003267973856209167
zerma,0.0003267973856209167
doué,0.0003267973856209167
blague,0.0003267973856209167
oussama,0.0003267973856209167
combattre,0.0003267973856209167
transat,0.0003267973856209167
humain,0.0003267973856209167
éboué,0.0003267973856209167
saba,0.0003267973856209167
nero,0.0003267973856209167
dizaine,0.0003267973856209167
cousin,0.0003267973856209167
frère,0.0003267973856209167
sénégalo-bc,0.0003267973856209167
courtes,0.0003267973856209167
bre-som,0.0003267973856209167
louer,0.0003267973856209167
skie,0.0003267973856209167
vaisselle,0.0003267973856209167
achète,0.0003267973856209167
973,0.0003267973856209167
stade,0.0003267973856209167
pends-toi,0.0003267973856209167
mineur,0.0003267973856209167
noumou,0.0003267973856209167
terrain,0.0003267973856209167
koppbiwan-kenobi,0.0003267973856209167
hit,0.0003267973856209167
parlé,0.0003267973856209167
toutes,0.0003267973856209167
baraka,0.0003267973856209167
démé,0.0003267973856209167
neige,0.0003267973856209167
toulousain,0.0003267973856209167
chalet,0.0003267973856209167
balata,0.0003267973856209167
terroriste,0.0003267973856209167
hiéroglyphe,0.0003267973856209167
giuseppe,0.0003267973856209167
rentres,0.0003267973856209167
moitié,0.0003267973856209167
numéro,0.0003267973856209167
zéro,0.0003267973856209167
taffer,0.0003267973856209167
mer,0.0003267973856209167
bags,0.0003267973856209167
mêler,0.0003267973856209167
crânienne,0.0003267973856209167
mis,0.0003267973856209167
félix,0.0003267973856209167
gucci,0.0003267973856209167
ak-47,0.0003267973856209167
nemesis,0.0003267973856209167
surinamien,0.0003267973856209167
boutique,0.0003267973856209167
genoux,0.0003267973856209167
demi-heure,0.0003267973856209167
slalom,0.0003267973856209167
muto-mutombo,0.0003211303789338488
net,0.0003211303789338488
ameutèrent,0.0003211303789338488
show,0.0003211303789338488
jnoun,0.0003211303789338488
unis,0.0003211303789338488
zulu,0.0003211303789338488
belmondo,0.0003211303789338488
antoinette,0.0003211303789338488
manaudou,0.0003211303789338488
clashant,0.0003211303789338488
bando,0.0003211303789338488
bêtement,0.0003211303789338488
étoile,0.0003211303789338488
quittes,0.0003211303789338488
vaux,0.0003211303789338488
laure,0.0003211303789338488
baisse,0.0003211303789338488
niqué,0.0003211303789338488
ballon,0.0003211303789338488
crips,0.0003211303789338488
canons,0.0003211303789338488
café,0.0003211303789338488
camion,0.0003211303789338488
rendez-moi,0.0003211303789338488
anges,0.0003211303789338488
écart,0.0003211303789338488
amont,0.0003211303789338488
filles,0.0003211303789338488
canebière,0.0003211303789338488
beurettes,0.0003211303789338488
naissent,0.0003211303789338488
kalashé,0.0003211303789338488
fil'zer,0.0003211303789338488
alonzo,0.0003211303789338488
finissent,0.0003211303789338488
momie,0.0003211303789338488
super-héros,0.0003211303789338488
chicha,0.0003211303789338488
côté,0.0003211303789338488
bonheur,0.0003211303789338488
malheur,0.0003211303789338488
rendez-nous,0.0003211303789338488
avaient,0.0003211303789338488
faisais,0.0003211303789338488
fumée,0.0003211303789338488
salside,0.0003211303789338488
pleut,0.0003211303789338488
niafous,0.0003211303789338488
pérou,0.0003211303789338488
mathusalems,0.0003211303789338488
blessent,0.0003211303789338488
juger,0.0003211303789338488
bidon,0.0003211303789338488
selfie,0.0003211303789338488
malongo,0.0003211303789338488
13,0.0003211303789338488
souloulou,0.0003211303789338488
cuite,0.0003211303789338488
toutankhamon,0.0003211303789338488
chaka,0.0003211303789338488
cagoul-ouloule,0.0003211303789338488
terter,0.0003211303789338488
angeles,0.0003211303789338488
harem,0.0003211303789338488
finis,0.0003211303789338488
retire,0.0003211303789338488
méchante,0.0003211303789338488
bite'zer,0.0003211303789338488
qg,0.0003211303789338488
suces,0.0003211303789338488
couvre,0.0003211303789338488
columbo,0.0003211303789338488
paie-moi,0.0003211303789338488
téléphone,0.0003211303789338488
sales,0.0003211303789338488
zer,0.0003211303789338488
platine,0.0003184387605794179
sec,0.00031483153024693946
ouest,0.00031483153024693946
veut,0.00031387319522912903
abandonner,0.00031387319522912903
dois-je,0.00031387319522912903
laisse-moi,0.00031387319522912903
contraire,0.00031387319522912903
coffre,0.00031387319522912903
rage,0.00031308027810165556
sens,0.00031308027810165556
ibou,0.0003129236612412254
amar,0.0003129236612412254
chargé,0.0003129236612412254
kilo,0.0003129236612412254
peace,0.0003129236612412254
gueule,0.00031255440029119157
amis,0.000311235605353254
easily,0.0003111724090959415
prison,0.0003111724090959415
chris,0.0003098619225042905
faucon,0.00030885531119650213
système,0.00030885531119650213
partout,0.00030885531119650213
chicots,0.00030885531119650213
tréma,0.00030885531119650213
diamants,0.00030885531119650213
mois,0.00030811067035900664
proche,0.00030811067035900664
mange,0.00030811067035900664
argenté,0.0003052480808640237
dos,0.0003052480808640237
eux,0.0003034968287187398
michael,0.0003034968287187398
martin,0.0003034968287187398
billet,0.0003034968287187398
rester,0.0003034968287187398
président,0.0003034968287187398
place,0.0003034968287187398
guerrier,0.0003034968287187398
futur,0.0003000700675119295
vaut,0.0003000700675119295
biff,0.0002964628371794511
meurt,0.0002947115850341672
negros,0.0002947115850341672
poisson,0.0002947115850341672
9,0.0002947115850341672
flics,0.00029080540618216895
répond,0.00029080540618216895
bijoux,0.00029080540618216895
boule,0.00028948661124423143
attends,0.0002888975371764549
verts,0.00028757874223851737
peuple,0.00028757874223851737
yahia,0.00028757874223851737
parcours,0.00028757874223851737
louboutin,0.0002858357984395201
vit,0.0002858357984395201
prouver,0.0002812219567992532
ville,0.00027990316186131566
bouteille,0.00027990316186131566
pose,0.00027990316186131566
bouche,0.00027990316186131566
condés,0.00027990316186131566
bateau,0.00027990316186131566
cherche,0.0002724367131146806
oublie,0.0002724367131146806
plié,0.0002724367131146806
endroit,0.0002724367131146806
rimes,0.0002711179181767431
rappeur,0.0002711179181767431
game,0.0002711179181767431
scène,0.0002711179181767431
mic,0.0002677376171352089
garde,0.0002677376171352089
tony,0.0002677376171352089
thunes,0.00026582974812949486
aryenne,0.0002645502645502659
parasite,0.0002645502645502659
flammes,0.0002645502645502659
bureau,0.0002645502645502659
allé,0.0002645502645502659
arriverai,0.0002645502645502659
spéciale,0.0002645502645502659
dan-dangereux,0.0002645502645502659
tookie,0.0002645502645502659
diplôme,0.0002645502645502659
rolex,0.0002645502645502659
mains,0.0002645502645502659
williams,0.0002645502645502659
chauve,0.0002645502645502659
collège,0.0002645502645502659
défoncé,0.0002645502645502659
séquestrer,0.0002645502645502659
possee,0.0002645502645502659
billard,0.0002645502645502659
raciste,0.0002645502645502659
absent,0.0002645502645502659
jusqu'aux,0.0002645502645502659
cours,0.0002645502645502659
sauver,0.0002645502645502659
déflagrations,0.0002645502645502659
mureaux,0.0002645502645502659
national,0.0002645502645502659
braquer,0.0002645502645502659
dédicace,0.0002645502645502659
aussi,0.0002645502645502659
fauve,0.0002645502645502659
collègues,0.0002645502645502659
tapine,0.0002645502645502659
pensé,0.0002645502645502659
menotté,0.0002645502645502659
sauve,0.0002645502645502659
maîtresse,0.0002645502645502659
sauvage,0.0002645502645502659
damoiseau,0.0002645502645502659
trouver,0.0002645502645502659
pape,0.0002645502645502659
per-cho,0.0002645502645502659
venir,0.0002645502645502659
dalle,0.0002645502645502659
noter,0.0002645502645502659
os,0.0002645502645502659
parleras,0.0002645502645502659
stress,0.0002645502645502659
donnerai,0.0002645502645502659
aériens,0.0002645502645502659
sécher,0.0002645502645502659
larmes,0.0002645502645502659
raids,0.0002645502645502659
drame,0.0002645502645502659
maréchaux,0.0002645502645502659
évadé,0.0002645502645502659
arrêter,0.0002645502645502659
pousser,0.0002645502645502659
plane,0.0002645502645502659
réchaud,0.0002645502645502659
nombreux,0.00026392187912378074
âme,0.00026392187912378074
banane,0.00026392187912378074
feu,0.00026392187912378074
grave,0.00026392187912378074
arme,0.00025815416775229314
met,0.00025815416775229314
0,0.00025815416775229314
kho,0.00025815416775229314
prédit,0.00025815416775229314
haine,0.00025815416775229314
frime,0.00025815416775229314
ewa,0.0002577984016499111
quelques,0.00025624629874657903
soir,0.00025624629874657903
plusieurs,0.00025624629874657903
halal,0.00025624629874657903
vice,0.00025624629874657903
shit,0.00025624629874657903
payer,0.000253678335870118
dada,0.000253678335870118
guadada,0.000253678335870118
bastos,0.000253678335870118
prix,0.000253678335870118
academy,0.000253678335870118
amuser,0.000253678335870118
came,0.000253678335870118
dinde,0.000253678335870118
dealeurs,0.000253678335870118
bras,0.000253678335870118
onde,0.000253678335870118
effleure,0.000253678335870118
a-d'ar,0.000253678335870118
ébène,0.000253678335870118
souhaite,0.000253678335870118
habite,0.000253678335870118
reculer,0.000253678335870118
joues,0.000253678335870118
loups,0.000253678335870118
gagne,0.000253678335870118
ferais,0.000253678335870118
banque,0.000253678335870118
pazalaza,0.000253678335870118
ressens-tu,0.000253678335870118
90,0.000253678335870118
belle,0.000253678335870118
quatre,0.000253678335870118
touches,0.000253678335870118
dead,0.000253678335870118
choc,0.000253678335870118
télé,0.000253678335870118
merde,0.000253678335870118
prédestinés,0.000253678335870118
mouv,0.000253678335870118
morts,0.000253678335870118
finir,0.000253678335870118
abracadabra,0.000253678335870118
972,0.000253678335870118
victoire,0.000253678335870118
rafale,0.000253678335870118
accompagné,0.000253678335870118
remis,0.000253678335870118
herbe,0.000253678335870118
tarmi,0.000253678335870118
hlm3,0.000253678335870118
handicapés,0.000253678335870118
dossier,0.000253678335870118
mami,0.000253678335870118
regardé,0.000253678335870118
tsunami,0.000253678335870118
croque,0.000253678335870118
92i,0.000253678335870118
célèbre,0.000253678335870118
benne,0.000253678335870118
star,0.000253678335870118
hami,0.000253678335870118
match,0.000253678335870118
mamie,0.000253678335870118
cheb,0.000253678335870118
salami,0.000253678335870118
amical,0.000253678335870118
fumes,0.000253678335870118
amygdales,0.000253678335870118
garcimore,0.000253678335870118
d,0.000253678335870118
lourd,0.000253678335870118
envoies,0.00025318456000964423
oui,0.00025318456000964423
avait,0.00025318456000964423
allez,0.00025318456000964423
kopp,0.00025318456000964423
pain,0.00025318456000964423
test,0.00024936892406772054
autant,0.00024857071836937737
pièce,0.00024857071836937737
téss',0.00024857071836937737
jouer,0.00024857071836937737
room,0.00024857071836937737
caisse,0.00024857071836937737
vraiment,0.00024857071836937737
questionnent,0.00024857071836937737
souvent,0.00024857071836937737
sommes,0.00024857071836937737
loin,0.0002474610550620065
glisse,0.0002474610550620065
mo,0.0002474610550620065
grizzly,0.0002474610550620065
tu-tu,0.00024473813020068654
peau-ño,0.00024473813020068654
seins,0.00024473813020068654
chèques,0.00024473813020068654
grammaire,0.00024473813020068654
rayer,0.00024473813020068654
man',0.00024473813020068654
nouvelle,0.00024473813020068654
fauché,0.00024473813020068654
lévent,0.00024473813020068654
seufs,0.00024473813020068654
lyrics,0.00024473813020068654
bites,0.00024473813020068654
chercher,0.00024473813020068654
dors,0.00024473813020068654
jeux,0.00024473813020068654
nez,0.00024473813020068654
abboies,0.00024473813020068654
calibre,0.00024473813020068654
khos,0.00024473813020068654
lamborghini,0.00024473813020068654
rassasié,0.00024473813020068654
acoustique,0.00024473813020068654
malsaine,0.00024473813020068654
russes,0.00024473813020068654
autographes,0.00024473813020068654
chichos,0.00024473813020068654
cher,0.00024473813020068654
endroits,0.00024473813020068654
soirées,0.00024473813020068654
sseufs,0.00024473813020068654
trou,0.00024473813020068654
kärcher,0.00024473813020068654
eh,0.00024473813020068654
mére,0.00024473813020068654
autopsie,0.00024473813020068654
coachée,0.00024473813020068654
toufik,0.00024473813020068654
guez-mér,0.00024473813020068654
échec,0.00024473813020068654
queue,0.00024473813020068654
mords,0.00024473813020068654
signe,0.00024473813020068654
gal-sen,0.00024473813020068654
poser,0.00024473813020068654
pépére,0.00024473813020068654
sarkozy,0.00024473813020068654
toilettes,0.00024473813020068654
h-24,0.00024473813020068654
genou,0.00024473813020068654
appartient,0.00024473813020068654
fresnes,0.00024473813020068654
coño,0.00024473813020068654
vol2,0.00024473813020068654
manquent,0.00024473813020068654
parce,0.00024473813020068654
news,0.00024473813020068654
mixtape,0.00024473813020068654
smic,0.00024473813020068654
poursuites,0.00024473813020068654
commencé,0.00024473813020068654
je-je,0.00024473813020068654
assedic,0.00024473813020068654
virgules,0.00024473813020068654
circulent,0.00024473813020068654
remonte,0.00024473813020068654
sono,0.00024473813020068654
coccyx,0.00024473813020068654
tellement,0.0002443993163250716
soeur,0.0002443993163250716
avocat,0.0002443993163250716
swagg,0.0002397854746848048
crâne,0.0002397854746848048
mac,0.0002397854746848048
sabre,0.0002397854746848048
force,0.0002397854746848048
roule,0.0002310002310002322
i,0.0002310002310002322
lecteur,0.00018456995201181342
choix,0.00018456995201181342
bombes,0.00018456995201181342
voiture,0.00018456995201181342
balances,0.00018456995201181342
gargamel,0.00018456995201181342
grey,0.00018456995201181342
ennemi,0.00018456995201181342
dope,0.00018456995201181342
gps,0.00018456995201181342
graffitis,0.00018456995201181342
prod,0.00018456995201181342
nom,0.00018456995201181342
tabac,0.00018456995201181342
déguisées,0.00018456995201181342
schneck,0.00018456995201181342
debaratiner,0.00018456995201181342
cialis,0.00018456995201181342
longtemps,0.00018456995201181342
finirai,0.00018456995201181342
déf',0.00018456995201181342
minimum,0.00018456995201181342
p',0.00018456995201181342
buenos,0.00018456995201181342
chèque,0.00018456995201181342
anti-zamels,0.00018456995201181342
peu-sa,0.00018456995201181342
khey,0.00018456995201181342
clean,0.00018456995201181342
crie,0.00018456995201181342
merveilles,0.00018456995201181342
dps,0.00018456995201181342
mick,0.00018456995201181342
liberty,0.00018456995201181342
días,0.00018456995201181342
ailles,0.00018456995201181342
goose,0.00018456995201181342
deu-blé,0.00018456995201181342
salauds,0.00018456995201181342
montfermeil,0.00018456995201181342
juré,0.00018456995201181342
beatmaker,0.00018456995201181342
écoutes,0.00018456995201181342
med,0.00018456995201181342
truc,0.00018456995201181342
histakes,0.00018456995201181342
pixels,0.00018456995201181342
vixen,0.00018456995201181342
dj,0.00018456995201181342
gamelle,0.00018456995201181342
tiser,0.00018456995201181342
contrat,0.00018456995201181342
entouré,0.00018456995201181342
lamelles,0.00018456995201181342
jagger,0.00018456995201181342
secteur,0.00018456995201181342
coupée,0.00018456995201181342
tournent,0.00018456995201181342
eps,0.00018456995201181342
kojak,0.00018456995201181342
millénium,0.00018456995201181342
magic,0.00018456995201181342
tatoué,0.00018456995201181342
écoeurent,0.00018456995201181342
couture,0.00018456995201181342
xxl,0.00018456995201181342
medi,0.00018456995201181342
duracell,0.00018456995201181342
retrouvera,0.00018456995201181342
murmures,0.00018456995201181342
épuiser,0.00018456995201181342
sûrement,0.00018456995201181342
fhartass,0.00018456995201181342
entends,0.00018456995201181342
latines,0.00018456995201181342
seize,0.00018456995201181342
braquemart,0.00018456995201181342
alikoum,0.00018456995201181342
backstage,0.00018456995201181342
pilote,0.00018456995201181342
ficelle,0.00018456995201181342
champagne,0.00018456995201181342
sortie,0.00018456995201181342
string,0.00018456995201181342
magnum,0.00018456995201181342
shrek,0.00018456995201181342
diabolique,0.00018456995201181342
enveloppe,0.00018456995201181342
envie,0.00018456995201181342
charnelle,0.00018456995201181342
tricot,0.00018456995201181342
tur-fu,0.000180962721679335
extermination,0.000180962721679335
blanc,0.000180962721679335
détermination,0.000180962721679335
lombaires,0.000180962721679335
dessous,0.000180962721679335
élargissent,0.000180962721679335
gorille,0.000180962721679335
vas-y,0.000180962721679335
wess,0.000180962721679335
vaseline,0.000180962721679335
mcs,0.000180962721679335
tass-pé,0.000180962721679335
kunta,0.000180962721679335
bang,0.000180962721679335
per',0.000180962721679335
300,0.000180962721679335
mise,0.000180962721679335
kalachnikopp,0.000180962721679335
murder,0.000180962721679335
aérophagie,0.000180962721679335
bienvenue,0.000180962721679335
prédécesseurs,0.000180962721679335
clasher,0.000180962721679335
wallah,0.000180962721679335
poulos,0.000180962721679335
thieboudieune,0.000180962721679335
bollos,0.000180962721679335
pepper,0.000180962721679335
plait,0.000180962721679335
acceptons,0.000180962721679335
extraterrestre,0.000180962721679335
pue,0.000180962721679335
chercheurs,0.000180962721679335
papiers,0.000180962721679335
amère,0.000180962721679335
mulder,0.000180962721679335
fragiles,0.000180962721679335
lieux,0.000180962721679335
bab,0.000180962721679335
whisky,0.000180962721679335
liens,0.000180962721679335
riz,0.000180962721679335
macarizi,0.000180962721679335
clair,0.000180962721679335
racli,0.000180962721679335
manger,0.000180962721679335
maison,0.000180962721679335
31,0.000180962721679335
héroïne,0.000180962721679335
haschich,0.000180962721679335
bakchich,0.000180962721679335
divers,0.000180962721679335
non,0.000180962721679335
paix,0.000180962721679335
kinté,0.000180962721679335
génération,0.000180962721679335
kinder,0.000180962721679335
cherches,0.000180962721679335
défaite,0.000180962721679335
15,0.000180962721679335
survole,0.000180962721679335
izère,0.000180962721679335
niquez,0.000180962721679335
paper,0.000180962721679335
disques,0.000180962721679335
anti,0.000180962721679335
détour,0.000180962721679335
arôme,0.000180962721679335
parenté,0.000180962721679335
hollywood,0.000180962721679335
entres,0.000180962721679335
trempées,0.000180962721679335
jacqueline,0.000180962721679335
sel,0.000180962721679335
maggie,0.000180962721679335
plumes,0.000180962721679335
attraper,0.000180962721679335
dhalsim,0.000180962721679335
angel,0.000180962721679335
crève,0.000180962721679335
atarizi,0.000180962721679335
sable,0.0001792114695340511
meneur,0.0001792114695340511
décrypté,0.0001792114695340511
leader,0.0001792114695340511
noirs,0.0001792114695340511
apprends,0.0001792114695340511
degrés,0.0001792114695340511
carter,0.0001792114695340511
phelps,0.0001792114695340511
stable,0.0001792114695340511
couleurs,0.0001792114695340511
clips,0.0001792114695340511
celsius,0.0001792114695340511
enemy,0.0001792114695340511
shawn,0.0001792114695340511
blessé,0.0001792114695340511
kritker,0.0001792114695340511
classe,0.0001792114695340511
déter',0.0001792114695340511
bander,0.0001792114695340511
dechaîne,0.0001792114695340511
esquisse,0.0001792114695340511
renoi,0.0001792114695340511
purple,0.0001792114695340511
lécher,0.0001792114695340511
mordre,0.0001792114695340511
ranger,0.0001792114695340511
top,0.0001792114695340511
rapide,0.0001792114695340511
tromper,0.0001792114695340511
maternelle,0.0001792114695340511
danser,0.0001792114695340511
chansons,0.0001792114695340511
entrepreneur,0.0001792114695340511
apprennes,0.0001792114695340511
500,0.0001792114695340511
cagoule,0.0001792114695340511
port,0.0001792114695340511
détruirera,0.0001792114695340511
crayons,0.0001792114695340511
école,0.0001792114695340511
devais,0.0001792114695340511
soninké,0.0001792114695340511
mi-homme,0.0001792114695340511
school,0.0001792114695340511
maquer,0.0001792114695340511
deviendrai,0.0001792114695340511
marqué,0.0001792114695340511
incline-toi,0.0001792114695340511
back,0.0001792114695340511
landeau,0.0001792114695340511
pêcher,0.0001792114695340511
communiquer,0.0001792114695340511
uniforme,0.0001792114695340511
autorité,0.0001792114695340511
primaire,0.0001792114695340511
pisse,0.0001792114695340511
dièses,0.0001792114695340511
mi-hyène,0.0001792114695340511
inspiré,0.0001792114695340511
parti,0.0001792114695340511
hammer,0.0001792114695340511
viendras,0.0001792114695340511
chanter,0.0001792114695340511
instant,0.0001792114695340511
dira,0.0001792114695340511
relation,0.0001792114695340511
croque-mitaine,0.0001792114695340511
maybach,0.0001792114695340511
bancs,0.0001792114695340511
chasser,0.0001792114695340511
conso,0.0001792114695340511
flash,0.0001792114695340511
luther,0.0001792114695340511
reviens,0.0001792114695340511
testicule,0.0001792114695340511
sonorité,0.0001792114695340511
enfer,0.0001792114695340511
grizzli,0.0001792114695340511
tolère,0.0001792114695340511
lionceau,0.0001792114695340511
rictus,0.0001792114695340511
faibles,0.0001792114695340511
sages,0.0001792114695340511
élève,0.0001792114695340511
prêt,0.0001792114695340511
canal,0.0001792114695340511
mitrailleurs,0.0001792114695340511
viennent,0.0001792114695340511
interdit,0.0001792114695340511
uzis,0.0001792114695340511
aimerai,0.0001792114695340511
focus,0.0001792114695340511
césar,0.0001792114695340511
public,0.0001792114695340511
self-education,0.0001792114695340511
söze,0.00015693659761456451
nanterre,0.00015693659761456451
mater,0.00015693659761456451
vices,0.00015693659761456451
imbécile,0.00015693659761456451
pensera,0.00015693659761456451
impressionner,0.00015693659761456451
experts,0.00015693659761456451
statut,0.00015693659761456451
sérieux,0.00015693659761456451
utilisera,0.00015693659761456451
25,0.00015693659761456451
pleuvait,0.00015693659761456451
caillera,0.00015693659761456451
chose,0.00015693659761456451
comptais,0.00015693659761456451
quel,0.00015693659761456451
univers,0.00015693659761456451
réussit,0.00015693659761456451
mystérieux,0.00015693659761456451
revoit,0.00015693659761456451
rejoindre,0.00015693659761456451
keyser,0.00015693659761456451
bluff,0.00015693659761456451
devait,0.00015693659761456451
dior,0.00015693659761456451
tatouages,0.00015693659761456451
putains,0.00015693659761456451
vuiton,0.00015693659761456451
secours,0.00015693659761456451
copines,0.00015693659761456451
peuve,0.00015693659761456451
intéresse,0.00015693659761456451
louis,0.00015693659761456451
plongerais,0.00015693659761456451
quitte,0.00015693659761456451
façon,0.00015693659761456451
puis,0.00015693659761456451
coffre-fort,0.00015693659761456451
comprends,0.00015693659761456451
kint,0.00015693659761456451
verbal,0.00015693659761456451
crevait,0.00015693659761456451
défourailler,0.00015693659761456451
ci,0.00015693659761456451
dsk,0.00015693659761456451
grillé,0.00015693659761456451
emploi,0.00015693659761456451
revue,0.00015693659761456451
retourner,0.00015693659761456451
code,0.00015693659761456451
réanimerais,0.00015693659761456451
textile,0.00015693659761456451
tailleur,0.00015693659761456451
délaissera,0.00015693659761456451
rêvait,0.00015693659761456451
mytho,0.00015693659761456451
pin,0.00015693659761456451
gars,0.00015693659761456451
sauverais,0.00015693659761456451
bande,0.000155617802676627
serais-tu,0.000155617802676627
agresse,0.000155617802676627
polaire,0.000155617802676627
tenus,0.000155617802676627
move,0.000155617802676627
cailloux,0.000155617802676627
caresse,0.000155617802676627
débile,0.000155617802676627
beurre,0.000155617802676627
brazza,0.000155617802676627
jettes,0.000155617802676627
for,0.000155617802676627
commande,0.000155617802676627
abdominaux,0.000155617802676627
enlève,0.000155617802676627
sillon,0.000155617802676627
fans,0.000155617802676627
habillé,0.000155617802676627
imitent,0.000155617802676627
ramène,0.000155617802676627
résille,0.000155617802676627
ouvre,0.000155617802676627
réglementation,0.000155617802676627
transporter,0.000155617802676627
omar,0.000155617802676627
éclater,0.000155617802676627
claires,0.000155617802676627
ours,0.000155617802676627
shevchenko,0.000155617802676627
lessive,0.000155617802676627
jusque,0.000155617802676627
pez,0.000155617802676627
gun,0.000155617802676627
enculer,0.000155617802676627
chambres,0.000155617802676627
russie,0.000155617802676627
pe-ra,0.000155617802676627
business,0.000155617802676627
subi,0.000155617802676627
missiles,0.000155617802676627
trans,0.000155617802676627
arctique,0.000155617802676627
rétro,0.000155617802676627
sévère,0.000155617802676627
arrivé,0.000155617802676627
beurette,0.000155617802676627
charismatique,0.000155617802676627
sefil,0.000155617802676627
fusent,0.000155617802676627
gaza,0.000155617802676627
cherchez,0.000155617802676627
plaza,0.000155617802676627
arrêtez,0.000155617802676627
pratique,0.000155617802676627
shtars,0.000155617802676627
prince,0.000155617802676627
affiche,0.000155617802676627
hôtels,0.000155617802676627
mi-gorille,0.000155617802676627
océan,0.000155617802676627
terroir,0.000155617802676627
imagines,0.000155617802676627
boulbico,0.000155617802676627
machine,0.000155617802676627
mi-lion,0.000155617802676627
cocktails,0.000155617802676627
rejoins,0.000155617802676627
sully,0.000155617802676627
disparus,0.000155617802676627
hôtel,0.000155617802676627
oklahoma,0.000155617802676627
villes,0.000155617802676627
dribble,0.000155617802676627
mazalaza,0.000155617802676627
sorti,0.000155617802676627
gestes,0.000155617802676627
celui,0.000155617802676627
pensée,0.000155617802676627
chier,0.000155617802676627
goûté,0.000155617802676627
poupée,0.000155617802676627
hésite,0.000155617802676627
idées,0.000155617802676627
travaux,0.000155617802676627
mignon,0.000155617802676627
connu,0.000155617802676627
seras,0.000155617802676627
méfie,0.000155617802676627
rebeu,0.000155617802676627
chiens,0.000155617802676627
front,0.000155617802676627
augmentation,0.000155617802676627
mollah,0.000155617802676627
surveillent,0.000155617802676627
ras,0.000155617802676627
la-la-la,0.00013386880856760446
près,0.00013386880856760446
la-la,0.00013386880856760446
4,0.00013386880856760446
klick,0.00013386880856760446
dirty,0.00013386880856760446
poulets,0.00013386880856760446
mètres,0.00013386880856760446
ok,0.00013386880856760446
micro,0.00013386880856760446
sinon,0.00013386880856760446
victimes,0.00013386880856760446
compare,0.00013386880856760446
pokora,0.00013386880856760446
braisés,0.00013386880856760446
estime,0.00013386880856760446
era,0.00013386880856760446
mourir,0.00013386880856760446
odb,0.00013386880856760446
amende,0.00013386880856760446
tube,0.00013386880856760446
m16,0.00013386880856760446
photo,0.00013386880856760446
imprévisible,0.00013386880856760446
opé,0.00013386880856760446
liasses,0.00013386880856760446
croyais,0.00013386880856760446
verras,0.00013386880856760446
armen,0.00013386880856760446
milieu,0.00013386880856760446
amel,0.00013386880856760446
zizou,0.00013386880856760446
peine,0.00013386880856760446
pris,0.00013386880856760446
p,0.00013386880856760446
sheitan,0.00013386880856760446
brahh,0.00013386880856760446
genre,0.00013386880856760446
chaine,0.00013386880856760446
lavande,0.00013386880856760446
ex,0.00013386880856760446
tissage,0.00013386880856760446
page,0.00013386880856760446
débit,0.00013386880856760446
rime,0.00013386880856760446
aveuglé,0.00013386880856760446
pétasse,0.00013386880856760446
lingots,0.00013386880856760446
bédav,0.00013386880856760446
études,0.00013386880856760446
difficile,0.00013386880856760446
presque,0.00013386880856760446
fifteen,0.00013386880856760446
moto,0.00013386880856760446
tiennes,0.00013386880856760446
piav,0.00013386880856760446
vendre,0.00013386880856760446
muscu',0.00013386880856760446
amen,0.00013386880856760446
vers,0.00013386880856760446
ca,0.00013386880856760446
serre,0.00013386880856760446
chimique,0.00013386880856760446
blings,0.00013386880856760446
2pac,0.00013386880856760446
pectoraux,0.00013386880856760446
dents,0.00013386880856760446
tirent,0.00013386880856760446
brolic,0.00013386880856760446
gonflés,0.00013386880856760446
différence,0.00013386880856760446
pitbulls,0.00013386880856760446
assassine,0.00013386880856760446
secondes,0.00013386880856760446
métissé,0.00013386880856760446
re-noi,0.00013386880856760446
carte,0.00013386880856760446
disque,0.00013386880856760446
sarko',0.00013386880856760446
tu-tu-tu,0.00013386880856760446
south,0.00013386880856760446
classique,0.00013386880856760446
trucs,0.00013386880856760446
deuspi,0.00013386880856760446
tchatche,0.00013386880856760446
roro,0.00013386880856760446
traitres,0.00013386880856760446
fifty,0.00013386880856760446
diam's,0.00013386880856760446
che-ze-pê-zê,0.00013386880856760446
couches,0.00013386880856760446
bloque,0.00013386880856760446
aimerais,0.00013386880856760446
faudrait,0.00013386880856760446
guez,0.00013386880856760446
phone,0.00013386880856760446
chance,0.00013386880856760446
bling-bling,0.00013386880856760446
déclassé,0.00013386880856760446
sponso',0.00013386880856760446
ar,0.00013386880856760446
cité,0.00013386880856760446
pédérastes,0.00013386880856760446
sinik,0.00013386880856760446
prennent,0.00013386880856760446
new,0.00013386880856760446
béflan,0.00013386880856760446
ocho,0.00013196093956189037
sé-po,0.00013196093956189037
time,0.00013196093956189037
projets,0.00013196093956189037
dio-ra,0.00013196093956189037
cache,0.00013196093956189037
modifier,0.00013196093956189037
dealer,0.00013196093956189037
bar,0.00013196093956189037
hôpital,0.00013196093956189037
psg,0.00013196093956189037
fuient,0.00013196093956189037
ski-nautique,0.00013196093956189037
panamera,0.00013196093956189037
constellation,0.00013196093956189037
rafales,0.00013196093956189037
pointe-noire,0.00013196093956189037
galette,0.00013196093956189037
kaaris,0.00013196093956189037
mitraille,0.00013196093956189037
boit,0.00013196093956189037
foufs,0.00013196093956189037
lendemain,0.00013196093956189037
synopsis,0.00013196093956189037
espace,0.00013196093956189037
épaules,0.00013196093956189037
étoiles,0.00013196093956189037
connasses,0.00013196093956189037
clicli,0.00013196093956189037
',0.00013196093956189037
ouf,0.00013196093956189037
actif,0.00013196093956189037
joint,0.00013196093956189037
bagdad,0.00013196093956189037
ensevelissent,0.00013196093956189037
lisses,0.00013196093956189037
là-,0.00013196093956189037
die,0.00013196093956189037
offishall,0.00013196093956189037
parc,0.00013196093956189037
charisme,0.00013196093956189037
impérialiste,0.00013196093956189037
aéroport,0.00013196093956189037
trouve-moi,0.00013196093956189037
dard,0.00013196093956189037
vitreux,0.00013196093956189037
annan,0.00013196093956189037
princes,0.00013196093956189037
target,0.00013196093956189037
rappelle-toi,0.00013196093956189037
serais,0.00013196093956189037
eau,0.00013196093956189037
cheveux,0.00013196093956189037
kofi,0.00013196093956189037
jedi,0.00013196093956189037
drive-by,0.00013196093956189037
arrives,0.00013196093956189037
culasse,0.00013196093956189037
enfin,0.00013196093956189037
étais,0.00013196093956189037
per-pom,0.00013196093956189037
uic,0.00013196093956189037
intéressent,0.00013196093956189037
shtar,0.00013196093956189037
killer,0.00013196093956189037
yvelines,0.00013196093956189037
tier-quar,0.00013196093956189037
moment,0.00013196093956189037
factice,0.00013196093956189037
nuages,0.00013196093956189037
puissance,0.00013196093956189037
empire,0.00013196093956189037
khalis,0.00013196093956189037
cadavres,0.00013196093956189037
morte,0.00013196093956189037
midi,0.00013196093956189037
matérialiste,0.00013196093956189037
antibiotique,0.00013196093956189037
rappelle,0.00013196093956189037
pied,0.00013196093956189037
2-3,0.00013196093956189037
salope,0.00013196093956189037
buddah,0.00013196093956189037
onu,0.00013196093956189037
click,0.00013196093956189037
titres,0.00013196093956189037
bougera,0.00013196093956189037
882,0.00013196093956189037
lance,0.00013196093956189037
medhi,0.00013196093956189037
faisant,0.00013196093956189037
vitre,0.00013196093956189037
risque,0.00013196093956189037
therapizi,0.00013196093956189037
chnouf,0.00013196093956189037
appelles,0.00013196093956189037
isme,0.00013196093956189037
frisbee,0.00013196093956189037
records,0.00013196093956189037
matin,0.00013196093956189037
gen-ar,0.00013196093956189037
freestyle,0.00013196093956189037
bombarde,0.00013196093956189037
regard,0.00013196093956189037
mix,0.00013196093956189037
mouammar,0.00013196093956189037
crochet,0.00013196093956189037
tracé,0.00013196093956189037
producteurs,0.00013196093956189037
banal,0.00013196093956189037
feumeu,0.00013196093956189037
verres,0.00013196093956189037
voulu,0.00013196093956189037
voudraient,0.00013196093956189037
cristal,0.00013196093956189037
bomb,0.00013196093956189037
building,0.00013196093956189037
égale,0.00013196093956189037
macadam,0.00013196093956189037
jouent,0.00013196093956189037
journalistes,0.00013196093956189037
ferme,0.00013196093956189037
practice,0.00013196093956189037
distribue,0.00013196093956189037
johnny,0.00012889920082495554
taquiner,0.00012889920082495554
odieux,0.00012889920082495554
idée,0.00012889920082495554
marcher,0.00012889920082495554
nabilla,0.00012889920082495554
luth,0.00012889920082495554
fictionner,0.00012889920082495554
sors,0.00012889920082495554
livrer,0.00012889920082495554
macari,0.00012889920082495554
villa,0.00012889920082495554
craindre,0.00012889920082495554
litron,0.00012889920082495554
commissariat,0.00012889920082495554
pistonnée,0.00012889920082495554
me-sper,0.00012889920082495554
franc,0.00012889920082495554
bulletin,0.00012889920082495554
khouya,0.00012889920082495554
cojones,0.00012889920082495554
glock,0.00012889920082495554
fils,0.00012889920082495554
'vec,0.00012889920082495554
alléluhia,0.00012889920082495554
libre,0.00012889920082495554
mayweather,0.00012889920082495554
tte-cha,0.00012889920082495554
vendrais,0.00012889920082495554
mythonné,0.00012889920082495554
wa,0.00012889920082495554
grands-mères,0.00012889920082495554
douilla,0.00012889920082495554
turfu,0.00012889920082495554
film,0.00012889920082495554
milliard,0.00012889920082495554
finances,0.00012889920082495554
carats,0.00012889920082495554
arrière,0.00012889920082495554
monument,0.00012889920082495554
cambrioler,0.00012889920082495554
acteur,0.00012889920082495554
assassiner,0.00012889920082495554
24,0.00012889920082495554
mdma,0.00012889920082495554
maudit,0.00012889920082495554
améliorer,0.00012889920082495554
agenouilla,0.00012889920082495554
chikungunya,0.00012889920082495554
récupère,0.00012889920082495554
skyrock,0.00012889920082495554
madinina,0.00012889920082495554
pensais,0.00012889920082495554
fin,0.00012889920082495554
câlinée,0.00012889920082495554
6,0.00012889920082495554
mourrai,0.00012889920082495554
tribut,0.00012889920082495554
fil,0.00012889920082495554
comportement,0.00012889920082495554
margiela,0.00012889920082495554
piques,0.00012889920082495554
continues,0.00012889920082495554
intimideras,0.00012889920082495554
silences,0.00012889920082495554
éradiquer,0.00012889920082495554
machiné,0.00012889920082495554
tourner,0.00012889920082495554
julius,0.00012889920082495554
avenir,0.00012889920082495554
mailler,0.00012889920082495554
faucheuse,0.00012889920082495554
craignent,0.00012889920082495554
bus,0.00012889920082495554
réaliser,0.00012889920082495554
nostradamus,0.00012889920082495554
sombre,0.00012889920082495554
boca,0.00012889920082495554
juif,0.00012889920082495554
russe,0.00012889920082495554
chemin,0.00012889920082495554
mourra,0.00012889920082495554
talibé,0.00012889920082495554
planté,0.00012889920082495554
couloir,0.00012889920082495554
doit,0.00012889920082495554
tempe,0.00012889920082495554
déraciné,0.00012889920082495554
réserve,0.00012889920082495554
pourrais,0.00012889920082495554
lit,0.00012889920082495554
tapiné,0.00012889920082495554
b'soin,0.00012889920082495554
avalé,0.00012889920082495554
détestent,0.00012889920082495554
cocaïnée,0.00012889920082495554
imaginée,0.00012889920082495554
valet,0.00012889920082495554
conducteur,0.00012889920082495554
tre-fou,0.00012889920082495554
capitonné,0.00012889920082495554
moult,0.00012889920082495554
connard,0.00012889920082495554
roue,0.00012889920082495554
arabica,0.00012889920082495554
cesar,0.00012889920082495554
hallyday,0.00012889920082495554
harira,0.00012889920082495554
yeah,0.00012889920082495554
teresa,0.00012889920082495554
doigt,0.00012889920082495554
gère,0.00012889920082495554
mucho,0.00012889920082495554
truqué,0.00012889920082495554
aucune,0.00012889920082495554
thème,0.00012889920082495554
seule,0.00012889920082495554
jacques,0.00012889920082495554
visionner,0.00012889920082495554
shadowboxing,0.00012889920082495554
rêvé,0.00012889920082495554
e,0.00012889920082495554
pistolet,0.00012889920082495554
ignorer,0.00012889920082495554
pierre,0.00012889920082495554
producteur,0.00012889920082495554
game'zer,0.00012889920082495554
double,0.00012889920082495554
utérus,0.00012889920082495554
soit,0.00012889920082495554
intérieur,0.00012889920082495554
validée,0.00012889920082495554
propulseur,0.00012889920082495554
montré,0.00012889920082495554
r,0.00012889920082495554
succès,0.00012889920082495554
noël,0.00012889920082495554
luge,0.00012889920082495554
cuba,0.00012889920082495554
continue,0.00012428535918468869
crise,0.00012428535918468869
casse-croûtes,0.00012428535918468869
apparts,0.00012428535918468869
obi,0.00012428535918468869
clinton,0.00012428535918468869
nourriture,0.00012428535918468869
gens,0.00012428535918468869
générique,0.00012428535918468869
recherche,0.00012428535918468869
and,0.00012428535918468869
wan,0.00012428535918468869
mahboul,0.00012428535918468869
srab,0.00012428535918468869
reconnais,0.00012428535918468869
retrouve,0.00012428535918468869
doom,0.00012428535918468869
cobra,0.00012428535918468869
cru,0.00012428535918468869
couler,0.00012428535918468869
minuit,0.00012428535918468869
56,0.00012428535918468869
méchant,0.00012428535918468869
chrome,0.00012428535918468869
alerte,0.00012428535918468869
taule,0.00012428535918468869
fermé,0.00012428535918468869
zup,0.00012428535918468869
prend,0.00012428535918468869
pourrait,0.00012428535918468869
ringtones,0.00012428535918468869
taper,0.00012428535918468869
fioritures,0.00012428535918468869
babylon,0.00012428535918468869
cauchemars,0.00012428535918468869
tournais,0.00012428535918468869
sodom',0.00012428535918468869
wesson,0.00012428535918468869
clamart,0.00012428535918468869
ne-scè,0.00012428535918468869
esquive,0.00012428535918468869
conclue,0.00012428535918468869
gorilla,0.00012428535918468869
rajoute,0.00012428535918468869
laisse-les,0.00012428535918468869
hobby,0.00012428535918468869
classes,0.00012428535918468869
haut-gradé,0.00012428535918468869
grillée,0.00012428535918468869
vizie,0.00012428535918468869
allumer,0.00012428535918468869
textos,0.00012428535918468869
douilles,0.00012428535918468869
elton,0.00012428535918468869
boom,0.00012428535918468869
expatrié,0.00012428535918468869
kalash,0.00012428535918468869
bill,0.00012428535918468869
vi-ser,0.00012428535918468869
clique,0.00012428535918468869
reeves,0.00012428535918468869
grimpe,0.00012428535918468869
paye,0.00012428535918468869
saxo,0.00012428535918468869
malades,0.00012428535918468869
hess',0.00012428535918468869
site,0.00012428535918468869
connaît,0.00012428535918468869
pourrit,0.00012428535918468869
concurrence,0.00012428535918468869
balayette,0.00012428535918468869
cubain,0.00012428535918468869
casier,0.00012428535918468869
asloum,0.00012428535918468869
train,0.00012428535918468869
beans,0.00012428535918468869
valise,0.00012428535918468869
jusqu'ici,0.00012428535918468869
aboie,0.00012428535918468869
terreur,0.00012428535918468869
rappelles-toi,0.00012428535918468869
culotte,0.00012428535918468869
chargeur,0.00012428535918468869
brrah,0.00012428535918468869
nets,0.00012428535918468869
concert,0.00012428535918468869
super,0.00012428535918468869
twitter,0.00012428535918468869
scié,0.00012428535918468869
payes,0.00012428535918468869
aulnay-sous-bois,0.00012428535918468869
sterling,0.00012428535918468869
pit,0.00012428535918468869
constatent,0.00012428535918468869
killa,0.00012428535918468869
bolosses,0.00012428535918468869
homme,0.00012428535918468869
analyses,0.00012428535918468869
cavu,0.00012428535918468869
bim,0.00012428535918468869
matrice,0.00012428535918468869
ap,0.00012428535918468869
mili,0.00012428535918468869
polo,0.00012428535918468869
aston,0.00012428535918468869
canette,0.00012428535918468869
wu-tang,0.00012428535918468869
radio,0.00012428535918468869
mat',0.00012428535918468869
boxeur,0.00012428535918468869
vidé,0.00012428535918468869
rouges,0.00012428535918468869
chauffeur,0.00012428535918468869
viscérale,0.00012428535918468869
dispos,0.00012428535918468869
restos,0.00012428535918468869
pistonne,0.00012428535918468869
boozer,0.00012428535918468869
tranquille,0.00012428535918468869
vise,0.00012428535918468869
pillé,0.00012428535918468869
style,0.00012428535918468869
impact,0.00012428535918468869
a4,0.00012428535918468869
mini-jupe,0.00012428535918468869
crier,0.00012428535918468869
shoota,0.00012428535918468869
bif,0.00012428535918468869
burlington,0.00012428535918468869
esclaves,0.00012428535918468869
feux,0.00012428535918468869
feat,0.00012428535918468869
biz,0.00012428535918468869
livre,0.00012428535918468869
olympique,0.00012428535918468869
sortent,0.00012428535918468869
trafics,0.00012428535918468869
carlos,0.00012428535918468869
hype,0.00012428535918468869
ieps,0.00012428535918468869
vends,0.00012428535918468869
survet',0.00012428535918468869
adapte,0.00012428535918468869
pénurie,0.00012428535918468869
guinée,0.00012428535918468869
militaire,0.00012428535918468869
découpés,0.00012428535918468869
conakry,0.00012428535918468869
démons,0.00012428535918468869
92izère,0.00012428535918468869
observe,0.00012428535918468869
finirais,0.00012428535918468869
heures,0.00012428535918468869
palace,0.00012428535918468869
ü,0.00012428535918468869
euros,0.00012428535918468869
living,0.00012428535918468869
bizz,0.00012428535918468869
zut,0.00012428535918468869
marabout,0.00012428535918468869
écarquillés,0.00012428535918468869
intelligents,0.00012428535918468869
maracas,0.00012428535918468869
ble-ta,0.00012428535918468869
cage,0.00012428535918468869
kenobi,0.00012428535918468869
savent,0.00012428535918468869
grace,0.00012428535918468869
stan,0.00012428535918468869
jantes,0.00012428535918468869
te-bé,0.00012428535918468869
défaveur,0.00012428535918468869
fallait,0.00012428535918468869
godes,0.00012428535918468869
godfathers,0.00012428535918468869
infos,0.00012428535918468869
musculation,0.00012428535918468869
sympa,0.00012428535918468869
000,0.00012428535918468869
ble-ca,0.00012428535918468869
inquiètes,0.00012428535918468869
bre-chi,0.00012428535918468869
icizie,0.00012428535918468869
envoie,0.00012428535918468869
janvier,0.00012428535918468869
keanu,0.00012428535918468869
calvitizie,0.00012428535918468869
oz,0.00012428535918468869
barbu,0.00012428535918468869
gremlins,0.00012428535918468869
traque,0.00012428535918468869
rentré,0.00012428535918468869
intersidéral,0.00012428535918468869
us,0.00012428535918468869
beez,0.00012428535918468869
ba-banane,0.00012428535918468869
soucizi,0.00012428535918468869
rosa,0.00012428535918468869
versace,0.00012428535918468869
rapatrier,0.00012428535918468869
brahim,0.00012428535918468869
bam,0.00012428535918468869
hormones,0.00012428535918468869
briller,0.00012428535918468869
devient,0.00012428535918468869
dis-leur,0.00012428535918468869
2093,0.00012428535918468869
nie,0.00012428535918468869
instituteur,0.00012428535918468869
étonne,0.00012428535918468869
washington,0.00012428535918468869
rêve,0.00012428535918468869
bac,0.00012428535918468869
pussy,0.00012428535918468869
tomber,0.00012428535918468869
john,0.00012428535918468869
éparpillé,0.00012428535918468869
chuchote,0.00012428535918468869
hein,0.00012428535918468869
flingue,0.00012428535918468869
euro,0.00012428535918468869
tonne,0.00012428535918468869
entendu,0.00012428535918468869
rice,0.00012428535918468869
grec,0.00012428535918468869
adebisi,0.00012428535918468869
jà,0.00012428535918468869
weston,0.00012428535918468869
parks,0.00012428535918468869
conseils,0.00012428535918468869
sweat,0.00012428535918468869
est-il,0.00012428535918468869
yép,0.00012428535918468869
asb,0.00012428535918468869
dollars,0.00012428535918468869
costard,0.00012428535918468869
soldat,0.00012428535918468869
jackson,0.00012428535918468869
bails,0.00012428535918468869
guichet,0.00012428535918468869
night,0.00012428535918468869
église,0.0001155001155001161
aussitôt,0.0001155001155001161
malgré,0.0001155001155001161
hauteur,0.0001155001155001161
parfums,0.0001155001155001161
féfé,0.0001155001155001161
palmier,0.0001155001155001161
espagnol,0.0001155001155001161
contrôle,0.0001155001155001161
benjamin,0.0001155001155001161
grir-mai,0.0001155001155001161
pleurer,0.0001155001155001161
kilogrammes,0.0001155001155001161
vibromasseur,0.0001155001155001161
voleur,0.0001155001155001161
mokobé,0.0001155001155001161
né,0.0001155001155001161
gue-flin,0.0001155001155001161
blaster,0.0001155001155001161
venu,0.0001155001155001161
besoins,0.0001155001155001161
sodomiser,0.0001155001155001161
piercing,0.0001155001155001161
tueur,0.0001155001155001161
breuch,0.0001155001155001161
tyer,0.0001155001155001161
audemars,0.0001155001155001161
manif,0.0001155001155001161
tazzer,0.0001155001155001161
aka,0.0001155001155001161
dealeur,0.0001155001155001161
deviens,0.0001155001155001161
paie,0.0001155001155001161
fidèle,0.0001155001155001161
stoudemire,0.0001155001155001161
master,0.0001155001155001161
sois,0.0001155001155001161
raquette,0.0001155001155001161
piercings,0.0001155001155001161
oréal,0.0001155001155001161
minos,0.0001155001155001161
infidèle,0.0001155001155001161
faim,0.0001155001155001161
locos,0.0001155001155001161
choppe,0.0001155001155001161
lames,0.0001155001155001161
lleur-mé,0.0001155001155001161
haineux,0.0001155001155001161
maghrebinos,0.0001155001155001161
bagnole,0.0001155001155001161
séché,0.0001155001155001161
brésil,0.0001155001155001161
piguet,0.0001155001155001161
planète,0.0001155001155001161
apprécient,0.0001155001155001161
chat,0.0001155001155001161
riesling,0.0001155001155001161
appelez,0.0001155001155001161
hydro,0.0001155001155001161
crache,0.0001155001155001161
biolay,0.0001155001155001161
greffer,0.0001155001155001161
gent-ar,0.0001155001155001161
weshh,0.0001155001155001161
niños,0.0001155001155001161
clio,0.0001155001155001161
transporte,0.0001155001155001161
delorean,0.0001155001155001161
filmer,0.0001155001155001161
casseur,0.0001155001155001161
péchés,0.0001155001155001161
odeur,0.0001155001155001161
mental,0.0001155001155001161
chicos,0.0001155001155001161
vatos,0.0001155001155001161
amaré,0.0001155001155001161
ünkut,0.0001155001155001161
faites,0.0001155001155001161
miauler,0.0001155001155001161
drames,0.0001155001155001161
sanguinaire,0.0001155001155001161
frimer,0.0001155001155001161
sers,0.0001155001155001161
carbure,0.0001155001155001161
chronique,0.0001155001155001161
préféré,0.0001155001155001161
bonobo,0.0001155001155001161
aiguise,0.0001155001155001161
honneur,0.0001155001155001161
fus,0.0001155001155001161
tignasse,0.0001155001155001161
gouttière,0.0001155001155001161
flyer,0.0001155001155001161
résigne,0.0001155001155001161
paume,0.0001155001155001161
guimauves,0.0001155001155001161
poèmes,0.0001155001155001161
actarus,0.0001155001155001161
clito,0.0001155001155001161
poster,0.0001155001155001161
fessée,0.0001155001155001161
samouraï,0.0001155001155001161
autre,0.0001155001155001161
deal,0.0001155001155001161
gle-rè,0.0001155001155001161
