comme,0.023390981756395
pour,0.012627962820975275
quand,0.007661619964370857
tout,0.006702895238164813
don,0.0064796652857904485
il,0.006420103694994288
dada,0.004920569442802414
devrais,0.0039752650176678546
porter,0.0039752650176678546
turban,0.0039752650176678546
par,0.003717419581041204
cours,0.0035495436767879304
courchevel,0.003447242206235021
même,0.003151375614297212
swish,0.0031474820143884974
ont,0.002937009300415689
être,0.002915705644820288
aux,0.0028880459692155443
mille,0.0028797323212277817
cinq,0.002869361799999298
ski,0.0026189295913092913
cents,0.002609917687211394
parle,0.0025531359371046875
-,0.002340179378045381
tour,0.0022556242311578874
va,0.0022549839301055693
juste,0.0021592925081521754
vous,0.002155083930159903
argent,0.0021247947951422465
macro,0.002117254861106848
reste,0.0019906979925667376
mets,0.0019689341533948514
saint-domingue,0.0019545289369749842
équipe,0.0018988130803962913
nègres,0.0017724635229759507
barre,0.001760052792126187
part,0.001753839375839109
chaque,0.0017408553704222041
encore,0.0017156609821065462
nous,0.0016892681941145505
murcielago,0.0016891891891891938
celles,0.0016887137630171645
veulent,0.0016841541698361254
augmente,0.0016732557028027889
dessus,0.0016616239797354387
parachute,0.001647546985599213
deux,0.001647221803096194
lui,0.0016354601252171574
tarif,0.0016324626865671685
professeur,0.0016191709844559628
écoute-moi,0.0016191709844559628
leur,0.0015950436691655598
chanel,0.0015865267268733163
veut,0.001544042165209078
peu,0.00154250260225315
ferais,0.001537200245952034
suite,0.001537200245952034
près,0.0015241241199327462
p'tits,0.0014867947743292531
guette,0.0014822191088351136
m,0.0014780405405405445
pilote,0.0014780405405405445
vu,0.0014633101391722234
regarde,0.0014627877321377637
iront,0.001370614035087723
musée,0.001370614035087723
kiffaient,0.0013544891640866823
kiffais,0.0013544891640866823
pense,0.0013330113380595112
voit,0.0013326661604020277
change,0.0012994437538147378
main,0.0012834352015656386
hein,0.0012829281816417834
cette,0.0012731661823608617
leurs,0.0012700088184770075
bang,0.0012668918918918954
dois,0.0012389496036945254
rappeurs,0.0012090335319718923
vois,0.0011801852436652733
film,0.0011732456140350908
dis,0.0011641457910644528
laisse,0.0011536838774326278
arrive,0.001147935156723029
autre,0.0011404628846794528
elles,0.0011211558267064665
balle,0.0011185965660540985
hutch,0.001113379105585448
starsky,0.001113379105585448
tuyaux,0.001113379105585448
philly,0.001112411380912288
depuis,0.0010577085510597851
occupent,0.0010491606714628325
donne,0.00104838487871669
bon,0.0010432564325159946
vient,0.0010404032538461434
mettre,0.0010389749584628425
vrais,0.0010234230037684429
pouvais,0.001015101739703341
sud,0.001002390914571581
niveau,0.000998798947618723
vas,0.0009837554232670735
achète,0.0009804291807357388
après,0.0009729878216876509
paire,0.000971621247139791
liasses,0.0009652262363150915
concu',0.0009553288625594109
parce,0.0009415927539404706
gauche,0.0009288689920326549
né,0.0009274340890083454
rectifier,0.0009223201475712203
liasse,0.0009126929763232008
loup,0.0009090260646075095
chevet,0.0008992805755395708
prada,0.0008963445847812613
range,0.0008890017045779358
lave,0.0008881198883620768
connais,0.000887637564298771
cure-dent,0.0008833922261484123
laser,0.0008833922261484123
sabre,0.0008833922261484123
b'soin,0.0008824702129655714
haut,0.0008813727817237299
appelle,0.0008530143893460056
phaal,0.0008455306797707747
'vont,0.0008445945945945969
finir,0.0008445945945945969
hugz,0.0008445945945945969
jacter,0.0008445945945945969
maco,0.0008445945945945969
morceau,0.0008445945945945969
pectoral,0.0008445945945945969
r5,0.0008445945945945969
ragots,0.0008445945945945969
vagos,0.0008445945945945969
wagons,0.0008445945945945969
carte,0.0008271243334784972
voir,0.0008229241493069412
cutter,0.0008223684210526337
louvre,0.0008223684210526337
vivront,0.0008223684210526337
aurais,0.0008198227537822968
rentre,0.0008184984520123848
gérard,0.0008032531194295911
orange,0.0008032531194295911
oui,0.0007988409547521988
cherche,0.0007964957018871102
sport,0.0007907174494795955
usine,0.0007884841608555779
vite,0.0007876074727574405
gucci,0.0007843836235730088
bitch,0.0007810041143265276
besoin,0.000779002740122518
puis,0.0007779651996764642
dents,0.0007748800959232635
place,0.0007725628842410163
époque,0.0007662365220850976
up,0.0007600416518718923
peut,0.0007572340883072529
dates,0.000754197783009309
clio,0.0007529443142833221
chaussettes,0.0007470405174517952
bats,0.000741331168040107
atlas,0.0007399186089530126
gens,0.0007390276027647811
classe,0.0007331920761443488
coffre,0.000732318627455844
squad,0.0007219282254165545
pute,0.0007211505292459663
maintenant,0.0007137989247514544
exemplaire,0.0007108583614714743
oeil,0.0007106166906528726
jeune,0.000705036249015417
fini,0.0007037904999032355
écoute,0.0006988275841618587
chez,0.0006874674615564305
long,0.0006820204684646469
pull,0.0006742930667235475
vm,0.000674238962181568
apprends,0.0006732576338935081
gère,0.0006689906866282796
deux-trois,0.0006684491978609643
scène,0.0006657930162356219
quelqu'un,0.0006651345324567746
écris,0.0006646810881367902
évite,0.0006575526718643875
dès,0.0006566632477923336
meufs,0.00064820417332921
alors,0.0006353201685044242
men,0.0006334459459459477
noix,0.0006295519877532816
brille,0.0006272592973384475
agitent,0.0006250000000000016
appât,0.0006250000000000016
bitchs,0.0006250000000000016
cadre,0.0006250000000000016
calbard,0.0006250000000000016
canines,0.0006250000000000016
ch'val,0.0006250000000000016
chienne,0.0006250000000000016
copperfield,0.0006250000000000016
culs,0.0006250000000000016
david,0.0006250000000000016
dirait,0.0006250000000000016
disparaître,0.0006250000000000016
dresser,0.0006250000000000016
enfile,0.0006250000000000016
esclavagiste,0.0006250000000000016
fouette,0.0006250000000000016
garcimore,0.0006250000000000016
gym,0.0006250000000000016
harry,0.0006250000000000016
jacteurs,0.0006250000000000016
jus,0.0006250000000000016
longues,0.0006250000000000016
magie,0.0006250000000000016
maillot,0.0006250000000000016
majax,0.0006250000000000016
mirouf,0.0006250000000000016
molle,0.0006250000000000016
mordent,0.0006250000000000016
mécanique,0.0006250000000000016
ouverts,0.0006250000000000016
par-dessus,0.0006250000000000016
parie,0.0006250000000000016
potter,0.0006250000000000016
pétards,0.0006250000000000016
pêche,0.0006250000000000016
quasi,0.0006250000000000016
reçu,0.0006250000000000016
sup',0.0006250000000000016
sylvain,0.0006250000000000016
teub,0.0006250000000000016
vagues,0.0006250000000000016
sapes,0.0006229888128905946
clarks,0.0006217838765008554
france,0.0006166605463019087
ramenez,0.0006106248727864827
plein,0.0006092730819742992
1,0.0006077413264101937
prendre,0.0006045360207786403
sisi,0.0006007327170239392
fourre,0.0005979570039087372
lèvres,0.0005979570039087372
p'tit,0.0005949642694208926
dernière,0.0005855294259240289
but,0.0005854752696639159
goût,0.0005824423946261878
tas,0.00057929059918934
voiture,0.0005682704719215876
dangereux,0.0005663556512400939
présent,0.0005570431521150738
lucide,0.0005552752056316967
bras,0.0005529250009010879
perds,0.0005514536359097247
achètes,0.0005482456140350891
beurre,0.0005482456140350891
caractère,0.0005482456140350891
faudrait,0.0005482456140350891
hab',0.0005482456140350891
loues,0.0005482456140350891
loupe,0.0005482456140350891
louve,0.0005482456140350891
ouvres,0.0005482456140350891
prête,0.0005482456140350891
weeknd,0.0005482456140350891
élevé,0.0005482456140350891
ford,0.0005453732475791314
touristes,0.0005453732475791314
rais,0.0005441761294710084
première,0.0005439133072939331
vont,0.0005435582248831802
2,0.0005417956656346729
flamme,0.0005417956656346729
griot,0.0005417956656346729
jo,0.0005417956656346729
olympique,0.0005417956656346729
renault,0.0005417956656346729
maserati,0.0005349828455398418
sois,0.0005349828455398418
tard,0.0005347320095269205
très,0.0005284408016217603
aucune,0.0005231100361683717
boutique,0.0005217439962099074
dire,0.0005183947740034673
jet,0.0005180948351413996
piges,0.0005173326489035757
mauvais,0.0005156466544918056
quelques,0.000514663672662056
demande,0.0005140994194256329
car,0.0005130732490165107
sterling,0.0005128240630044017
gaspiller,0.0005115537316202432
dû,0.0005100824867687655
perdre,0.0005091056151424398
gows,0.0005073317622414258
royal,0.0005073317622414258
toutes,0.0005041067880412176
calment,0.0005027652086475598
capte,0.0005027652086475598
cascade,0.0005027652086475598
liquide,0.0005027652086475598
passera,0.0005027652086475598
scalp,0.0005027652086475598
scalpel,0.0005027652086475598
scan,0.0005027652086475598
sentent,0.0005027652086475598
sky',0.0005027652086475598
4,0.0005014255521354896
braque,0.0005004099904645733
croient,0.0004967961914513964
vers,0.0004954181811766954
dimanche,0.0004949708635546477
larges,0.0004919998219282999
art,0.0004919027957705106
garde,0.0004897922854337444
nom,0.0004861565502787334
lèvent,0.0004852714556661938
noire,0.0004852714556661938
go,0.0004844305198643511
beaucoup,0.00048410469485374395
sors,0.0004838106216062977
bas,0.0004795192550944369
seule,0.0004795192550944369
soleil,0.00047371429281445435
soit,0.00047194380431764656
trente,0.0004691288530551474
comment,0.0004691102584421108
soigne,0.00046869440767432374
attaquer,0.00046641791044776243
auto-suffisance,0.00046641791044776243
entraide,0.00046641791044776243
entre,0.00046641791044776243
louche,0.00046641791044776243
poucaves,0.00046641791044776243
prône,0.00046641791044776243
traître,0.00046641791044776243
sexe,0.00046639802525789335
acheter,0.0004641441748808952
featuring,0.00046390796066060326
frappe,0.00046012143469258924
forme,0.0004593942252687918
proche,0.0004575240364633846
fort,0.00045553249460682005
tubes,0.00045405701176098423
courche-che,0.0004496402877697854
skier,0.0004496402877697854
bethléem,0.00044231881426814247
cochi,0.00044169611307420613
côcôta,0.00044169611307420613
hypnotise,0.00044169611307420613
moyens,0.00044169611307420613
stud,0.00044169611307420613
dernier,0.0004392233821769971
prend,0.00043894446443364175
affaires,0.0004367046153272844
histoire,0.00043603787389199925
toute,0.00043593229945583967
fours,0.0004339718542401423
fin,0.00043285005992518594
merco,0.00043199670518575227
crie,0.00043097382493667374
moche,0.00043097382493667374
comprends,0.0004298972520702285
jusqu'au,0.0004295391623922178
feinte,0.0004267144250496087
fendi,0.0004267144250496087
finissent,0.0004267144250496087
rappe,0.00042454713810723973
quotidien,0.0004230818941144164
tapent,0.0004230818941144164
neige,0.00042119513345119554
codes,0.0004205834228973842
jogging,0.0004205834228973842
heure,0.0004191680341784961
ouvrir,0.00041849899636854014
travers,0.00041849899636854014
vêtements,0.00041849899636854014
canalise,0.0004180188003717421
doflamingo,0.0004180188003717421
occupation,0.0004180188003717421
mettent,0.0004166157890233132
ken,0.00041632402301031916
ancienne,0.000411052463874413
match,0.0004081085943292506
porsche,0.0004076283983324526
sommet,0.0004076283983324526
savoir,0.0004070832485243218
donner,0.00040377311843709917
aides,0.00040153100397760406
bentley,0.0004015257980325222
conduire,0.0004015257980325222
nouvelle,0.0004012335776961459
tant,0.0004012335776961459
corse,0.00040106951871657815
crypté,0.0004010695187165761
langage,0.0004010695187165761
trafic,0.0004010695187165761
keufs,0.0004006644084015096
bat',0.00040017025970600284
perché,0.00040017025970600284
sons,0.00040017025970600284
mars,0.00039910117596669246
dièse,0.00039780974913648527
lumière,0.00039729925509479906
fout,0.0003971938582177877
passé,0.0003928354671420979
dorment,0.0003923452268337925
pétasse,0.00039231520405811813
mis,0.0003917144466284648
livres,0.00039143601117514317
budget,0.0003906791166772886
vicieux,0.0003906791166772886
lycée,0.0003869969040247664
bus,0.00038485445561708937
confonds,0.0003844153236845474
refait,0.000383089051147143
premier,0.00038264028145749735
été,0.00038252183478011437
seins,0.0003801489059841381
livre,0.00037890608377423655
avocat,0.00037589361914862503
collège,0.0003745220754566328
thugs,0.00037087203302373615
hanches,0.0003699593044765063
jette,0.0003669043991496652
meurent,0.0003666126331366711
soir,0.00036462721312681293
pendant,0.0003640843996219399
six,0.00036277869717740675
benz,0.000361028744571911
jà,0.000361028744571911
fasse,0.00036088009817034127
gun,0.00035839720445560256
met,0.00035825801781532015
apporte,0.0003565062388591788
faites,0.00035649153069706075
esclavage,0.0003555880039307421
cherchant,0.00035542918073573713
exemplaires,0.00035542918073573713
léchant,0.00035542918073573713
noises,0.00035542918073573713
stupéfiant,0.00035542918073573713
ni,0.0003534217201854227
ensuite,0.0003528541802237609
chaud,0.00035008621403705625
tourne,0.00034953122825042766
crache,0.00034843816209612164
aiment,0.0003481318303299715
dix,0.0003475875016955901
fille,0.00034337600592221427
compton,0.00034299434059337897
jusqu'à,0.00034280831301403467
avant,0.000342806801558758
tom,0.0003410399568862942
ivoire,0.00034096772680364056
bite,0.00034006846779306525
dealers,0.00034006846779306525
liqueurs,0.00034006846779306525
pris,0.00034006846779306525
rimes,0.00033994763223502226
seront,0.00033994763223502226
bulle,0.00033698444206668905
dis-moi,0.0003356889716206835
miff,0.0003356889716206835
gagner,0.0003352610464420694
palais,0.00033514306574344133
script,0.00033514306574344133
jeunes,0.00033509131608897713
réponds,0.0003349797673549617
adversaires,0.00033422459893048213
aller,0.00033422459893048213
apprécie,0.00033422459893048213
atteint,0.00033422459893048213
australiens,0.00033422459893048213
autres,0.00033422459893048213
bancs,0.00033422459893048213
bangs,0.00033422459893048213
bellek,0.00033422459893048213
bingo,0.00033422459893048213
boulevards,0.00033422459893048213
britishs,0.00033422459893048213
bronze,0.00033422459893048213
calibrés,0.00033422459893048213
canard,0.00033422459893048213
canaries,0.00033422459893048213
chers,0.00033422459893048213
dior,0.00033422459893048213
décollent,0.00033422459893048213
décoller,0.00033422459893048213
départ,0.00033422459893048213
escabeau,0.00033422459893048213
escargots,0.00033422459893048213
flingo,0.00033422459893048213
fourrures,0.00033422459893048213
gamos,0.00033422459893048213
gosses,0.00033422459893048213
halls,0.00033422459893048213
haussmanniens,0.00033422459893048213
hermaphrodites,0.00033422459893048213
hypers,0.00033422459893048213
idiotes,0.00033422459893048213
investir,0.00033422459893048213
jobs,0.00033422459893048213
kho,0.00033422459893048213
lingo,0.00033422459893048213
livrer,0.00033422459893048213
loc',0.00033422459893048213
loeb,0.00033422459893048213
master,0.00033422459893048213
migrants,0.00033422459893048213
ministre,0.00033422459893048213
mondeo,0.00033422459893048213
naze,0.00033422459893048213
p,0.00033422459893048213
passion,0.00033422459893048213
poutine,0.00033422459893048213
psychanalyse,0.00033422459893048213
rc,0.00033422459893048213
renaissance,0.00033422459893048213
respecter,0.00033422459893048213
rivière,0.00033422459893048213
sebastien,0.00033422459893048213
sien,0.00033422459893048213
sinistre,0.00033422459893048213
steve,0.00033422459893048213
séjours,0.00033422459893048213
taper,0.00033422459893048213
échelle,0.00033422459893048213
écoles,0.00033422459893048213
écosse,0.00033422459893048213
élégant,0.00033422459893048213
îles,0.00033422459893048213
cave,0.0003342245989304801
papiers,0.0003342245989304801
non,0.0003296661990513774
khey,0.0003281332153528512
shiznit,0.0003281332153528512
streams,0.0003281332153528512
su,0.00032599054735600185
manger,0.0003256987813430078
tire,0.0003250219633038309
199l,0.0003238341968911926
aimables,0.0003238341968911926
arriver,0.0003238341968911926
baleine,0.0003238341968911926
building,0.0003238341968911926
cess',0.0003238341968911926
crachent,0.0003238341968911926
célèbre,0.0003238341968911926
destination,0.0003238341968911926
disparition,0.0003238341968911926
déchiffre,0.0003238341968911926
déplaisants,0.0003238341968911926
ecstasy,0.0003238341968911926
endroits,0.0003238341968911926
estimation,0.0003238341968911926
fermier,0.0003238341968911926
fraude,0.0003238341968911926
gagnent,0.0003238341968911926
gentils,0.0003238341968911926
gifles,0.0003238341968911926
grange,0.0003238341968911926
ldj,0.0003238341968911926
mande,0.0003238341968911926
mannequins,0.0003238341968911926
masques,0.0003238341968911926
méchants,0.0003238341968911926
new,0.0003238341968911926
organisés,0.0003238341968911926
orque,0.0003238341968911926
pattes,0.0003238341968911926
perdent,0.0003238341968911926
plumes,0.0003238341968911926
pratique,0.0003238341968911926
pur,0.0003238341968911926
quatre,0.0003238341968911926
ramené,0.0003238341968911926
rechange,0.0003238341968911926
rends,0.0003238341968911926
sac,0.0003238341968911926
set,0.0003238341968911926
shanghaï,0.0003238341968911926
soirées,0.0003238341968911926
soulever,0.0003238341968911926
transports,0.0003238341968911926
trophée,0.0003238341968911926
verrez,0.0003238341968911926
vingt-sept,0.0003238341968911926
voie,0.0003238341968911926
vouloir,0.0003238341968911926
york,0.0003238341968911926
étouffe,0.0003238341968911926
mer,0.00032332807293390534
naître,0.0003208169477962902
vide,0.0003202430407999815
neuf,0.00031895754037222594
miens,0.0003174833526619392
stressante,0.0003174833526619392
visa,0.0003174833526619392
langue,0.0003149158232531649
slip,0.0003149158232531649
vingt,0.0003142332670196436
casio,0.00031333788265622964
biz',0.00031206116398814054
expansif,0.00031206116398814054
extensible,0.00031206116398814054
fil,0.00031206116398814054
franc,0.00031206116398814054
suisse,0.00031206116398814054
yen,0.00031206116398814054
sept,0.0003114452537960587
heures,0.000311413640459792
ans,0.00031122424622091635
og,0.00030970535172103735
fans,0.0003084086059594444
bandana,0.00030789787465484086
gérer,0.00030789787465484086
saine,0.00030789787465484086
accumulent,0.0003074400491904068
adulte,0.0003074400491904068
bougies,0.0003074400491904068
fugees,0.0003074400491904068
premières,0.0003074400491904068
écoutais,0.0003074400491904068
o-dog,0.0003074364801990995
deviennent,0.00030739226654434733
connaissais,0.0003065966416854478
agen,0.00030531243639324133
bouteilles,0.00030531243639324133
compets,0.00030531243639324133
compresses,0.00030531243639324133
courses,0.00030531243639324133
décompresse,0.00030531243639324133
découpe,0.00030531243639324133
pansements,0.00030531243639324133
pruneaux,0.00030531243639324133
quads,0.00030531243639324133
reflet,0.00030531243639324133
savoir-faire,0.00030531243639324133
lieu,0.0003051224539751611
rate,0.00030464225797836305
importe,0.0003039302407807699
sceptre,0.0003008907927772014
secret,0.00030005387500997723
veste,0.00030005387500997723
championne,0.0002997601918465236
horizons,0.0002997601918465236
montagne,0.0002997601918465236
plaisir,0.0002997601918465236
skeuds,0.0002997601918465236
sûr,0.0002997601918465236
bord,0.0002988633475341382
taire,0.00029875971338246243
donnez,0.0002980387716806545
daron,0.0002954230460867072
graille,0.00029412439651431107
double,0.00029065624936897006
royaume,0.0002867937173126238
tombent,0.00028503729645431913
êtes,0.00028316293827800867
chaussures,0.00028186831526299985
froid,0.00028186831526299985
parlent,0.0002817714174743033
xiv,0.00028176887546087253
babylone,0.0002800239315606698
celle,0.0002800239315606698
kiffer,0.0002800239315606698
eu-f,0.000278344776396362
keuch,0.000278344776396362
keus,0.000278344776396362
partis,0.000278344776396362
année,0.00027799356843474527
cause,0.00027799356843474527
ficelles,0.000275002345435781
voyages,0.000275002345435781
adducteurs,0.00027412280701754455
angelina,0.00027412280701754455
assoient,0.00027412280701754455
battent,0.00027412280701754455
bienvenue,0.00027412280701754455
blunt,0.00027412280701754455
brad,0.00027412280701754455
butés,0.00027412280701754455
chanter,0.00027412280701754455
chaîne,0.00027412280701754455
cheum,0.00027412280701754455
chiennes,0.00027412280701754455
chèvre,0.00027412280701754455
combats,0.00027412280701754455
crémière,0.00027412280701754455
davidson,0.00027412280701754455
drug,0.00027412280701754455
fausses,0.00027412280701754455
fonce-dés,0.00027412280701754455
fromage,0.00027412280701754455
garce,0.00027412280701754455
garder,0.00027412280701754455
harley,0.00027412280701754455
hébreu,0.00027412280701754455
jolie,0.00027412280701754455
laid,0.00027412280701754455
lambo,0.00027412280701754455
mienne,0.00027412280701754455
miette,0.00027412280701754455
moins,0.00027412280701754455
navigue,0.00027412280701754455
niggers,0.00027412280701754455
niquel,0.00027412280701754455
noich,0.00027412280701754455
oligarche,0.00027412280701754455
parlez,0.00027412280701754455
pitbulls,0.00027412280701754455
pitt,0.00027412280701754455
poche,0.00027412280701754455
polygame,0.00027412280701754455
ricaine,0.00027412280701754455
russe,0.00027412280701754455
souple,0.00027412280701754455
traducteur,0.00027412280701754455
trouve,0.00027412280701754455
vive,0.00027412280701754455
vraies,0.00027412280701754455
wallaye,0.00027412280701754455
lo',0.00027400197145950155
vils-ci,0.00027400197145950155
droit,0.000272168907374546
appelle-moi,0.0002710347115617101
aujourd'hui,0.0002710288112729183
retour,0.00027089783281733645
mène,0.0002703196070071965
agresse,0.00026737967914438406
arnaque,0.00026737967914438406
caf,0.00026737967914438406
employé,0.00026737967914438406
septième,0.00026737967914438406
square,0.00026711041461352367
jack,0.0002649428770735617
mains,0.0002641154336116779
bout,0.0002640017045779341
ressort,0.0002640017045779341
âge,0.00026378264310208293
porte,0.00026307633628984287
celui,0.0002625275168676474
tape,0.0002619889878059266
caisse,0.0002617831577421579
canal,0.0002613393734027145
joue,0.00025821011028391214
chiffrer,0.00025724575544503424
menaces,0.00025724575544503424
mot,0.00025724575544503424
olives,0.00025724575544503424
ordre,0.00025724575544503424
parts,0.0002556525002345427
doigts,0.00025518471290083894
meilleur,0.00025515075754766977
sort,0.0002533369880308647
rentrer,0.0002519908703446592
bm,0.00025194166488426954
focus,0.00025194166488426954
prince,0.00025194166488426954
problèmes,0.00025194166488426954
rouler,0.00025194166488426954
venu,0.0002516933708847789
cierges,0.00025165090805434224
rptg,0.00025165090805434224
logos,0.00025092531301377385
bain,0.00024706546829503527
t-shirt,0.0002466293219294534
dépasse,0.0002450980392156854
tomber,0.0002450980392156854
débuts,0.00024419878020511015
messe,0.00024408103490358712
habits,0.0002436602511433893
pang,0.00024294527787483127
rang,0.00024294527787483127
tang,0.00024294527787483127
fly,0.00024156368617334837
shekels,0.0002415559152518814
tieks,0.0002383420900827855
dur,0.00023807624829607547
frais,0.00023417953740568142
mauvaise,0.0002341544933613198
'seille,0.00023404587299110543
canne,0.00023404587299110543
cannes,0.00023404587299110543
descendu,0.00023404587299110543
raye,0.00023404587299110543
représente,0.00023404587299110543
zèbre,0.00023404587299110543
combien,0.00023371750596706543
5,0.00023320895522388122
aboli,0.00023320895522388122
affaire,0.00023320895522388122
averse,0.00023320895522388122
avoue,0.00023320895522388122
belles,0.00023320895522388122
caisses,0.00023320895522388122
cds,0.00023320895522388122
clown,0.00023320895522388122
créer,0.00023320895522388122
cvs,0.00023320895522388122
durable,0.00023320895522388122
début,0.00023320895522388122
déficit,0.00023320895522388122
eu,0.00023320895522388122
fantômes,0.00023320895522388122
galères,0.00023320895522388122
hanteraient,0.00023320895522388122
hess,0.00023320895522388122
merci,0.00023320895522388122
minneapolis,0.00023320895522388122
moches,0.00023320895522388122
mohammed,0.00023320895522388122
médecine,0.00023320895522388122
personnage,0.00023320895522388122
pressant,0.00023320895522388122
présence,0.00023320895522388122
pub,0.00023320895522388122
rab,0.00023320895522388122
scellé,0.00023320895522388122
serrée,0.00023320895522388122
simples,0.00023320895522388122
série,0.00023320895522388122
tess,0.00023320895522388122
thunes,0.00023320895522388122
traverse,0.00023320895522388122
treize,0.00023320895522388122
trésors,0.00023320895522388122
vi,0.00023320895522388122
visages,0.00023320895522388122
visière,0.00023320895522388122
zincs,0.00023320895522388122
salam,0.0002325174290225863
tits-pe,0.0002325174290225863
truc,0.0002325174290225863
texte,0.00023222515369859665
yens,0.00023146612839450244
déboule,0.00022727947672821505
p'tites,0.00022727947672821505
santé,0.00022727947672821505
laisse-moi,0.00022683822580475877
rester,0.0002255721726937374
google,0.00022385379241331065
voyant,0.00022381132958287402
changer,0.0002225471347561263
agios,0.00022084805653710307
ambition,0.00022084805653710307
anneaux,0.00022084805653710307
aperçois,0.00022084805653710307
assises,0.00022084805653710307
astuce,0.00022084805653710307
auch',0.00022084805653710307
audi,0.00022084805653710307
aç,0.00022084805653710307
bilbo,0.00022084805653710307
bords,0.00022084805653710307
borgne,0.00022084805653710307
bénef',0.00022084805653710307
cellule,0.00022084805653710307
cible,0.00022084805653710307
clochards,0.00022084805653710307
coin,0.00022084805653710307
couvert,0.00022084805653710307
dogs,0.00022084805653710307
euphorie,0.00022084805653710307
floride,0.00022084805653710307
gifle,0.00022084805653710307
gle,0.00022084805653710307
guide,0.00022084805653710307
hercule,0.00022084805653710307
hobbit,0.00022084805653710307
horrible,0.00022084805653710307
imagine,0.00022084805653710307
immense,0.00022084805653710307
kobe,0.00022084805653710307
logo,0.00022084805653710307
lundi,0.00022084805653710307
mange,0.00022084805653710307
mercure,0.00022084805653710307
mielleux,0.00022084805653710307
miment,0.00022084805653710307
multicolore,0.00022084805653710307
mur,0.00022084805653710307
nagent,0.00022084805653710307
nautique,0.00022084805653710307
niquer,0.00022084805653710307
néo-nazis,0.00022084805653710307
ogre,0.00022084805653710307
paires,0.00022084805653710307
passionné,0.00022084805653710307
planète,0.00022084805653710307
pleins,0.00022084805653710307
posté,0.00022084805653710307
projète,0.00022084805653710307
pédagogie,0.00022084805653710307
r,0.00022084805653710307
relationnel,0.00022084805653710307
reservoir,0.00022084805653710307
retrouvent,0.00022084805653710307
rollie,0.00022084805653710307
réussis,0.00022084805653710307
sauver,0.00022084805653710307
sol,0.00022084805653710307
solde,0.00022084805653710307
swiish,0.00022084805653710307
tics,0.00022084805653710307
tirs,0.00022084805653710307
tobi,0.00022084805653710307
touche,0.00022084805653710307
toxique,0.00022084805653710307
travs,0.00022084805653710307
uchiwa,0.00022084805653710307
vacances,0.00022084805653710307
voudrais,0.00022084805653710307
fête,0.0002185076066034889
rouge,0.0002185076066034889
ailleurs,0.00021582575669878252
blanc,0.00021582575669878252
mode,0.00021568552299230145
marcher,0.00021229018653230982
acteurs,0.00021114864864864923
actrices,0.00021114864864864923
baron,0.00021114864864864923
bel,0.00021114864864864923
bleu,0.00021114864864864923
blédards,0.00021114864864864923
bonheur,0.00021114864864864923
break,0.00021114864864864923
cana,0.00021114864864864923
canada,0.00021114864864864923
canarde,0.00021114864864864923
changements,0.00021114864864864923
charbonneurs,0.00021114864864864923
clubs,0.00021114864864864923
clé,0.00021114864864864923
comédien,0.00021114864864864923
constate,0.00021114864864864923
crips,0.00021114864864864923
daesh,0.00021114864864864923
dance,0.00021114864864864923
diagana,0.00021114864864864923
différemment,0.00021114864864864923
différencier,0.00021114864864864923
elles-mêmes,0.00021114864864864923
exploré,0.00021114864864864923
factice,0.00021114864864864923
flambe,0.00021114864864864923
foot,0.00021114864864864923
gabbana,0.00021114864864864923
gagné,0.00021114864864864923
glisse,0.00021114864864864923
goose,0.00021114864864864923
gratuitement,0.00021114864864864923
jacteur,0.00021114864864864923
jantes,0.00021114864864864923
jeeps,0.00021114864864864923
lexus,0.00021114864864864923
mac-10,0.00021114864864864923
ml,0.00021114864864864923
moteurs,0.00021114864864864923
médias,0.00021114864864864923
night,0.00021114864864864923
nineties,0.00021114864864864923
nissan,0.00021114864864864923
parfait,0.00021114864864864923
patinoire,0.00021114864864864923
poulet,0.00021114864864864923
puissants,0.00021114864864864923
punta,0.00021114864864864923
quel,0.00021114864864864923
rapides,0.00021114864864864923
refaire,0.00021114864864864923
roule,0.00021114864864864923
sacs,0.00021114864864864923
sales,0.00021114864864864923
skateboard,0.00021114864864864923
souk,0.00021114864864864923
stéphane,0.00021114864864864923
tournent,0.00021114864864864923
tracteur,0.00021114864864864923
troubles,0.00021114864864864923
twingo,0.00021114864864864923
vans,0.00021114864864864923
vote,0.00021114864864864923
will,0.00021114864864864923
étalon,0.00021114864864864923
concurrence,0.00021090035464915857
nouveau,0.00021090035464915857
'tasses,0.00020929070235599476
attends,0.00020498948636397184
meilleures,0.00020496003279360452
milliardaire,0.00020496003279360452
travail,0.00020394098218891836
attrape,0.0002035416242621609
contrex,0.0002035416242621609
bank,0.0002007628990162611
difool,0.0002007628990162611
discrètement,0.0002007628990162611
full,0.0002007628990162611
in,0.0002007628990162611
matin,0.0002007628990162611
paid,0.0002007628990162611
récupère,0.0002007628990162611
kaykay,0.00020007082067732707
tank,0.00020007082067732707
humaine,0.00019426063825020703
lève,0.0001935357663345393
ait,0.0001934984520123832
ancien,0.0001934984520123832
gitane,0.0001934984520123832
cops,0.0001933865211700611
ralph,0.0001914321374629763
attitude,0.0001906731121588821
blancs,0.0001906731121588821
hall,0.0001906731121588821
top,0.0001906731121588821
autour,0.00019053287845240103
bibi,0.00018953081813831223
flex,0.00018923874469206482
triple,0.00018888543723788958
states,0.00018798617822731432
capté,0.0001875193972794252
vieux,0.0001875193972794252
bêtement,0.00018675441383486028
quitté,0.00018675441383486028
traite,0.00018604520956913846
venir,0.00018604520956913846
quartier,0.00018560652119012589
assiette,0.00018556318426424131
colin-maillard,0.00018556318426424131
jouer,0.00018556318426424131
pourra,0.00018556318426424131
maroc,0.00018497965223825315
teh,0.00018497965223825315
zat,0.00018497965223825315
louis,0.00018413805781609434
insomnie,0.00018335684460232108
échec,0.00018335684460232108
tourner,0.00018306077617769034
public,0.00018298130531568205
avait,0.0001810236234442496
douce,0.0001810236234442496
impression,0.0001810236234442496
arrière,0.00018054342744745156
vraie,0.00017982856595855225
gratte,0.00017917019293603375
cent,0.0001785301772804654
allumettes,0.0001782531194295894
annuaire,0.0001782531194295894
annuel,0.0001782531194295894
annulaire,0.0001782531194295894
annulés,0.0001782531194295894
armani,0.0001782531194295894
atomique,0.0001782531194295894
audemars,0.0001782531194295894
avril,0.0001782531194295894
belzebuth,0.0001782531194295894
big,0.0001782531194295894
blaze,0.0001782531194295894
bonheurs,0.0001782531194295894
bénef,0.0001782531194295894
cake,0.0001782531194295894
cerveau,0.0001782531194295894
chiffres,0.0001782531194295894
choristes,0.0001782531194295894
comprenez,0.0001782531194295894
crick,0.0001782531194295894
drogues,0.0001782531194295894
déplace,0.0001782531194295894
enfantins,0.0001782531194295894
entraînements,0.0001782531194295894
esquive,0.0001782531194295894
extravagant,0.0001782531194295894
giorgio,0.0001782531194295894
iguane,0.0001782531194295894
jerricane,0.0001782531194295894
jeté,0.0001782531194295894
joints,0.0001782531194295894
jugnot,0.0001782531194295894
kické,0.0001782531194295894
lunette,0.0001782531194295894
mener,0.0001782531194295894
menez,0.0001782531194295894
morhange,0.0001782531194295894
oubliés,0.0001782531194295894
pantin,0.0001782531194295894
piguet,0.0001782531194295894
platonique,0.0001782531194295894
rover,0.0001782531194295894
score,0.0001782531194295894
superbe,0.0001782531194295894
track,0.0001782531194295894
trap,0.0001782531194295894
trapattoni,0.0001782531194295894
vues,0.0001782531194295894
wann,0.0001782531194295894
menacer,0.00017823841126747133
tapis,0.00017771459036786856
murs,0.0001767642235571846
best,0.00017657579357338062
projets,0.00017657579357338062
facile,0.00017460588033227904
rrain-té,0.00017460588033227904
trouver,0.00017436762460336128
bande,0.00017414860681114487
maines,0.00017414860681114487
certains,0.0001740758585903672
partie,0.0001740758585903672
aura,0.00017358359679723708
libres,0.00017358359679723708
grands,0.00017149717029668948
marteaux,0.00017149717029668948
thor,0.00017149717029668948
pleine,0.00017050511711616173
prennent,0.00017050511711616173
incroyable,0.00017018097293707395
briquet,0.00017002298258640277
essence,0.00017002298258640277
follow,0.00016988920692407987
smokent,0.00016954278658960471
est-c'que,0.00016854879487611602
loser,0.00016854879487611602
rend,0.00016854879487611602
visage,0.00016854879487611602
voulais,0.000168425677172323
1995,0.000168068598879318
entourage,0.000168068598879318
jours,0.000168068598879318
fossoyeur,0.00016758840288251994
hu,0.00016758840288251994
pop,0.00016758840288251994
classique,0.00016625667598888758
scolaire,0.00016586042990929866
bref,0.0001637638761453799
sisisisi,0.00016359414579228762
bicos,0.00016317206494248127
carla,0.00016317206494248127
carnage,0.00016317206494248127
carr'lages,0.00016317206494248127
hélico',0.00016317206494248127
man,0.00016317206494248127
marie-jeanne,0.00016317206494248127
nico,0.00016317206494248127
pipeau,0.00016317206494248127
scars-la,0.00016317206494248127
toubabs,0.00016317206494248127
what,0.00016317206494248127
sait,0.00016314796595329802
trois,0.00016314796595329802
arrête,0.00016279107085697723
niqué,0.00016269488678171234
assez,0.00016228968843509314
blouse,0.0001616737782430113
lyrics,0.0001616737782430113
artistes,0.00016119358224621325
casse,0.00015962651191821667
alpha,0.00015960132346827578
raptor,0.0001587272529076414
faisait,0.00015776948473208836
sucer,0.00015776948473208836
apprendre,0.00015603058199407027
mercredi,0.00015603058199407027
paie-moi,0.00015603058199407027
plaît,0.00015603058199407027
pouvez,0.00015603058199407027
probable,0.0001557022149700303
pendentif,0.00015480295595945504
ronaldo,0.00015479876160990656
contrôle,0.00015351008484502335
pull-up,0.00015351008484502335
chose,0.00015196153688514573
quelque,0.00015196153688514573
armes,0.0001516942459238655
derniers,0.0001516942459238655
grandi,0.0001516942459238655
juge,0.0001516942459238655
pauvres,0.0001516942459238655
russell,0.000150639121227356
montre-moi,0.0001505721742621958
attendre,0.00015022005821357874
chemin,0.00015022005821357874
accompagné,0.0001498800959232618
alien,0.0001498800959232618
allumez,0.0001498800959232618
amuse,0.0001498800959232618
aveugler,0.0001498800959232618
bars,0.0001498800959232618
ben,0.0001498800959232618
beujs',0.0001498800959232618
boites,0.0001498800959232618
bonnes,0.0001498800959232618
cagoule,0.0001498800959232618
chalet,0.0001498800959232618
chasse-neige,0.0001498800959232618
chercher,0.0001498800959232618
chrome,0.0001498800959232618
clinique,0.0001498800959232618
cliques,0.0001498800959232618
compagnie,0.0001498800959232618
costume,0.0001498800959232618
couleur,0.0001498800959232618
cristaux,0.0001498800959232618
désert,0.0001498800959232618
endends,0.0001498800959232618
entends,0.0001498800959232618
escorte,0.0001498800959232618
euh,0.0001498800959232618
exactement,0.0001498800959232618
flemme,0.0001498800959232618
fonte,0.0001498800959232618
grizzli,0.0001498800959232618
grogne,0.0001498800959232618
grr,0.0001498800959232618
guettez,0.0001498800959232618
industry,0.0001498800959232618
italienne,0.0001498800959232618
models,0.0001498800959232618
monstres,0.0001498800959232618
montre,0.0001498800959232618
morte,0.0001498800959232618
nettoyer,0.0001498800959232618
paie,0.0001498800959232618
pallié,0.0001498800959232618
partir,0.0001498800959232618
physique,0.0001498800959232618
pitbull,0.0001498800959232618
pompe,0.0001498800959232618
poussé,0.0001498800959232618
pratiquez,0.0001498800959232618
promenade,0.0001498800959232618
recherché,0.0001498800959232618
remarqué,0.0001498800959232618
renards,0.0001498800959232618
repassé,0.0001498800959232618
repos,0.0001498800959232618
retire,0.0001498800959232618
saiyan,0.0001498800959232618
scoot',0.0001498800959232618
siennes,0.0001498800959232618
siècles,0.0001498800959232618
skuurt,0.0001498800959232618
sneazzy,0.0001498800959232618
sortir,0.0001498800959232618
spots,0.0001498800959232618
suivi,0.0001498800959232618
sée-po,0.0001498800959232618
table,0.0001498800959232618
traversé,0.0001498800959232618
traîne,0.0001498800959232618
télésiège,0.0001498800959232618
use,0.0001498800959232618
visitent,0.0001498800959232618
vvs,0.0001498800959232618
zaïrois,0.0001498800959232618
êtes-vous,0.0001498800959232618
rai,0.00014973986221678072
glock,0.00014753169324676138
spliff,0.00014693995076025688
quitte,0.00014676884387424154
issue,0.0001452946561639548
vendre,0.0001452946561639548
retourner,0.00014481446016715674
boule,0.0001442443005910493
cornes,0.0001442443005910493
glace,0.0001442443005910493
posé,0.0001442443005910493
déjà,0.00014396095177255587
sages,0.00014396095177255587
douche,0.00014334504158047403
riches,0.00014334504158047403
pétales,0.00014327303263242258
merdier,0.0001426062911971374
net,0.00014256382836670076
mc,0.00013904801993799956
branle,0.00013903554972293192
surfe,0.00013841963953085007
timberland,0.00013754224224181192
flash,0.00013593930990241
arrivent,0.0001344651221921233
-tanées,0.00013368983957219203
aveugle,0.00013368983957219203
bénéf',0.00013368983957219203
consonnes,0.00013368983957219203
foyer,0.00013368983957219203
pommade,0.00013368983957219203
r'donner,0.00013368983957219203
tripler,0.00013368983957219203
voyelles,0.00013368983957219203
vue,0.00013368983957219203
prix,0.00013328284235474688
rolex,0.00013328284235474688
globe,0.00013279058056161677
terrestre,0.00013279058056161677
vant,0.00013279058056161677
vente,0.00013279058056161677
clodos,0.00013189132155104146
enjaillé,0.00013189132155104146
rond,0.00013189132155104146
side,0.00013189132155104146
west,0.00013189132155104146
bruit,0.00012965031141955462
dérange,0.00012965031141955462
pratiquent,0.00012965031141955462
charlie,0.00012820601575110041
peignoir,0.00012820601575110041
c,0.00012786517851199282
caca,0.00012786517851199282
là-bas,0.00012759010555901855
nation,0.0001269659195014175
finit,0.00012654160138396507
blanche,0.00012506741367367832
crayon,0.00012506741367367832
descendre,0.00012506741367367832
monte,0.00012506741367367832
plan,0.00012506741367367832
sera,0.00012506741367367832
ventre,0.00012506741367367832
cahier,0.00012458721767688027
carré,0.00012458721767688027
damn,0.00012237904870686093
sobriété,0.00012237904870686093
amortir,0.00012204051745179356
atterris,0.00012204051745179356
augmenter,0.00012204051745179356
auxerre,0.00012204051745179356
basse,0.00012204051745179356
chinese,0.00012204051745179356
chute,0.00012204051745179356
dose,0.00012204051745179356
empile,0.00012204051745179356
entraîne,0.00012204051745179356
guy,0.00012204051745179356
holster,0.00012204051745179356
mini,0.00012204051745179356
mise,0.00012204051745179356
ronds,0.00012204051745179356
roux,0.00012204051745179356
réputation,0.00012204051745179356
travaillé,0.00012204051745179356
échecs,0.00012204051745179356
épaules,0.00012204051745179356
téléporte,0.00011880830723265545
christopher,0.00011819239704057359
doudoune,0.00011819239704057359
pecs,0.00011819239704057359
short,0.00011819239704057359
stud',0.00011819239704057359
wallace,0.00011819239704057359
écharpe,0.00011819239704057359
seine,0.0001170356445401613
allais,0.00011121098347996205
cou,0.00010763793602171634
i,0.00010763793602171634
derrière,0.00010673867701114104
est-ce,0.00010673867701114104
plante,0.00010673867701114104
portes,0.00010673867701114104
tente,0.00010673867701114104
arôme,0.00010248001639680226
attendait,0.00010248001639680226
attendant,0.00010248001639680226
chevaucher,0.00010248001639680226
discours,0.00010248001639680226
euro,0.00010248001639680226
faucher,0.00010248001639680226
faucheuse,0.00010248001639680226
fleurs,0.00010248001639680226
flirte,0.00010248001639680226
fêtes,0.00010248001639680226
gagnais,0.00010248001639680226
haltères,0.00010248001639680226
lourd,0.00010248001639680226
malades,0.00010248001639680226
mecque,0.00010248001639680226
neurone,0.00010248001639680226
occasion,0.00010248001639680226
pardon,0.00010248001639680226
parents,0.00010248001639680226
perdais,0.00010248001639680226
poids,0.00010248001639680226
pose,0.00010248001639680226
profondément,0.00010248001639680226
projetait,0.00010248001639680226
pèlerinage,0.00010248001639680226
péchés,0.00010248001639680226
r'faire,0.00010248001639680226
rappelle,0.00010248001639680226
referais,0.00010248001639680226
rochers,0.00010248001639680226
rome,0.00010248001639680226
tristes,0.00010248001639680226
venise,0.00010248001639680226
vienne,0.00010248001639680226
apprend,0.00010181327496151709
noirs,0.00010181327496151709
risques,0.00010181327496151709
'gent-gent',0.00010177081213108045
armistices,0.00010177081213108045
bip,0.00010177081213108045
boyard,0.00010177081213108045
briefé,0.00010177081213108045
cabine,0.00010177081213108045
cacher,0.00010177081213108045
chasser,0.00010177081213108045
chef,0.00010177081213108045
chèque,0.00010177081213108045
confessionnal,0.00010177081213108045
crois-moi,0.00010177081213108045
crèvent,0.00010177081213108045
disent,0.00010177081213108045
découper,0.00010177081213108045
déter',0.00010177081213108045
eczéma,0.00010177081213108045
erreur,0.00010177081213108045
fais-moi,0.00010177081213108045
flamboyant,0.00010177081213108045
fourvoyer,0.00010177081213108045
gardien,0.00010177081213108045
grêle,0.00010177081213108045
habite,0.00010177081213108045
jay,0.00010177081213108045
mat,0.00010177081213108045
microphone,0.00010177081213108045
migraine,0.00010177081213108045
naturel,0.00010177081213108045
number,0.00010177081213108045
philippe,0.00010177081213108045
philippin,0.00010177081213108045
pleuve,0.00010177081213108045
poser,0.00010177081213108045
privé,0.00010177081213108045
professionnel,0.00010177081213108045
questionnable,0.00010177081213108045
rebelle,0.00010177081213108045
revient,0.00010177081213108045
statut,0.00010177081213108045
trac,0.00010177081213108045
trêves,0.00010177081213108045
tunnel,0.00010177081213108045
vaillant,0.00010177081213108045
veuillez,0.00010177081213108045
voyons,0.00010177081213108045
ajoutent,0.00010038144950813055
bourgeois,0.00010038144950813055
chiffre,0.00010038144950813055
dev'nir,0.00010038144950813055
fan,0.00010038144950813055
gangstas,0.00010038144950813055
mélange,0.00010038144950813055
ogs,0.00010038144950813055
pois,0.00010038144950813055
rageux,0.00010038144950813055
rajout,0.00010038144950813055
rajoute,0.00010038144950813055
réseaux,0.00010038144950813055
super,0.00010038144950813055
yous-vo',0.00010038144950813055
4xl,9.67492260061916e-05
accordés,9.67492260061916e-05
alcatel,9.67492260061916e-05
apprenait,9.67492260061916e-05
bas-côté,9.67492260061916e-05
beuj,9.67492260061916e-05
boots,9.67492260061916e-05
bouffons,9.67492260061916e-05
cain-ri,9.67492260061916e-05
captes,9.67492260061916e-05
connaître,9.67492260061916e-05
coté,9.67492260061916e-05
croisée,9.67492260061916e-05
dedans,9.67492260061916e-05
devant,9.67492260061916e-05
devient,9.67492260061916e-05
eins,9.67492260061916e-05
espère,9.67492260061916e-05
farm,9.67492260061916e-05
gosse,9.67492260061916e-05
gow,9.67492260061916e-05
générale,9.67492260061916e-05
génération,9.67492260061916e-05
ien-ch,9.67492260061916e-05
jure,9.67492260061916e-05
kiffe,9.67492260061916e-05
longtemps,9.67492260061916e-05
madame,9.67492260061916e-05
malgré,9.67492260061916e-05
membre,9.67492260061916e-05
moutons,9.67492260061916e-05
officielle,9.67492260061916e-05
patate,9.67492260061916e-05
phat,9.67492260061916e-05
placer,9.67492260061916e-05
pou,9.67492260061916e-05
pouce,9.67492260061916e-05
poumons,9.67492260061916e-05
pousser,9.67492260061916e-05
puceau,9.67492260061916e-05
quatrième,9.67492260061916e-05
quittée,9.67492260061916e-05
raconte,9.67492260061916e-05
relation,9.67492260061916e-05
remonté,9.67492260061916e-05
rencontre,9.67492260061916e-05
resté,9.67492260061916e-05
retoucherai,9.67492260061916e-05
revenons,9.67492260061916e-05
rocawear,9.67492260061916e-05
répertoire,9.67492260061916e-05
rêvais,9.67492260061916e-05
scolaires,9.67492260061916e-05
seconde,9.67492260061916e-05
sins-cou,9.67492260061916e-05
spatio-temporel,9.67492260061916e-05
strings,9.67492260061916e-05
terminale,9.67492260061916e-05
tort,9.67492260061916e-05
vortex,9.67492260061916e-05
zgeg,9.67492260061916e-05
écoeure,9.67492260061916e-05
écoutent,9.67492260061916e-05
était,9.67492260061916e-05
10-17,9.278159213212066e-05
50,9.278159213212066e-05
abordes,9.278159213212066e-05
ai-f,9.278159213212066e-05
arnold,9.278159213212066e-05
avaler,9.278159213212066e-05
baveux,9.278159213212066e-05
brick,9.278159213212066e-05
bridge,9.278159213212066e-05
brise,9.278159213212066e-05
cache,9.278159213212066e-05
chewing-gum,9.278159213212066e-05
choix,9.278159213212066e-05
collaborations,9.278159213212066e-05
doigt,9.278159213212066e-05
dédoubler,9.278159213212066e-05
effaceur,9.278159213212066e-05
enfoirés,9.278159213212066e-05
faussaires,9.278159213212066e-05
fazers,9.278159213212066e-05
fucking,9.278159213212066e-05
g-unit,9.278159213212066e-05
geste,9.278159213212066e-05
illumine,9.278159213212066e-05
khalis,9.278159213212066e-05
manif,9.278159213212066e-05
meubles,9.278159213212066e-05
mif,9.278159213212066e-05
morceaux,9.278159213212066e-05
morris,9.278159213212066e-05
moteur,9.278159213212066e-05
partager,9.278159213212066e-05
passeurs,9.278159213212066e-05
peinture,9.278159213212066e-05
philip,9.278159213212066e-05
pièce,9.278159213212066e-05
plat,9.278159213212066e-05
pouille-dé,9.278159213212066e-05
rappais,9.278159213212066e-05
rapports,9.278159213212066e-05
raptors,9.278159213212066e-05
renois,9.278159213212066e-05
retrait,9.278159213212066e-05
reviendrai,9.278159213212066e-05
saisons,9.278159213212066e-05
schwarzenégro,9.278159213212066e-05
scred,9.278159213212066e-05
sec,9.278159213212066e-05
serre-leur,9.278159213212066e-05
seulement,9.278159213212066e-05
stamford,9.278159213212066e-05
suspect,9.278159213212066e-05
suspects,9.278159213212066e-05
suspens,9.278159213212066e-05
sérieux,9.278159213212066e-05
te-tê,9.278159213212066e-05
tends-leur,9.278159213212066e-05
terminator,9.278159213212066e-05
trait,9.278159213212066e-05
travailler,9.278159213212066e-05
usual,9.278159213212066e-05
victoire,9.278159213212066e-05
viennent,9.278159213212066e-05
émeute,9.278159213212066e-05
ajaccio,9.248982611912657e-05
amateurs,9.248982611912657e-05
armée,9.248982611912657e-05
berlin,9.248982611912657e-05
bombarder,9.248982611912657e-05
boston,9.248982611912657e-05
brabus,9.248982611912657e-05
breitling,9.248982611912657e-05
brique,9.248982611912657e-05
cactus,9.248982611912657e-05
camp,9.248982611912657e-05
carpaccio,9.248982611912657e-05
casses,9.248982611912657e-05
celtics,9.248982611912657e-05
certaines,9.248982611912657e-05
cesse,9.248982611912657e-05
chelsea,9.248982611912657e-05
concessionnaire,9.248982611912657e-05
déménager,9.248982611912657e-05
flaubert,9.248982611912657e-05
formulaire,9.248982611912657e-05
gardais,9.248982611912657e-05
gillette,9.248982611912657e-05
grasse,9.248982611912657e-05
grecs,9.248982611912657e-05
guerres,9.248982611912657e-05
gustave,9.248982611912657e-05
inventes,9.248982611912657e-05
jeter,9.248982611912657e-05
lacets,9.248982611912657e-05
li,9.248982611912657e-05
lucarne,9.248982611912657e-05
mafieux,9.248982611912657e-05
malaga,9.248982611912657e-05
manchot,9.248982611912657e-05
maxime,9.248982611912657e-05
me-da,9.248982611912657e-05
mie,9.248982611912657e-05
moelleux,9.248982611912657e-05
monstre,9.248982611912657e-05
mord,9.248982611912657e-05
nuques,9.248982611912657e-05
ordonne,9.248982611912657e-05
pain,9.248982611912657e-05
palpe,9.248982611912657e-05
pendrais,9.248982611912657e-05
pneus,9.248982611912657e-05
pochon,9.248982611912657e-05
pro,9.248982611912657e-05
quart,9.248982611912657e-05
rases,9.248982611912657e-05
remplir,9.248982611912657e-05
ribéry,9.248982611912657e-05
riche,9.248982611912657e-05
rois,9.248982611912657e-05
saint-denis,9.248982611912657e-05
schnaps,9.248982611912657e-05
sibérie,9.248982611912657e-05
snitchs,9.248982611912657e-05
tabatha,9.248982611912657e-05
technique,9.248982611912657e-05
tir,9.248982611912657e-05
tordu,9.248982611912657e-05
transformer,9.248982611912657e-05
ufologue,9.248982611912657e-05
ul-c,9.248982611912657e-05
v',9.248982611912657e-05
verre,9.248982611912657e-05
vert,9.248982611912657e-05
vies,9.248982611912657e-05
zin,9.248982611912657e-05
zin',9.248982611912657e-05
édenté,9.248982611912657e-05
adama,8.885729518393428e-05
ak-47,8.885729518393428e-05
aka,8.885729518393428e-05
alzheimer,8.885729518393428e-05
amuseraient,8.885729518393428e-05
bassin,8.885729518393428e-05
boxe,8.885729518393428e-05
cador,8.885729518393428e-05
carabine,8.885729518393428e-05
castor,8.885729518393428e-05
catins,8.885729518393428e-05
chabine,8.885729518393428e-05
chapeau,8.885729518393428e-05
circulerait,8.885729518393428e-05
clando,8.885729518393428e-05
compte,8.885729518393428e-05
connais-tu,8.885729518393428e-05
courts,8.885729518393428e-05
coûtent,8.885729518393428e-05
damas,8.885729518393428e-05
de-mo,8.885729518393428e-05
durs,8.885729518393428e-05
dédie,8.885729518393428e-05
démarche,8.885729518393428e-05
dépenseraient,8.885729518393428e-05
effectivement,8.885729518393428e-05
entièrement,8.885729518393428e-05
homos,8.885729518393428e-05
impossible,8.885729518393428e-05
inch'allah,8.885729518393428e-05
indépendantiste,8.885729518393428e-05
justice,8.885729518393428e-05
label,8.885729518393428e-05
matelas,8.885729518393428e-05
moi-même,8.885729518393428e-05
oublie,8.885729518393428e-05
paki,8.885729518393428e-05
parisien,8.885729518393428e-05
pillave,8.885729518393428e-05
platine,8.885729518393428e-05
plexus,8.885729518393428e-05
posent,8.885729518393428e-05
postés,8.885729518393428e-05
puisque,8.885729518393428e-05
r'garde,8.885729518393428e-05
radio,8.885729518393428e-05
rait,8.885729518393428e-05
recompte,8.885729518393428e-05
renard,8.885729518393428e-05
rouille,8.885729518393428e-05
roulent,8.885729518393428e-05
rousse,8.885729518393428e-05
russie,8.885729518393428e-05
réussisse,8.885729518393428e-05
réveille,8.885729518393428e-05
saint-patrick,8.885729518393428e-05
sens-tu,8.885729518393428e-05
serment,8.885729518393428e-05
sermon,8.885729518393428e-05
sou,8.885729518393428e-05
souffle,8.885729518393428e-05
soupe,8.885729518393428e-05
soute,8.885729518393428e-05
stallone,8.885729518393428e-05
sympathique,8.885729518393428e-05
sévère,8.885729518393428e-05
théo,8.885729518393428e-05
tiers-monde,8.885729518393428e-05
voisin,8.885729518393428e-05
zamels,8.885729518393428e-05
zoom,8.885729518393428e-05
zouk,8.885729518393428e-05
zouz,8.885729518393428e-05
éteins,8.885729518393428e-05
amuser,8.574858514834474e-05
apprenti,8.574858514834474e-05
ar,8.574858514834474e-05
attendent,8.574858514834474e-05
azy',8.574858514834474e-05
boulettes,8.574858514834474e-05
brandir,8.574858514834474e-05
bricole,8.574858514834474e-05
calcul,8.574858514834474e-05
classement,8.574858514834474e-05
connaissent,8.574858514834474e-05
coule,8.574858514834474e-05
croise,8.574858514834474e-05
deal,8.574858514834474e-05
devenir,8.574858514834474e-05
défie,8.574858514834474e-05
dépenser,8.574858514834474e-05
effrite,8.574858514834474e-05
embarquer,8.574858514834474e-05
envoyez,8.574858514834474e-05
ex-champions,8.574858514834474e-05
f',8.574858514834474e-05
façon,8.574858514834474e-05
faîtes,8.574858514834474e-05
file,8.574858514834474e-05
filières,8.574858514834474e-05
frapper,8.574858514834474e-05
frappes,8.574858514834474e-05
fucked,8.574858514834474e-05
fuguent,8.574858514834474e-05
fument,8.574858514834474e-05
gent,8.574858514834474e-05
ieuv',8.574858514834474e-05
indienne,8.574858514834474e-05
inquiètes,8.574858514834474e-05
juillet,8.574858514834474e-05
junkies,8.574858514834474e-05
lassantes,8.574858514834474e-05
marchais,8.574858514834474e-05
matos,8.574858514834474e-05
mentir,8.574858514834474e-05
mois,8.574858514834474e-05
moment,8.574858514834474e-05
octobre,8.574858514834474e-05
oinj',8.574858514834474e-05
opinels,8.574858514834474e-05
outils,8.574858514834474e-05
passerais,8.574858514834474e-05
pernety,8.574858514834474e-05
picole,8.574858514834474e-05
picote,8.574858514834474e-05
plaisance,8.574858514834474e-05
planche,8.574858514834474e-05
plaque,8.574858514834474e-05
plaquette,8.574858514834474e-05
plupart,8.574858514834474e-05
poste,8.574858514834474e-05
poubelles,8.574858514834474e-05
poulets,8.574858514834474e-05
puisse,8.574858514834474e-05
puissent,8.574858514834474e-05
purs,8.574858514834474e-05
r'garder,8.574858514834474e-05
r'traite,8.574858514834474e-05
regardais,8.574858514834474e-05
reuf',8.574858514834474e-05
robinet,8.574858514834474e-05
rêves,8.574858514834474e-05
sacoche,8.574858514834474e-05
serré,8.574858514834474e-05
sinon,8.574858514834474e-05
smoke,8.574858514834474e-05
stages,8.574858514834474e-05
stickys,8.574858514834474e-05
taffe,8.574858514834474e-05
torse,8.574858514834474e-05
trottinette,8.574858514834474e-05
trouvent,8.574858514834474e-05
vilain,8.574858514834474e-05
yeuz',8.574858514834474e-05
études,8.574858514834474e-05
évadent,8.574858514834474e-05
acte,8.427439743805801e-05
adolescence,8.427439743805801e-05
aide,8.427439743805801e-05
amers,8.427439743805801e-05
appliquer,8.427439743805801e-05
assimiles,8.427439743805801e-05
aurait,8.427439743805801e-05
aîné,8.427439743805801e-05
benne,8.427439743805801e-05
bè-bègue,8.427439743805801e-05
cancres,8.427439743805801e-05
cet,8.427439743805801e-05
chances,8.427439743805801e-05
changerait,8.427439743805801e-05
chants,8.427439743805801e-05
clairement,8.427439743805801e-05
classieuse,8.427439743805801e-05
collait,8.427439743805801e-05
com8,8.427439743805801e-05
compris,8.427439743805801e-05
confié,8.427439743805801e-05
connectent,8.427439743805801e-05
consommateur,8.427439743805801e-05
cordon,8.427439743805801e-05
descente,8.427439743805801e-05
devait,8.427439743805801e-05
disait,8.427439743805801e-05
dont,8.427439743805801e-05
droite,8.427439743805801e-05
dépressif,8.427439743805801e-05
enlevant,8.427439743805801e-05
enterrements,8.427439743805801e-05
ex,8.427439743805801e-05
existe,8.427439743805801e-05
existence,8.427439743805801e-05
fertile,8.427439743805801e-05
flinguée,8.427439743805801e-05
fouteurs,8.427439743805801e-05
geindre,8.427439743805801e-05
gloire,8.427439743805801e-05
illicite,8.427439743805801e-05
introverti,8.427439743805801e-05
joignent,8.427439743805801e-05
joindre,8.427439743805801e-05
laissé,8.427439743805801e-05
lassé,8.427439743805801e-05
laver,8.427439743805801e-05
lyriciste,8.427439743805801e-05
mac,8.427439743805801e-05
mat',8.427439743805801e-05
matériel,8.427439743805801e-05
maximise,8.427439743805801e-05
menteur,8.427439743805801e-05
mine,8.427439743805801e-05
miroir,8.427439743805801e-05
mécréant,8.427439743805801e-05
naissances,8.427439743805801e-05
ordure,8.427439743805801e-05
panique,8.427439743805801e-05
passée,8.427439743805801e-05
prière,8.427439743805801e-05
pulls,8.427439743805801e-05
pété,8.427439743805801e-05
quelle,8.427439743805801e-05
ras,8.427439743805801e-05
re-noi,8.427439743805801e-05
recycler,8.427439743805801e-05
rendue,8.427439743805801e-05
reufs,8.427439743805801e-05
rétrécit,8.427439743805801e-05
salle,8.427439743805801e-05
secoue,8.427439743805801e-05
secours,8.427439743805801e-05
shoes,8.427439743805801e-05
shoots,8.427439743805801e-05
sin-cou,8.427439743805801e-05
sorti,8.427439743805801e-05
tireur,8.427439743805801e-05
tongs,8.427439743805801e-05
trace,8.427439743805801e-05
traites,8.427439743805801e-05
traité,8.427439743805801e-05
tue,8.427439743805801e-05
vas-y,8.427439743805801e-05
vices,8.427439743805801e-05
vise,8.427439743805801e-05
voleur,8.427439743805801e-05
écarte,8.427439743805801e-05
éclairé,8.427439743805801e-05
écran,8.427439743805801e-05
épaissis,8.427439743805801e-05
amsterdam,8.379420144125997e-05
banquiers,8.379420144125997e-05
bayern,8.379420144125997e-05
bleues,8.379420144125997e-05
bleus,8.379420144125997e-05
blunts,8.379420144125997e-05
caresses,8.379420144125997e-05
carrière,8.379420144125997e-05
cayenne,8.379420144125997e-05
chambre,8.379420144125997e-05
champ',8.379420144125997e-05
chanvre,8.379420144125997e-05
comprennes,8.379420144125997e-05
contenders,8.379420144125997e-05
coudes,8.379420144125997e-05
crème,8.379420144125997e-05
dessine,8.379420144125997e-05
dev'nu,8.379420144125997e-05
dirigeable,8.379420144125997e-05
décide,8.379420144125997e-05
enterrement,8.379420144125997e-05
fesses,8.379420144125997e-05
fiasco,8.379420144125997e-05
flammes,8.379420144125997e-05
flinguo,8.379420144125997e-05
fourrure,8.379420144125997e-05
fruit,8.379420144125997e-05
gambergé,8.379420144125997e-05
gentillesse,8.379420144125997e-05
groupe,8.379420144125997e-05
guns,8.379420144125997e-05
hollande,8.379420144125997e-05
ieps,8.379420144125997e-05
inarrêtables,8.379420144125997e-05
jeremih,8.379420144125997e-05
kickeur,8.379420144125997e-05
lauren,8.379420144125997e-05
lent,8.379420144125997e-05
mailles,8.379420144125997e-05
mangé,8.379420144125997e-05
masse,8.379420144125997e-05
milfs,8.379420144125997e-05
moquent,8.379420144125997e-05
océans,8.379420144125997e-05
ouvre,8.379420144125997e-05
pirates,8.379420144125997e-05
poucave,8.379420144125997e-05
pyramides,8.379420144125997e-05
rendre,8.379420144125997e-05
rentes,8.379420144125997e-05
repars,8.379420144125997e-05
roi,8.379420144125997e-05
réflexion,8.379420144125997e-05
sawyer,8.379420144125997e-05
simmons,8.379420144125997e-05
sms,8.379420144125997e-05
soigner,8.379420144125997e-05
soigné,8.379420144125997e-05
sorte,8.379420144125997e-05
syndrome,8.379420144125997e-05
tendresse,8.379420144125997e-05
terrain,8.379420144125997e-05
tiekson,8.379420144125997e-05
tram,8.379420144125997e-05
utilisent,8.379420144125997e-05
volant,8.379420144125997e-05
étapes,8.379420144125997e-05
azul,8.158603247124064e-05
carton,8.158603247124064e-05
colette,8.158603247124064e-05
collègue,8.158603247124064e-05
colonies,8.158603247124064e-05
coloris,8.158603247124064e-05
dead,8.158603247124064e-05
dette,8.158603247124064e-05
discrimination,8.158603247124064e-05
el,8.158603247124064e-05
frank,8.158603247124064e-05
fuego,8.158603247124064e-05
hipster,8.158603247124064e-05
illuminati,8.158603247124064e-05
immigré,8.158603247124064e-05
lilian,8.158603247124064e-05
oi-m,8.158603247124064e-05
pelle,8.158603247124064e-05
plastique,8.158603247124064e-05
prépare,8.158603247124064e-05
racket,8.158603247124064e-05
rapper,8.158603247124064e-05
routes,8.158603247124064e-05
triangle,8.158603247124064e-05
yin-yang,8.158603247124064e-05
zig-zag,8.158603247124064e-05
zinédine,8.158603247124064e-05
zombie,8.158603247124064e-05
économique,8.158603247124064e-05
'dam,7.801529099703513e-05
alignent,7.801529099703513e-05
appelais,7.801529099703513e-05
asiat',7.801529099703513e-05
bob,7.801529099703513e-05
brown,7.801529099703513e-05
chapelet,7.801529099703513e-05
chaplin,7.801529099703513e-05
chat,7.801529099703513e-05
chris,7.801529099703513e-05
chtar,7.801529099703513e-05
chtars,7.801529099703513e-05
combat,7.801529099703513e-05
compagne,7.801529099703513e-05
compas,7.801529099703513e-05
compet',7.801529099703513e-05
compta',7.801529099703513e-05
compères,7.801529099703513e-05
connecté,7.801529099703513e-05
copine,7.801529099703513e-05
coquine,7.801529099703513e-05
croit,7.801529099703513e-05
dessalines,7.801529099703513e-05
dînent,7.801529099703513e-05
emboîte,7.801529099703513e-05
fermer,7.801529099703513e-05
g,7.801529099703513e-05
ghetto,7.801529099703513e-05
gims,7.801529099703513e-05
guettent,7.801529099703513e-05
jean-jacques,7.801529099703513e-05
lego,7.801529099703513e-05
lorsque,7.801529099703513e-05
messages,7.801529099703513e-05
mineur,7.801529099703513e-05
muets,7.801529099703513e-05
nettoies,7.801529099703513e-05
nubi,7.801529099703513e-05
paume,7.801529099703513e-05
perce,7.801529099703513e-05
perceuses,7.801529099703513e-05
perd,7.801529099703513e-05
permis,7.801529099703513e-05
plaie,7.801529099703513e-05
plutôt,7.801529099703513e-05
pét',7.801529099703513e-05
répondaient,7.801529099703513e-05
salif,7.801529099703513e-05
salis,7.801529099703513e-05
shopping,7.801529099703513e-05
spartiates,7.801529099703513e-05
spatial,7.801529099703513e-05
stargate,7.801529099703513e-05
travaille,7.801529099703513e-05
tuer,7.801529099703513e-05
vélo,7.801529099703513e-05
winner,7.801529099703513e-05
étoiles,7.801529099703513e-05
arrivederci,7.739938080495328e-05
arrivée,7.739938080495328e-05
attali,7.739938080495328e-05
bach,7.739938080495328e-05
bail,7.739938080495328e-05
bat,7.739938080495328e-05
bateau,7.739938080495328e-05
bilan,7.739938080495328e-05
blairer,7.739938080495328e-05
bloodsport,7.739938080495328e-05
bolo,7.739938080495328e-05
boulevard,7.739938080495328e-05
bâtit,7.739938080495328e-05
cali',7.739938080495328e-05
capellini,7.739938080495328e-05
causent,7.739938080495328e-05
changé,7.739938080495328e-05
charbon,7.739938080495328e-05
chine,7.739938080495328e-05
christian,7.739938080495328e-05
classes,7.739938080495328e-05
contrebande,7.739938080495328e-05
damme,7.739938080495328e-05
disquetteurs,7.739938080495328e-05
dix-sept,7.739938080495328e-05
doumams,7.739938080495328e-05
décapotable,7.739938080495328e-05
décolle,7.739938080495328e-05
dévisse,7.739938080495328e-05
efforts,7.739938080495328e-05
fellow,7.739938080495328e-05
ferré,7.739938080495328e-05
flairer,7.739938080495328e-05
flingué,7.739938080495328e-05
gianfranco,7.739938080495328e-05
gâteau,7.739938080495328e-05
hausse,7.739938080495328e-05
haussmann,7.739938080495328e-05
hiver,7.739938080495328e-05
hollow,7.739938080495328e-05
hologram',7.739938080495328e-05
instable,7.739938080495328e-05
inter,7.739938080495328e-05
jacques,7.739938080495328e-05
kelly,7.739938080495328e-05
limites,7.739938080495328e-05
mett,7.739938080495328e-05
miettes,7.739938080495328e-05
milan,7.739938080495328e-05
milieu,7.739938080495328e-05
million,7.739938080495328e-05
mizuno,7.739938080495328e-05
muraille,7.739938080495328e-05
mythos,7.739938080495328e-05
nathalie,7.739938080495328e-05
ninja,7.739938080495328e-05
nombre,7.739938080495328e-05
north,7.739938080495328e-05
nuls,7.739938080495328e-05
palestinienne,7.739938080495328e-05
planque,7.739938080495328e-05
polo,7.739938080495328e-05
populaire,7.739938080495328e-05
prolo,7.739938080495328e-05
pécher,7.739938080495328e-05
re,7.739938080495328e-05
recherche,7.739938080495328e-05
robe,7.739938080495328e-05
scientifique,7.739938080495328e-05
slater,7.739938080495328e-05
sleepy,7.739938080495328e-05
sniffe,7.739938080495328e-05
solo,7.739938080495328e-05
sono,7.739938080495328e-05
soucie,7.739938080495328e-05
stickers,7.739938080495328e-05
sucres,7.739938080495328e-05
sécurité,7.739938080495328e-05
taille,7.739938080495328e-05
traine,7.739938080495328e-05
transparent,7.739938080495328e-05
underground,7.739938080495328e-05
van,7.739938080495328e-05
ventes,7.739938080495328e-05
verrière,7.739938080495328e-05
vieilleries,7.739938080495328e-05
vieri,7.739938080495328e-05
z,7.739938080495328e-05
éblouis,7.739938080495328e-05
échappe,7.739938080495328e-05
écouterai,7.739938080495328e-05
élimine,7.739938080495328e-05
'96,6.684491978609601e-05
187,6.684491978609601e-05
addictives,6.684491978609601e-05
aimes,6.684491978609601e-05
amant,6.684491978609601e-05
amène,6.684491978609601e-05
attache,6.684491978609601e-05
attaché,6.684491978609601e-05
basque,6.684491978609601e-05
basses,6.684491978609601e-05
baves,6.684491978609601e-05
blesse,6.684491978609601e-05
bluff,6.684491978609601e-05
brûlant,6.684491978609601e-05
bûcher,6.684491978609601e-05
cadenassé,6.684491978609601e-05
carnassiers,6.684491978609601e-05
cercle,6.684491978609601e-05
chiasse,6.684491978609601e-05
claque,6.684491978609601e-05
classements,6.684491978609601e-05
coat,6.684491978609601e-05
code,6.684491978609601e-05
com',6.684491978609601e-05
compr,6.684491978609601e-05
comprend,6.684491978609601e-05
contentes,6.684491978609601e-05
contrôler,6.684491978609601e-05
coq,6.684491978609601e-05
cote,6.684491978609601e-05
coûte,6.684491978609601e-05
cracher,6.684491978609601e-05
crack,6.684491978609601e-05
criqueter,6.684491978609601e-05
dosée,6.684491978609601e-05
décris,6.684491978609601e-05
déter,6.684491978609601e-05
enferme,6.684491978609601e-05
enseignements,6.684491978609601e-05
explosés,6.684491978609601e-05
fable,6.684491978609601e-05
fashion,6.684491978609601e-05
femmes,6.684491978609601e-05
garces,6.684491978609601e-05
golri,6.684491978609601e-05
herbivore,6.684491978609601e-05
heureux,6.684491978609601e-05
indépendance,6.684491978609601e-05
installer,6.684491978609601e-05
instantanées,6.684491978609601e-05
instrus,6.684491978609601e-05
intelligence,6.684491978609601e-05
interdit,6.684491978609601e-05
ivoirienne,6.684491978609601e-05
john,6.684491978609601e-05
laisser,6.684491978609601e-05
league,6.684491978609601e-05
lit,6.684491978609601e-05
lits,6.684491978609601e-05
londres,6.684491978609601e-05
mamen,6.684491978609601e-05
marianne,6.684491978609601e-05
miracles,6.684491978609601e-05
nouilles,6.684491978609601e-05
nègre,6.684491978609601e-05
oklahoma,6.684491978609601e-05
old,6.684491978609601e-05
oreilles,6.684491978609601e-05
ouragan,6.684491978609601e-05
overdose,6.684491978609601e-05
paient,6.684491978609601e-05
paris-bamako,6.684491978609601e-05
payant,6.684491978609601e-05
payeur,6.684491978609601e-05
peignant,6.684491978609601e-05
plongerai,6.684491978609601e-05
points,6.684491978609601e-05
porcs,6.684491978609601e-05
pourras,6.684491978609601e-05
problème,6.684491978609601e-05
quatorzième,6.684491978609601e-05
rallie-toi,6.684491978609601e-05
raques,6.684491978609601e-05
regretter,6.684491978609601e-05
rotte-ca,6.684491978609601e-05
routine,6.684491978609601e-05
répéter,6.684491978609601e-05
réussir,6.684491978609601e-05
school,6.684491978609601e-05
secrétaire,6.684491978609601e-05
souhaitent,6.684491978609601e-05
souvent,6.684491978609601e-05
sportswear,6.684491978609601e-05
stagner,6.684491978609601e-05
studio,6.684491978609601e-05
substances,6.684491978609601e-05
surpris,6.684491978609601e-05
sécréter,6.684491978609601e-05
tchoins,6.684491978609601e-05
tel',6.684491978609601e-05
testes,6.684491978609601e-05
thème,6.684491978609601e-05
tirer,6.684491978609601e-05
trench,6.684491978609601e-05
turbulences,6.684491978609601e-05
vague,6.684491978609601e-05
voulait,6.684491978609601e-05
voyante,6.684491978609601e-05
weed,6.684491978609601e-05
week,6.684491978609601e-05
wick,6.684491978609601e-05
wouh,6.684491978609601e-05
éplucher,6.684491978609601e-05
éteignent,6.684491978609601e-05
'oim,6.594566077552073e-05
aimais,6.594566077552073e-05
aimerai,6.594566077552073e-05
allées,6.594566077552073e-05
amnes',6.594566077552073e-05
apparence,6.594566077552073e-05
appelles,6.594566077552073e-05
applique,6.594566077552073e-05
appreniez,6.594566077552073e-05
assoiffé,6.594566077552073e-05
assurent,6.594566077552073e-05
aussi,6.594566077552073e-05
autiste,6.594566077552073e-05
avalanches,6.594566077552073e-05
aveugles,6.594566077552073e-05
bague,6.594566077552073e-05
baisé,6.594566077552073e-05
banc,6.594566077552073e-05
belzébuth,6.594566077552073e-05
berger,6.594566077552073e-05
berry,6.594566077552073e-05
biche,6.594566077552073e-05
biff',6.594566077552073e-05
blondes,6.594566077552073e-05
blood,6.594566077552073e-05
bu,6.594566077552073e-05
cainf',6.594566077552073e-05
cherchent,6.594566077552073e-05
client,6.594566077552073e-05
complotiste,6.594566077552073e-05
conseil,6.594566077552073e-05
couche,6.594566077552073e-05
cyclope,6.594566077552073e-05
dame,6.594566077552073e-05
denzel,6.594566077552073e-05
desailly,6.594566077552073e-05
deviens,6.594566077552073e-05
discret,6.594566077552073e-05
diététique,6.594566077552073e-05
dure,6.594566077552073e-05
débarquement,6.594566077552073e-05
déj',6.594566077552073e-05
dépassé,6.594566077552073e-05
détecteurs,6.594566077552073e-05
détective,6.594566077552073e-05
détestable,6.594566077552073e-05
esclaves,6.594566077552073e-05
fallait,6.594566077552073e-05
fantasme,6.594566077552073e-05
fortes,6.594566077552073e-05
foutent,6.594566077552073e-05
fumer,6.594566077552073e-05
gaspillé,6.594566077552073e-05
glaçons,6.594566077552073e-05
gobent,6.594566077552073e-05
gourde,6.594566077552073e-05
grenier,6.594566077552073e-05
groupies-stations,6.594566077552073e-05
hab,6.594566077552073e-05
habitude,6.594566077552073e-05
halle,6.594566077552073e-05
haters,6.594566077552073e-05
holla,6.594566077552073e-05
huh,6.594566077552073e-05
hurle,6.594566077552073e-05
hélas,6.594566077552073e-05
impressionner,6.594566077552073e-05
instagram,6.594566077552073e-05
jay-z,6.594566077552073e-05
leçons,6.594566077552073e-05
live,6.594566077552073e-05
mac-9,6.594566077552073e-05
marcel,6.594566077552073e-05
mate,6.594566077552073e-05
mentalité,6.594566077552073e-05
menti,6.594566077552073e-05
michel,6.594566077552073e-05
mosquée,6.594566077552073e-05
muscu',6.594566077552073e-05
niquent,6.594566077552073e-05
normales,6.594566077552073e-05
obtenir,6.594566077552073e-05
palestine,6.594566077552073e-05
paranoïa,6.594566077552073e-05
paraître,6.594566077552073e-05
pareil,6.594566077552073e-05
paré,6.594566077552073e-05
passe-moi,6.594566077552073e-05
patrie,6.594566077552073e-05
pays,6.594566077552073e-05
personnages,6.594566077552073e-05
personnes,6.594566077552073e-05
phones-tél,6.594566077552073e-05
pied,6.594566077552073e-05
piliers,6.594566077552073e-05
pillaveurs,6.594566077552073e-05
plaire,6.594566077552073e-05
plateformes,6.594566077552073e-05
plusieurs,6.594566077552073e-05
poches,6.594566077552073e-05
politiciens,6.594566077552073e-05
pompent,6.594566077552073e-05
premiers,6.594566077552073e-05
présidents,6.594566077552073e-05
racisme,6.594566077552073e-05
reconnaissance,6.594566077552073e-05
restes,6.594566077552073e-05
rockeur,6.594566077552073e-05
roue,6.594566077552073e-05
récit,6.594566077552073e-05
réclamer,6.594566077552073e-05
régime,6.594566077552073e-05
résidence,6.594566077552073e-05
rôtissent,6.594566077552073e-05
said,6.594566077552073e-05
sape,6.594566077552073e-05
service,6.594566077552073e-05
seuls,6.594566077552073e-05
sinueux,6.594566077552073e-05
sniffer,6.594566077552073e-05
sniffeurs,6.594566077552073e-05
sombres,6.594566077552073e-05
somme,6.594566077552073e-05
sous-sol,6.594566077552073e-05
soutenu,6.594566077552073e-05
spliffer,6.594566077552073e-05
stable,6.594566077552073e-05
stagnation,6.594566077552073e-05
station,6.594566077552073e-05
steaks,6.594566077552073e-05
surtout,6.594566077552073e-05
suédois,6.594566077552073e-05
terres,6.594566077552073e-05
toits,6.594566077552073e-05
tribunes,6.594566077552073e-05
tuent,6.594566077552073e-05
téléchargement,6.594566077552073e-05
têtes,6.594566077552073e-05
uzi,6.594566077552073e-05
v'là,6.594566077552073e-05
versailles,6.594566077552073e-05
vidanges,6.594566077552073e-05
villa,6.594566077552073e-05
vintage,6.594566077552073e-05
volé,6.594566077552073e-05
xv,6.594566077552073e-05
yz,6.594566077552073e-05
zbah,6.594566077552073e-05
écrit,6.594566077552073e-05
écrivent,6.594566077552073e-05
évidentes,6.594566077552073e-05
357,6.102025872589678e-05
aboyer,6.102025872589678e-05
allume,6.102025872589678e-05
annule,6.102025872589678e-05
approche,6.102025872589678e-05
arbre,6.102025872589678e-05
arrêt,6.102025872589678e-05
atterrir,6.102025872589678e-05
au-d'ssus,6.102025872589678e-05
bifton,6.102025872589678e-05
black-i,6.102025872589678e-05
blatter,6.102025872589678e-05
branche,6.102025872589678e-05
brice,6.102025872589678e-05
bénéf,6.102025872589678e-05
cabriolet,6.102025872589678e-05
camionnettes,6.102025872589678e-05
capuché,6.102025872589678e-05
chan,6.102025872589678e-05
changée,6.102025872589678e-05
che-fraî,6.102025872589678e-05
cheese,6.102025872589678e-05
chicha,6.102025872589678e-05
chiffrent,6.102025872589678e-05
civils,6.102025872589678e-05
clowns,6.102025872589678e-05
con,6.102025872589678e-05
congélateur,6.102025872589678e-05
conte,6.102025872589678e-05
crée,6.102025872589678e-05
daim,6.102025872589678e-05
de-m',6.102025872589678e-05
diamant,6.102025872589678e-05
discute,6.102025872589678e-05
dm,6.102025872589678e-05
délateurs,6.102025872589678e-05
déterrer,6.102025872589678e-05
détraqueur,6.102025872589678e-05
endroit,6.102025872589678e-05
espionne,6.102025872589678e-05
eurent,6.102025872589678e-05
fairy,6.102025872589678e-05
faudra,6.102025872589678e-05
featurings,6.102025872589678e-05
flatteur,6.102025872589678e-05
foudre,6.102025872589678e-05
fédérer,6.102025872589678e-05
fées,6.102025872589678e-05
grand,6.102025872589678e-05
gratteurs,6.102025872589678e-05
gée-char,6.102025872589678e-05
humain,6.102025872589678e-05
huskies,6.102025872589678e-05
héritières,6.102025872589678e-05
ice,6.102025872589678e-05
lac,6.102025872589678e-05
lagerfeld,6.102025872589678e-05
lily-rose,6.102025872589678e-05
liqueur,6.102025872589678e-05
loyers,6.102025872589678e-05
lâche,6.102025872589678e-05
magouilles,6.102025872589678e-05
mailler,6.102025872589678e-05
marché,6.102025872589678e-05
maîtrise,6.102025872589678e-05
meute,6.102025872589678e-05
mi-fa,6.102025872589678e-05
milli-milli,6.102025872589678e-05
minuit,6.102025872589678e-05
molly,6.102025872589678e-05
mordre,6.102025872589678e-05
méritèrent,6.102025872589678e-05
nu,6.102025872589678e-05
nuque,6.102025872589678e-05
ourcq,6.102025872589678e-05
passer,6.102025872589678e-05
pilon,6.102025872589678e-05
pistés,6.102025872589678e-05
plaisante,6.102025872589678e-05
pluie,6.102025872589678e-05
portent,6.102025872589678e-05
pourtant,6.102025872589678e-05
price,6.102025872589678e-05
projet,6.102025872589678e-05
protège,6.102025872589678e-05
provoquant,6.102025872589678e-05
pure,6.102025872589678e-05
python,6.102025872589678e-05
qualité,6.102025872589678e-05
quicksilver,6.102025872589678e-05
r'n'b,6.102025872589678e-05
reconnaît,6.102025872589678e-05
refourgue,6.102025872589678e-05
refuse,6.102025872589678e-05
remarque,6.102025872589678e-05
réitère,6.102025872589678e-05
répu',6.102025872589678e-05
réput',6.102025872589678e-05
sal3a,6.102025872589678e-05
saute,6.102025872589678e-05
schneck,6.102025872589678e-05
selon,6.102025872589678e-05
sensé,6.102025872589678e-05
sent,6.102025872589678e-05
sepp,6.102025872589678e-05
skies,6.102025872589678e-05
stalke,6.102025872589678e-05
stocke,6.102025872589678e-05
stoppe,6.102025872589678e-05
strict,6.102025872589678e-05
strictement,6.102025872589678e-05
sécateur,6.102025872589678e-05
sévit,6.102025872589678e-05
tacler,6.102025872589678e-05
tale,6.102025872589678e-05
team,6.102025872589678e-05
tess',6.102025872589678e-05
tissu,6.102025872589678e-05
totalité,6.102025872589678e-05
trésor,6.102025872589678e-05
tôt,6.102025872589678e-05
v'nu,6.102025872589678e-05
victoires,6.102025872589678e-05
visiteurs,6.102025872589678e-05
visu,6.102025872589678e-05
vites,6.102025872589678e-05
vivais,6.102025872589678e-05
volaille,6.102025872589678e-05
volatile,6.102025872589678e-05
voulu,6.102025872589678e-05
wu-tang,6.102025872589678e-05
éducation,6.102025872589678e-05
évolué,6.102025872589678e-05
3g,5.0190724754065273e-05
aboient,5.0190724754065273e-05
acceptera,5.0190724754065273e-05
amenez-nous,5.0190724754065273e-05
arc,5.0190724754065273e-05
atténue,5.0190724754065273e-05
backstages,5.0190724754065273e-05
baignoire,5.0190724754065273e-05
bakchichs,5.0190724754065273e-05
bodybuilder,5.0190724754065273e-05
boeuf,5.0190724754065273e-05
bénin,5.0190724754065273e-05
bûcheron,5.0190724754065273e-05
carottes,5.0190724754065273e-05
casse-croûte,5.0190724754065273e-05
casse-pipe,5.0190724754065273e-05
chiche,5.0190724754065273e-05
chiches,5.0190724754065273e-05
collant,5.0190724754065273e-05
commence,5.0190724754065273e-05
condes,5.0190724754065273e-05
connexions,5.0190724754065273e-05
croisés,5.0190724754065273e-05
dany,5.0190724754065273e-05
dattes,5.0190724754065273e-05
deglet,5.0190724754065273e-05
demandes,5.0190724754065273e-05
dom-tom,5.0190724754065273e-05
dédicace,5.0190724754065273e-05
enlève,5.0190724754065273e-05
espace,5.0190724754065273e-05
expire,5.0190724754065273e-05
explique,5.0190724754065273e-05
fabe,5.0190724754065273e-05
fouteux,5.0190724754065273e-05
ftour,5.0190724754065273e-05
grigri,5.0190724754065273e-05
gères,5.0190724754065273e-05
gérant,5.0190724754065273e-05
houmous,5.0190724754065273e-05
infâme,5.0190724754065273e-05
jayjay,5.0190724754065273e-05
jéroboam,5.0190724754065273e-05
jérusalem,5.0190724754065273e-05
kentucky,5.0190724754065273e-05
kenzy,5.0190724754065273e-05
kouachi,5.0190724754065273e-05
lamar,5.0190724754065273e-05
loups,5.0190724754065273e-05
lunettes,5.0190724754065273e-05
lâcher,5.0190724754065273e-05
marquer,5.0190724754065273e-05
menace,5.0190724754065273e-05
milkshake,5.0190724754065273e-05
mobb,5.0190724754065273e-05
molière,5.0190724754065273e-05
nour,5.0190724754065273e-05
nudes,5.0190724754065273e-05
nul,5.0190724754065273e-05
odom,5.0190724754065273e-05
parles,5.0190724754065273e-05
peigner,5.0190724754065273e-05
phare,5.0190724754065273e-05
poire,5.0190724754065273e-05
prêt,5.0190724754065273e-05
révérend,5.0190724754065273e-05
savent,5.0190724754065273e-05
schengen,5.0190724754065273e-05
secteur,5.0190724754065273e-05
shakespeare,5.0190724754065273e-05
sky,5.0190724754065273e-05
take-take,5.0190724754065273e-05
tambouille,5.0190724754065273e-05
tendent,5.0190724754065273e-05
traque,5.0190724754065273e-05
troismillesseudi,5.0190724754065273e-05
verres,5.0190724754065273e-05
vénèr,5.0190724754065273e-05
zitoune,5.0190724754065273e-05
zoo,5.0190724754065273e-05
ä,5.0190724754065273e-05
éclaire,5.0190724754065273e-05
'tain,4.079301623562032e-05
6-6-6,4.079301623562032e-05
6h30,4.079301623562032e-05
7-7-7,4.079301623562032e-05
abus,4.079301623562032e-05
accident,4.079301623562032e-05
action,4.079301623562032e-05
allemand,4.079301623562032e-05
allez,4.079301623562032e-05
amaru,4.079301623562032e-05
amérique,4.079301623562032e-05
antarctique,4.079301623562032e-05
arrives,4.079301623562032e-05
ars'nic,4.079301623562032e-05
ass,4.079301623562032e-05
assos',4.079301623562032e-05
assume,4.079301623562032e-05
assuré,4.079301623562032e-05
b,4.079301623562032e-05
baissent,4.079301623562032e-05
bavures,4.079301623562032e-05
berceau,4.079301623562032e-05
bol,4.079301623562032e-05
bonnet,4.079301623562032e-05
cachalot,4.079301623562032e-05
casque,4.079301623562032e-05
cendres,4.079301623562032e-05
centre,4.079301623562032e-05
charbonner,4.079301623562032e-05
chibre,4.079301623562032e-05
chèques,4.079301623562032e-05
cigarettes,4.079301623562032e-05
clic-clac,4.079301623562032e-05
clique,4.079301623562032e-05
cognent,4.079301623562032e-05
corée,4.079301623562032e-05
costumes,4.079301623562032e-05
coupes,4.079301623562032e-05
cousine,4.079301623562032e-05
cuir,4.079301623562032e-05
dignité,4.079301623562032e-05
dis-lui,4.079301623562032e-05
dmt,4.079301623562032e-05
débarque,4.079301623562032e-05
décence,4.079301623562032e-05
défauts,4.079301623562032e-05
défoncer,4.079301623562032e-05
détresse,4.079301623562032e-05
eaux,4.079301623562032e-05
effort,4.079301623562032e-05
entre-tuer,4.079301623562032e-05
envoie,4.079301623562032e-05
epinay,4.079301623562032e-05
eu',4.079301623562032e-05
exactitude,4.079301623562032e-05
excellents,4.079301623562032e-05
excès,4.079301623562032e-05
exploser,4.079301623562032e-05
facebook,4.079301623562032e-05
faciles,4.079301623562032e-05
fauché,4.079301623562032e-05
fausse,4.079301623562032e-05
fichés,4.079301623562032e-05
flak,4.079301623562032e-05
flik,4.079301623562032e-05
flotte,4.079301623562032e-05
flows,4.079301623562032e-05
fois-ci,4.079301623562032e-05
fonds,4.079301623562032e-05
fragiles,4.079301623562032e-05
funeste,4.079301623562032e-05
funès,4.079301623562032e-05
gardon,4.079301623562032e-05
gaz,4.079301623562032e-05
gifler,4.079301623562032e-05
glander,4.079301623562032e-05
gos,4.079301623562032e-05
gouttes,4.079301623562032e-05
greffier,4.079301623562032e-05
guépier,4.079301623562032e-05
guêpier,4.079301623562032e-05
héritage,4.079301623562032e-05
ibis,4.079301623562032e-05
ii,4.079301623562032e-05
imprévus,4.079301623562032e-05
impérialisme,4.079301623562032e-05
inscrit,4.079301623562032e-05
introversion,4.079301623562032e-05
jackpot,4.079301623562032e-05
jaguar,4.079301623562032e-05
joggings,4.079301623562032e-05
keffieh,4.079301623562032e-05
kho',4.079301623562032e-05
ksa,4.079301623562032e-05
large,4.079301623562032e-05
lavokato,4.079301623562032e-05
liste,4.079301623562032e-05
lois,4.079301623562032e-05
longs,4.079301623562032e-05
maire,4.079301623562032e-05
malins,4.079301623562032e-05
matérialisme,4.079301623562032e-05
maux,4.079301623562032e-05
maîtres,4.079301623562032e-05
mensonges,4.079301623562032e-05
michtonneuse,4.079301623562032e-05
micro,4.079301623562032e-05
micros,4.079301623562032e-05
missile,4.079301623562032e-05
model,4.079301623562032e-05
moto,4.079301623562032e-05
mètre,4.079301623562032e-05
métier,4.079301623562032e-05
nord,4.079301623562032e-05
note,4.079301623562032e-05
opinel,4.079301623562032e-05
papier,4.079301623562032e-05
partout,4.079301623562032e-05
passes,4.079301623562032e-05
peau,4.079301623562032e-05
perdant,4.079301623562032e-05
persol,4.079301623562032e-05
petit,4.079301623562032e-05
phillyfuego,4.079301623562032e-05
pieds,4.079301623562032e-05
piranhas,4.079301623562032e-05
protocole,4.079301623562032e-05
pures,4.079301623562032e-05
pète,4.079301623562032e-05
pétard,4.079301623562032e-05
rayon,4.079301623562032e-05
refusé,4.079301623562032e-05
respecte,4.079301623562032e-05
retrouve,4.079301623562032e-05
ritals,4.079301623562032e-05
riz,4.079301623562032e-05
route,4.079301623562032e-05
règnent,4.079301623562032e-05
réalisme,4.079301623562032e-05
réduira,4.079301623562032e-05
rémunéré,4.079301623562032e-05
rôle,4.079301623562032e-05
s,4.079301623562032e-05
saillants,4.079301623562032e-05
sauce,4.079301623562032e-05
secrètes,4.079301623562032e-05
secs,4.079301623562032e-05
seille,4.079301623562032e-05
sku',4.079301623562032e-05
sneakers,4.079301623562032e-05
sociétés,4.079301623562032e-05
soient,4.079301623562032e-05
sommets,4.079301623562032e-05
sorcellerie,4.079301623562032e-05
stresse,4.079301623562032e-05
styles,4.079301623562032e-05
syllabes,4.079301623562032e-05
sépulture,4.079301623562032e-05
tailler,4.079301623562032e-05
tienne,4.079301623562032e-05
timidité,4.079301623562032e-05
titube,4.079301623562032e-05
tolérance,4.079301623562032e-05
tours,4.079301623562032e-05
transaction,4.079301623562032e-05
tremble,4.079301623562032e-05
tresses,4.079301623562032e-05
trouer,4.079301623562032e-05
tupac,4.079301623562032e-05
télé,4.079301623562032e-05
téléphone,4.079301623562032e-05
uber,4.079301623562032e-05
vaisseau-mère,4.079301623562032e-05
vaudou,4.079301623562032e-05
vautours,4.079301623562032e-05
vides,4.079301623562032e-05
viseur,4.079301623562032e-05
waly,4.079301623562032e-05
y'en,4.079301623562032e-05
zèle,4.079301623562032e-05
écriture,4.079301623562032e-05
énumérer,4.079301623562032e-05
épié,4.079301623562032e-05
épreuve,4.079301623562032e-05
évier,4.079301623562032e-05
île-de-france,4.079301623562032e-05
