je,0.10941643999601648
elle,0.015097826750225314
là,0.013476794194283229
ouais,0.01091847280350288
y,0.010886507334051512
pour,0.010596481531300566
quand,0.009349715135365068
aime,0.008523405387679575
moi,0.008469570675571149
il,0.008408711620363692
va,0.008361511071085058
rien,0.00800357830242807
comme,0.007552851990243741
maman,0.00753677003066862
tout,0.006879274317244803
as,0.006694258381141465
toi,0.0063188938011914594
faut,0.006156024997402234
zone,0.006095474593429553
veut,0.005900922763146264
bien,0.005806113231144603
oh,0.005782349396461364
loin,0.005524548102835911
lol,0.005500555099835546
casse,0.005305289132212753
ah,0.0049933135203618015
soir,0.004946078316843377
club,0.004901960784313683
pop,0.004705831037519974
couilles,0.004399878670255349
frappe,0.004379053568920351
touche,0.004367132109241302
tous,0.0041925578156986245
fume,0.004139564503850079
sais,0.004098940297348699
trop,0.00408158204515913
personne,0.003966297014521169
bats,0.003928352592602938
beuh,0.0038600487991487225
dis,0.0035552117637856887
vais,0.003521052395736713
merci,0.0034048802668534485
vie,0.0032854964433598685
eh,0.003203221680075528
nia,0.0030959752321981153
vois,0.0029814790346666094
poto,0.002971579685812607
emmenez-moi,0.0029421379535795756
même,0.002934154371682223
sous,0.0028879539325122575
maille,0.0028484149532836947
est-ce,0.00279391541836259
pourquoi,0.0027894613798674947
pense,0.00273129338619939
ont,0.0027187291924858446
seul,0.0026538951703009707
mala,0.00264278554029322
mets,0.0026068730673482594
trace,0.002596107099771301
vu,0.0024593756657689905
dis-moi,0.0023906469709265004
twin,0.002370791844476034
ça,0.0023636282531040833
chouf,0.0023339946318123267
voir,0.0023248658324519465
enculer,0.0022786858553669785
ha,0.0022477630497665536
tire,0.002226690429942674
amour,0.002216916024551828
toujours,0.0022164524132211472
pah,0.0022003168456257508
sac,0.002195648112842987
danse,0.0021953224858500212
oyoyoyoh,0.0021929824561403317
passe,0.0021738137314029123
viens,0.002129443169229429
ouh,0.0020414131653054635
veulent,0.002021669759495339
tasse,0.0019947559478507974
ovni,0.001984820040022318
jaloux,0.0019599073051127674
chaud,0.0019503704371738172
platine,0.0019335931853174731
depuis,0.00193113740159618
bébé,0.0019285517557573266
lui,0.0019095743488778398
tou-tou-tou-tou-rou-tou-tou,0.0018796992481202842
deux,0.0018568675940648135
way,0.001851362073525506
par,0.0018437493279694762
gros,0.00183594027342818
barre,0.0018289922970436327
magique,0.0017585730435874735
mh,0.0017585730435874735
chemise,0.0017381217273759238
tête,0.0017335193704322747
oublie,0.0017209762538252038
peu,0.00165479224897701
peux,0.0016145442221979622
gauche-droite,0.0016089903857226433
équipe,0.0016027217421924703
shit,0.0015718486637556564
crois,0.001563769692486518
fils,0.0015422518706090314
fou,0.0015392025596444579
gens,0.001503109662983144
rester,0.0014969982459467626
aller,0.0014657123375792498
jul,0.0014462976898143526
vous,0.0014308456613528712
hawaï,0.0014220132974380854
or,0.0014196015569420263
police,0.0014163853016358277
plein,0.0014083883609128474
douche,0.001376824540850109
mal,0.001372400034944062
nique,0.001368257558344713
temps,0.0013615870367412164
avant,0.001347124171365222
monde,0.0013349836074417097
gracias,0.0013326977650786806
parce,0.0013273879401805592
tant,0.0013243248207063434
non,0.0013225924910170576
prends,0.0013062573004962593
p'tit,0.0012930539004683231
chapeau,0.001275817715066204
paille,0.001275817715066204
pis,0.001273717533256951
dollars,0.001258783275915772
après,0.0012490885905367109
passé,0.0012443198874939074
cache,0.0012372616539034554
kich',0.0012321774335504203
sort,0.0012276673084014303
quoi,0.001207943481288235
regarde,0.0011980184191189242
avoir,0.001197769914943235
vers,0.0011977144882469321
coup,0.0011934500336822204
gadji,0.0011886096737651613
sorte,0.0011748120300751777
belle,0.001170386487144069
devant,0.0011414065030809053
jamais,0.001116736589167808
refait,0.0011111101894934936
étais,0.0011059887675148458
khapta,0.0011049242367069387
maintenant,0.0010976846518643212
moula,0.0010816882641554637
audi,0.001046404903899521
être,0.0010432360601384332
pute,0.0010352804406695995
rappe,0.0010334155146140638
piave,0.0010319917440660383
fumette,0.0010247998194633386
santchelita,0.0010208711433756716
donné,0.0010109784348127566
super,0.0010056989607777316
sent,0.0009881258691528771
grosse,0.000974542927422359
nan,0.00096582704102566
nous,0.0009643398345280563
dos,0.0009628941116654111
reste,0.0009574726230645507
danser,0.0009483252898135161
parle,0.0009474541064209724
mis,0.0009461140426847837
potos,0.000944415408835645
aux,0.0009438003302401392
pote,0.0009420437057798068
gadjis,0.0009346071033048133
écoute,0.0009289901169752096
bonne,0.0009079478764204938
perd,0.0009039775010044115
sport,0.0009017476122739202
eux,0.0008946981909747084
moment,0.0008945445861262662
cerveau,0.0008833427938591149
kush,0.0008801267382503003
toute,0.0008789343070374613
tranquille,0.0008782877003906379
miss,0.0008762078322392853
night,0.0008694616302950944
folle,0.0008642566899305935
rue,0.0008559488972353198
niquer,0.0008492576429617833
sang,0.0008483031128535219
fois,0.0008470084601707449
avenir,0.0008327339817023703
tard,0.0008240397938557842
fort,0.000819782805741483
vue,0.0008155164479879352
arrête,0.0008084225115525906
coeur,0.0008030524593553724
cash,0.0008015672775398106
sait,0.0008002875073350111
yeux,0.0007918628209424166
attends,0.0007911030928527685
fifa,0.0007877711900223413
cartel,0.0007824280814695726
claquettes,0.0007816106005596253
p'tite,0.000781131420235923
partout,0.0007808061636795242
moto,0.0007783270296010539
mange,0.0007779920552157529
doucement,0.0007730117070369042
faudrait,0.0007722297195981338
frères,0.0007712506456982081
cassé,0.0007694173929235597
bouge-moi,0.0007591093117408841
team,0.0007501713894147663
part,0.0007428214804498799
jeunes,0.000742512764730058
finir,0.0007425092697269511
puis,0.0007407714970001049
bague,0.0007347196130680744
gentil,0.0007293262844973789
alors,0.0007223569981268891
bois,0.0007122494333066783
leur,0.0007071491920145755
pochon,0.0007048872180451066
tou-tou-tou-tou-tou-tou-tou,0.0007048872180451066
kash,0.0007041013906002402
nuit,0.0006996913748745621
potes,0.0006967269893920285
putain,0.0006955195992796006
'zine,0.0006908679814093646
marre,0.0006888938877601707
boy,0.0006847132328518661
chassé,0.0006811876268168395
appelle,0.0006779183971776099
mise,0.0006772006460152658
était,0.0006756987651332413
rap,0.0006680427532384401
pète,0.0006660405270032056
vrais,0.0006627796101480254
wesh,0.00066173059100872
souvent,0.0006613756613756555
mette,0.0006563988110630626
péage,0.0006524575902566276
cherches,0.0006523859618852428
permis,0.0006517033089988877
vas,0.0006404235434796091
capri-sun,0.0006390911792549599
bon,0.0006366071987500856
bah,0.0006365309869576503
place,0.0006359764245051923
frère,0.0006359214885391736
doigts,0.0006335906566689943
sax,0.0006331661344400553
rigoler,0.0006322168598756775
affoler,0.0006322168598756775
enjaille,0.0006322168598756775
picoler,0.0006322168598756775
connais,0.0006321022855868599
comment,0.0006297750115977089
fêlé,0.0006280618012812405
taulards,0.0006265664160400947
promenade,0.0006265664160400947
tombés,0.0006265664160400947
envoie,0.000626496371167544
mère,0.0006242018707293746
filles,0.0006216451089409293
ville,0.0006204843794929204
flux,0.0006148815671280865
autre,0.0006140695853777962
dp,0.0006132402641654968
déguste,0.0006049292130068455
douane,0.0006020645243424978
peut,0.0005998229267506376
nerfs,0.0005972116963496221
autres,0.0005955205065535544
envie,0.0005930270932194713
vante,0.0005926979611190085
tellement,0.0005926979611190085
fourrée,0.0005926979611190085
fréquenter,0.0005926979611190085
rentrer,0.0005902075076949195
nananana,0.0005847953216374218
demande,0.0005820723803559783
tourne,0.0005820462051006802
potion,0.0005748874000543934
bout,0.0005738149376866853
signe,0.0005700834522088342
bouteille,0.0005662648495234208
tournant,0.0005639097744360853
yeah,0.0005621260461739418
début,0.0005593330529701904
cause,0.0005589910474746506
encore,0.000558274984641388
ciel,0.0005541095171490288
rend,0.0005506842938043184
changé,0.0005491670352351419
gaffe,0.0005487282886306147
compte,0.0005460678069527195
gratte,0.0005375099921683522
allume,0.0005342561096352307
beaucoup,0.0005328146028356257
photo,0.0005318432460315688
fasse,0.0005315595463829927
flex,0.0005298039753882705
garde,0.0005284689566726133
rentre,0.0005270044439191503
quatre,0.00052633888357167
pris,0.0005242741960341522
tue,0.0005175251246369975
nord,0.0005164614672254694
survête,0.0005159958720330191
ailleurs,0.0005145826349312727
aïe,0.0005134788189987118
retrouver,0.0005134788189987118
métro,0.0005134788189987118
petit,0.0005134309108663554
ami,0.0005112290959276313
capuché,0.000509830072190314
lève,0.0005065313593910207
bras,0.000505063334010698
donne,0.0005031102332855048
chez,0.0005022919810780324
voiture,0.0005021319797191444
arrive,0.0004974026082948076
location,0.0004955719726517646
dix,0.00048684592667741554
bouge,0.00048580784292488223
bâtards,0.00048294669565948227
problèmes,0.0004813157831733641
ans,0.00048116095553160513
fous,0.0004802321848693388
oui,0.00047737465532185334
là-bas,0.0004764141986919649
lèves,0.00047415836889520683
africa,0.00047415836889520683
mettre,0.0004736526672735421
tou-tou-tou-tou-lou-tou-tou,0.00046992481203007104
vaillants,0.00046992481203007104
entre,0.0004694209687981914
sors,0.00046353764025857124
mauvais,0.00046352936789840766
regard,0.0004619857097679403
palais,0.0004585556633519241
dire,0.00045778069497316764
patate,0.0004565625604168092
dingue,0.00045372050816696517
celui,0.0004513668725156856
millions,0.00045098763996462174
zer,0.0004477775294337123
donc,0.00044644677923913483
nouvelles,0.00044503651939224286
bas,0.00044440755255641394
rafale,0.0004439139882685648
plan,0.0004438494972683508
album,0.0004411712246640438
confiance,0.00043980890450796123
buzz,0.0004395028801630753
route,0.00043859649122806633
hier,0.00043564714877383515
pompes,0.0004327705125463587
lundi,0.0004325023795552127
soucis,0.0004323184950717133
lalalalala,0.0004298941798941761
bénéfice,0.00042982715332603766
rs6,0.00042982715332603766
ok,0.00042927572612501093
choses,0.0004289085663467305
mandats,0.00042674253200568617
gari,0.00042607360697544567
affut,0.0004246235309799227
chargé,0.00042453042390401297
tracer,0.0004244482173174835
terre,0.0004233592759509443
jour,0.0004214215179990853
heures,0.0004198704001712735
volé,0.0004195507378868972
manita,0.00041861118313023574
espagne,0.0004182420450362997
bizarre,0.0004142050096434422
hein,0.0004139150818806764
choque,0.00040961116168769014
met,0.0004083309339513386
sale,0.000404533459947808
tchi,0.0004031019491196941
assez,0.0004023923572889522
arriver,0.0003994050158241486
tours,0.00039912353868763045
balles,0.00039809075855337656
boule,0.0003923735867957555
aussi,0.00039119591757977095
bandit,0.0003862085885409958
six,0.0003857383775076107
cay',0.00038557933294775063
porsche,0.00038557933294775063
goodbye,0.00038557933294775063
graille,0.00038557933294775063
derrière,0.0003852319251282882
crocs,0.00038510911424903386
hiver,0.00038478263472921647
marijuana,0.00038457866092362193
quartier,0.00038179037058952805
déjà,0.00037884532853101164
love,0.0003777315596950039
cherche,0.00037425198468943506
galère,0.00037415348663357746
askip,0.00037412746742889955
rs3,0.00037369221434414943
blondes,0.0003713912228233046
ennemis,0.0003699813712650651
kiss,0.00036805299963194374
liasses,0.00036805299963194374
grosses,0.00036805299963194374
disent,0.00036697204080744187
connu,0.00036694663949770234
collé,0.00036652652925689297
teste,0.00036480732657034507
égal,0.0003642292088728917
pied,0.00036159269356088607
cité,0.00036127356622319524
jobber,0.0003600858586092021
écroués,0.00035967569946344534
croire,0.00035710034278943503
prendre,0.0003560089712394593
avocat,0.0003556187766714051
coûte,0.0003556187766714051
ooouh,0.0003556187766714051
doigt,0.0003551526279700108
coms,0.0003524436090225533
séparer,0.0003524436090225533
v',0.0003524436090225533
devrait,0.0003524436090225533
marié,0.0003524436090225533
marrés,0.0003524436090225533
barillet,0.0003520506953001201
ni,0.0003520506953001201
putas,0.0003520506953001201
puta,0.0003520506953001201
parti,0.00035144139424036347
dors,0.00035025990114815974
viano,0.0003501400560224059
armes,0.00034963518760432877
oeil,0.000349431270483899
bédo,0.00034875265940734185
folles,0.00034585228784990717
marseille,0.00034442129530276485
coups,0.00034427770504349856
réseaux,0.00034326654044963606
chaque,0.0003427074652338102
débarque,0.0003424750148818384
feu,0.00034178904474911604
pépite,0.00034029038112522387
évites,0.00034029038112522387
combien,0.00033990051661590557
faisait,0.0003395451702008397
banane,0.0003389440187581095
car,0.0003388831318219386
violets,0.0003356185962090939
abdos,0.0003352329869259106
pou-pou-pou,0.0003352329869259106
fight,0.00033285357298085285
fascine,0.0003323363243602497
couteau,0.00033200893441528106
week-end,0.0003314952745726255
volant,0.0003283645525024807
métaux,0.0003265827634089345
finis,0.0003262610150263202
embouteillages,0.0003262287951283138
everyday,0.0003262287951283138
weedo,0.0003262287951283138
white,0.0003262287951283138
bloc,0.00032597371887342435
sourire,0.0003242930571851137
mama,0.0003235881516536208
flow,0.00032254849552871396
faim,0.00032240827439524274
année,0.00032180319608346653
suce,0.0003204810519707905
mic',0.00032016908158365626
moubzer,0.00031940782468403435
espèce,0.000319196038154987
facile,0.0003185049251646162
roule,0.0003164203897955659
outils,0.00031616841622714734
jimmy,0.00031610842993783875
boude,0.00031610842993783875
hawaï-waï,0.00031610842993783875
ibiza,0.00031610842993783875
flou,0.00031610842993783875
refuse,0.00031610842993783875
plage,0.00031610842993783875
j,0.00031555021606871327
million,0.00031515915537346086
sax',0.00031515915537346086
fumer,0.00031432319390566657
dalle,0.0003136921658319595
ombre,0.00031351706200850583
ooooh,0.00031328320802004734
machine,0.00031180776735939764
flics,0.0003115163390917346
classe,0.00031145443311916696
manières,0.00031121681886614813
arrêt,0.00031039136302293927
cheveux,0.00030934049714305753
lendemain,0.0003089232566784349
hmm,0.0003071882039729647
appelles,0.0003065095170358301
côté,0.00030253844779519403
sois,0.00030236666931356273
tchikita,0.0003015913698434003
brillant,0.00030132583366813715
masque,0.00030049528749985055
sortir,0.0002996410756436599
faites,0.00029923052550812865
carré,0.0002990118123850831
petits,0.00029840487506391136
game,0.00029837740095550193
laisse,0.000298100820101302
con,0.0002980260757519071
demain,0.0002978496199176097
heure,0.0002974734035441975
laissé,0.00029745449394505337
gueule,0.0002955081337441034
films,0.0002943289967752816
aimes,0.00029404361938427446
paranoïa,0.0002939781887150282
voit,0.0002920806352791334
casser,0.00029080935783770445
arrivé,0.00029036224561689424
gov,0.000289184499710813
smoke,0.000289184499710813
flu,0.000289184499710813
faite,0.00028841186936807414
taff,0.00028808952428154727
pétou,0.0002870482922936218
genre,0.0002860708452813691
perdu,0.00028600199853715067
maison,0.0002855696934644278
méchant,0.00028534914375061537
freestyle,0.0002844968185998942
passer,0.0002839720120955279
braque,0.00028317734891303796
aurais,0.000281554171790384
pendant,0.00028105735555432484
sympa,0.0002799552071668508
100k,0.0002799552071668508
fini,0.0002784585876204344
parler,0.0002781596215687642
jours,0.0002773638025026008
dégun,0.00027720027720027474
quelle,0.00027681227550045023
achète,0.0002765653211861581
gars,0.0002743111517598484
parlait,0.0002734912345896304
vend,0.00027232699582588153
taffe,0.00027221632987640124
monter,0.000271809172822645
âge,0.0002699055330634254
rouler,0.0002695267337514212
miné,0.000269480752558132
frangin,0.0002689765715916802
joue,0.00026848607481596534
manque,0.0002682961083161995
drive,0.0002677564281656154
chaussettes,0.0002675347420607918
frérot,0.0002657127716338582
montrer,0.0002640418852203328
vider,0.0002640380214750901
reviens,0.00026370420525034376
selle,0.0002636432630872934
putes,0.00026320791875041115
changer,0.0002631578947368398
num',0.0002631578947368398
bla,0.0002631578947368398
argent,0.00026202812844644107
garder,0.0002609179954717689
toutes,0.00026076465776311505
savoir,0.0002605250544993978
monte,0.00025968198518970986
gips,0.000258364888159712
chien,0.00025812227460789616
nah,0.00025799793601650957
tiré,0.0002577379540072647
te-car,0.0002567394094993559
bouledogue,0.0002567394094993559
tôt,0.0002567394094993559
copine,0.000255874175488941
mec,0.0002556128791308885
pleins,0.0002554779624463464
chauffer,0.00025546535844018456
gta,0.00025456382016796915
mecs,0.0002525472753964425
déboule,0.0002522105859718161
poings,0.0002514247401944329
caille,0.0002514247401944329
wop,0.0002514247401944329
mitrailleur,0.0002514247401944329
agresse,0.00025126830669091384
sera,0.00025126830669091384
dégage,0.0002511395322691835
pleurer,0.0002505743263290515
bisous,0.00024954266907957517
cagoule,0.00024911872124352584
light,0.0002490453262493752
rase,0.0002490453262493752
devient,0.0002490453262493752
malboro,0.0002490453262493752
roues,0.0002490453262493752
ennemi,0.0002490453262493752
samedi,0.0002490453262493752
feuille,0.0002490453262493752
cave,0.000248939879699581
bdh,0.0002487205352928634
body,0.0002470966147763754
your,0.0002470966147763754
move,0.0002470966147763754
20,0.0002470966147763754
garées,0.0002470966147763754
régalés,0.0002470966147763754
ronronner,0.0002470966147763754
égaler,0.0002470966147763754
critique,0.0002465623518255076
aimerais,0.0002458509077571957
amis,0.00024552331053878825
caution,0.0002452333815813692
courez,0.00024506943634029424
rouges,0.0002446542778350537
parles,0.0002436337678743669
snap,0.00024289641210782886
cross,0.0002424351867024562
mer,0.00024241243558577116
laisse-moi,0.00024238155438416695
bar,0.00024224345068459474
bise,0.00024175229112559008
tourcoing,0.00024161028422228258
train,0.00023832826216904442
trahi,0.00023779049687593868
salou,0.00023774189971769274
eau,0.00023774189971769274
vice,0.000237679969350909
heureuse,0.0002374982620502566
hé,0.00023656117246123186
pépé,0.00023656077660538086
très,0.0002363465309673682
pétard,0.0002361933525152359
coin,0.00023510242581634914
garçons,0.00023496240601503552
façon,0.00023496240601503552
joie,0.00023496240601503552
dispute,0.00023496240601503552
fondre,0.00023496240601503552
réconcilie,0.00023496240601503552
glaçon,0.00023496240601503552
tué,0.00023496240601503552
raison,0.00023458912889779302
racontes,0.00023448175907904887
partage,0.00023360913205637077
jure,0.00023340528104577428
cochon,0.00023339946318123262
mahmoud,0.00023339946318123262
niqué,0.0002328124845020176
marques,0.00023241865347128302
préfère,0.00023213276893496523
rs,0.00023091133004925904
vrai,0.00023075491429488325
tournent,0.00023072577080767974
allais,0.00022911013623087725
deux-roues,0.00022851828939436997
bande,0.0002280389394430587
peur,0.0002276982078939323
collés,0.00022696601643969866
mérites,0.00022686025408348259
oh-oh,0.00022686025408348259
oh-oh-oh,0.00022686025408348259
mort,0.00022633925952003558
truc,0.00022625828866032266
tempête,0.0002258755258059542
'sin,0.00022539380124519248
manger,0.0002252262622262925
vingt,0.00022502227837826363
prison,0.00022422938321735563
zooment,0.00022301516503122015
essaie,0.00022276167806450605
partir,0.00022233610842060147
féfé,0.00022227417805381774
luxe,0.00022207417277370444
misère,0.0002218019743275068
salit,0.00022114108801415106
mythos,0.00022101221791624072
snapchat,0.00022040755238466147
sinon,0.00021978001809629019
merde,0.00021969207664476772
scène,0.0002194544837459443
moulon,0.00021944778413814775
coca,0.00021898985473848564
évite,0.00021898985473848564
traitre,0.00021898153677984744
loves,0.00021876161586277851
virage,0.00021815852247963462
entends,0.0002178610796416221
mental,0.00021748629495461924
sommeil,0.00021748586341887587
benedetto,0.00021716951603636964
têtes,0.0002169340035651409
devenu,0.0002167964893475535
four,0.00021663750494897572
dur,0.00021594100981677972
moche,0.00021506954568223214
eu,0.00021431599192716546
dents,0.00021422538841633435
embrouille,0.0002141091854460005
bordel,0.00021409379541809654
lovés,0.0002140593959815909
normal,0.00021390720379609236
visage,0.00021387207159778699
vovo',0.00021337126600284308
poussettes,0.00021222718414759995
célébration,0.00021222410865874176
salée,0.00021222410865874176
station,0.00021222410865874176
arrêté,0.00021222410865874176
allô,0.00021222410865874176
vodka,0.0002120140767580465
tais,0.00021165514321997838
solo,0.0002112187110333867
honda,0.00021115060756276186
pars,0.0002099187116082449
tour,0.00020977741961284978
perdre,0.00020950174521070417
disputes,0.00020731977001326663
rassure,0.00020724889145941593
verts,0.00020724889145941593
baise,0.00020723723281803968
regardes,0.0002069653772440132
serre,0.00020669050675468982
avait,0.00020655226604883174
cette,0.00020607652186599372
péter,0.00020568113450122473
plaques,0.00020544337694972721
cru,0.00020274003676785363
inquiète,0.000202708093093418
croise,0.000202708093093418
yo,0.00020242914979756908
ferme,0.00020217518870408962
charbon,0.00020203292662505047
trouve,0.00020154592544551275
dany,0.00020088388911209144
sun,0.00020088388911209144
piques,0.00020059737646387023
13,0.00020020432176368888
comptes,0.00019949346008395896
crie,0.0001994532946086271
jusqu'à,0.00019839441719100227
choix,0.000197907831495616
touché,0.00019686039422881356
passes,0.00019672692022580657
jouer,0.00019672692022580657
rentrant,0.0001958020050125296
dois,0.00019556959907186193
motard,0.0001949317738791406
jolies,0.0001949317738791406
aident,0.0001949317738791406
assassiner,0.0001949317738791406
guitare,0.0001949317738791406
gs,0.0001949317738791406
furieux,0.0001949317738791406
crs,0.0001949317738791406
mitard,0.0001949317738791406
cd,0.00019482761379507408
kala,0.00019278966647387532
répètes,0.00019278966647387532
jette,0.00019278966647387532
vrunk,0.00019278966647387532
falloir,0.0001925511784409156
prennent,0.00019253655093802338
tess,0.00019248924807413185
quittes,0.00019175092904675313
quitté,0.0001917107162627112
stud',0.00019169611009244592
baffer,0.0001905848910328177
fond,0.00019009343003761008
seule,0.00018889134601208737
mi,0.00018889134601208737
corazon,0.00018889134601208737
perds,0.0001879699248120284
veste,0.0001879315650549036
fraîche,0.00018776851538548133
the,0.00018772097471965218
boit,0.00018734883380356295
boîte,0.00018705740553589986
vite,0.00018700180334766604
verres,0.00018658275241456546
vient,0.0001862794679200471
détale,0.00018595348915598862
sens,0.0001856290453645094
survêt',0.000185560053981105
mêler,0.0001853754747305923
képis,0.0001853754747305923
épargne,0.00018532246108228154
biches,0.00018532246108228154
cours,0.0001849089323508156
popo,0.00018471693204544454
cas,0.00018465966627828406
voix,0.00018455388237602233
aimeraient,0.0001841141314825509
patrick,0.00018402649981597187
jean-bouin,0.00018402649981597187
pow,0.00018402649981597187
sept,0.00018402649981597187
maillot,0.00018402649981597187
tk,0.00018329554158844048
change,0.00018280879935114286
vont,0.0001822051970526253
ramène,0.00018216084172113325
claque,0.00018166473538955028
rouge,0.00018158880079351169
importe,0.00018158880079351169
miklo,0.00017960625545764708
studio,0.00017850151519796848
pgp,0.00017770780389571268
conduis,0.00017770780389571268
enlève,0.0001771571604413346
laisser,0.00017612337663011239
mamas,0.00017602534765006006
traîtres,0.00017602534765006006
merlich,0.00017602534765006006
chiche,0.00017602534765006006
venus,0.00017602534765006006
voyous,0.00017602534765006006
baskets,0.00017602534765006006
tn,0.00017602534765006006
repartis,0.00017602534765006006
sauf,0.00017602534765006006
papas-pas,0.00017602534765006006
mâche,0.00017602534765006006
cavale,0.0001755529632425246
khoya,0.00017543859649122654
apparais,0.00017543859649122654
disparais,0.00017543859649122654
halla,0.00017504959738592448
hata,0.00017504959738592448
drogue,0.00017504959738592448
repars,0.00017504959738592448
point,0.00017502835865777766
bloqué,0.00017478033289978576
bâtard,0.00017275135321893204
été,0.00017245860835866827
beau,0.00017223212838385324
dolce,0.00017177999283704944
pété,0.000171766289305444
pecs,0.00017176333337282448
corps,0.00017101391144805196
québec,0.00016938695218216037
cage,0.0001687059898833712
bécane,0.00016815432841338622
dites,0.00016815432841338622
ti,0.00016815432841338622
amo,0.00016815432841338622
sons,0.00016806195812606783
po-po-po,0.0001676164934629553
teh,0.0001675185885712187
banque,0.00016694654764359712
twingo,0.00016656201861052809
grave,0.0001665409376510111
cassées,0.0001663267161157486
soulé,0.00016603021749958346
voulez,0.00016603021749958346
job,0.00016603021749958346
boules,0.00016446192012467903
longs,0.00016403741449113357
matin,0.00016358596099405267
cuillère,0.00016345210853219863
heineken,0.00016345210853219863
baisses,0.00016345210853219863
visière,0.00016345210853219863
envoyer,0.00016345210853219863
menacé,0.00016345210853219863
pillave,0.00016345210853219863
pareil,0.00016345210853219863
sauver,0.00016345210853219863
prières,0.00016345210853219863
épaules,0.00016345210853219863
dure,0.00016345210853219863
descendre,0.00016345210853219863
fier,0.00016345210853219863
accélère,0.00016345210853219863
doudoune,0.0001632481246841698
service,0.00016313099067191754
croit,0.00016313099067191754
bails,0.0001625017274133407
bisou,0.0001625017274133407
snapple,0.00016221609825013957
pensent,0.00016205768658935333
revoir,0.00016027206706769435
pourtant,0.00016020319988822382
force,0.00015974438291991086
funk,0.0001592010133650617
coupe,0.00015916821752157408
reconnait,0.00015852885225110832
pain,0.0001584021361325766
lâché,0.00015827101265227273
bonjour,0.00015827101265227273
ordi,0.00015813332396246831
levé,0.00015802572896235639
cul,0.0001575837902559738
reconnaît,0.00015757957768673043
cantines,0.00015664160401002367
champs,0.00015664160401002367
cachaud,0.00015664160401002367
fiché,0.00015664160401002367
pontet,0.00015664160401002367
violon,0.00015664160401002367
co',0.00015664160401002367
défère,0.00015664160401002367
juges,0.00015664160401002367
marrons,0.00015664160401002367
comprendre,0.00015664160401002367
yoyos,0.00015664160401002367
réseau,0.00015664160401002367
souris,0.00015664160401002367
tanké,0.00015664160401002367
espoir,0.00015664160401002367
santcho,0.00015664160401002367
aille,0.00015664160401002367
état,0.00015664160401002367
bracelets,0.00015664160401002367
gardait,0.00015664160401002367
remplis,0.00015664160401002367
emboucanent,0.00015664160401002367
voulait,0.00015664160401002367
parlu',0.00015664160401002367
beaumettes,0.00015664160401002367
insultent,0.00015664160401002367
matons,0.00015664160401002367
violent,0.00015664160401002367
chichon,0.00015664160401002367
lalalalalalalalalalalalala,0.00015664160401002367
raté,0.00015664160401002367
visite,0.00015664160401002367
joues,0.00015664160401002367
tig,0.00015664160401002367
vaisseau,0.00015664160401002367
pointer,0.00015664160401002367
doivent,0.00015664160401002367
enfermés,0.00015664160401002367
pourrait,0.00015664160401002367
tuent,0.00015664160401002367
mieux,0.00015581575273487846
soit,0.0001557715595360467
foutre,0.00015504967134588097
peace,0.00015481943003611002
murs,0.00015481943003611002
dirait,0.00015452198719809749
tp,0.00015413886408407275
vida,0.00015286978068400329
trois,0.00015267161488746446
bouffer,0.00015267161488746446
blues,0.00015247432507391336
billets,0.00015182186234817682
crasseux,0.00015182186234817682
boco,0.00015182186234817682
mythones,0.00015182186234817682
peine,0.00015156874681232488
bec,0.00015036311570329412
gaz,0.00014992832078596
dégaine,0.0001497868275191239
glace,0.00014961474203924763
vas-y,0.00014961474203924763
pleut,0.00014959703431429661
mac,0.00014959703431429661
aiment,0.00014921215139862518
avez,0.00014913518280427408
sol,0.0001490979573579829
secteur,0.0001490979573579829
masqué,0.0001488873670227315
trahis,0.0001486767766874801
croquer,0.0001486767766874801
vire,0.0001486767766874801
clim',0.0001486767766874801
chaleur,0.0001486767766874801
quitte,0.00014756214970540403
mots,0.00014723526988787502
revient,0.00014700212068632993
boisson,0.00014567273401327246
mettent,0.0001455824004255715
sorti,0.00014516910905051496
salope,0.00014515625236154295
test,0.00014515625236154295
ben,0.00014515625236154295
voient,0.00014515625236154295
crise,0.00014470256667073827
croyais,0.00014470256667073827
asics,0.00014420847011882652
aznavour,0.00014287495437310068
bombe,0.0001426205373573782
couteaux,0.00014224751066856207
johnny,0.00014224751066856207
pique,0.00014224751066856207
hallyday,0.00014224751066856207
esquive,0.00014139203113778832
poing,0.00014139203113778832
donnés,0.00014110342881331893
dégoûte,0.00014110342881331893
ravie,0.00014110342881331893
écouter,0.00014110342881331893
malle,0.00014110342881331893
courait,0.00014110342881331893
mourrait,0.00014110342881331893
attend,0.00014066905273347382
dodo,0.00014045846239822243
rond,0.00014024407699303362
gaffé,0.0001399776035834254
collègue,0.0001399776035834254
écris,0.0001399776035834254
casses,0.0001399776035834254
commences,0.0001399776035834254
abusé,0.0001399776035834254
payes,0.0001399776035834254
poussée,0.0001399776035834254
demi,0.000139862549758438
jeun,0.00013948614258821782
roulé,0.00013948614258821782
matelas,0.0001386199612744223
casquette,0.00013735515880711552
maisons,0.0001363231323730853
messi,0.0001363231323730853
chambre,0.0001363231323730853
sert,0.00013567218047065482
abandonné,0.0001349527665317127
semblant,0.0001349527665317127
crevards,0.0001349527665317127
contents,0.0001349527665317127
roussi,0.0001349527665317127
explosé,0.0001349527665317127
triste,0.0001349527665317127
miens,0.0001349527665317127
bus,0.0001349527665317127
placard,0.0001349527665317127
miami,0.0001349527665317127
aurait,0.0001349527665317127
moi-même,0.0001349527665317127
quelqu'un,0.0001349527665317127
assis,0.0001349527665317127
saint-trop',0.0001349527665317127
nausées,0.0001349527665317127
rosé,0.0001349527665317127
vidé,0.0001349527665317127
pleurera,0.0001349527665317127
tomber,0.0001349527665317127
partes,0.0001349527665317127
couler,0.00013457396721970846
attire,0.00013289884447429963
lévêque,0.00013289884447429963
branche,0.00013289790902837488
baby,0.0001326882541390482
gagne,0.0001326882541390482
claqué,0.00013232586810075331
sortez,0.00013224014810896473
pèsent,0.00013213276308530212
écriture,0.00013213276308530212
pourrais,0.00013213276308530212
savent,0.00013213276308530212
zique,0.00013192217275005073
grand-père,0.0001307600051021455
pressé,0.0001307600051021455
épouse,0.00012899896800825479
choux,0.00012899896800825479
zir,0.00012899896800825479
mater,0.00012899896800825479
bleus,0.00012899896800825479
mesrine,0.00012899896800825479
taule,0.00012899896800825479
paco,0.00012899896800825479
zik,0.00012899896800825479
pigeon,0.00012899896800825479
kébouz,0.00012899896800825479
îles,0.00012899896800825479
midi,0.00012899896800825479
uber,0.00012899896800825479
bêtises,0.00012899896800825479
repartir,0.00012899896800825479
près,0.00012899896800825479
répond,0.00012899896800825479
uzi,0.00012899896800825479
pyramides,0.00012899896800825479
pointe,0.00012899896800825479
lloret,0.00012899896800825479
ignorer,0.00012899896800825479
couche,0.00012899896800825479
plane,0.00012899896800825479
bitches,0.00012899896800825479
loup,0.00012899896800825479
entoure,0.00012899896800825479
room,0.00012899896800825479
belvédère,0.00012899896800825479
boîtes,0.00012899896800825479
cousine,0.00012899896800825479
endors,0.00012899896800825479
cous',0.00012899896800825479
cabeza,0.00012899896800825479
shoes,0.00012899896800825479
boussa,0.00012899896800825479
tacler,0.00012899896800825479
kalash,0.00012899896800825479
descendu,0.00012899896800825479
vatos,0.00012899896800825479
pisté,0.00012899896800825479
gangsters,0.00012899896800825479
tombée,0.00012899896800825479
faisais,0.00012899896800825479
routine,0.00012899896800825479
voulais,0.00012899896800825479
renié,0.00012899896800825479
tables,0.00012899896800825479
grey,0.00012899896800825479
jacu',0.00012899896800825479
regardent,0.00012899896800825479
servie,0.00012899896800825479
traîne,0.00012899896800825479
gioose,0.00012899896800825479
quelqu'chose,0.00012899896800825479
suite,0.00012899896800825479
rasé,0.0001289262541826064
tony,0.0001289015802019676
montana,0.0001289015802019676
sirènes,0.00012836970474967794
yasser,0.00012836970474967794
gourrés,0.00012836970474967794
passée,0.00012836970474967794
billet,0.00012836970474967794
chemins,0.00012836970474967794
té-cô,0.00012836970474967794
calme,0.00012836970474967794
conso',0.00012836970474967794
merco,0.00012836970474967794
cernes,0.00012836970474967794
montre-leur,0.00012836970474967794
chou,0.00012836970474967794
vingtaine,0.00012836970474967794
soeur,0.00012836970474967794
sous-estime,0.00012836970474967794
garée,0.00012836970474967794
volée,0.00012836970474967794
clio,0.00012813549881297013
peut-être,0.00012676349627778534
brave,0.00012661391112263367
bz,0.0001256123602562481
cinquante,0.0001256123602562481
parc'qu'il,0.0001256123602562481
donnez,0.0001256123602562481
posé,0.00012494567579313231
bm,0.00012458033382221792
chantier,0.0001244699398497905
guichet,0.0001237835081452271
vécu,0.00012370385846079306
citron,0.0001235483073881877
mage,0.0001235483073881877
brancher,0.0001235483073881877
milliard,0.0001235483073881877
p'tits,0.0001235483073881877
brunes,0.0001235483073881877
boss,0.00012285244476364972
manqué,0.00012115900185605174
allez,0.00012038996453443473
pot,0.00012038996453443473
pé',0.00011935793810040453
effrite,0.00011935793810040453
facilement,0.00011853959222380171
bomba,0.00011853959222380171
fé-fé,0.00011853959222380171
dévoiler,0.00011853959222380171
offert,0.00011853959222380171
mentent,0.00011853959222380171
démarque,0.00011853959222380171
revenais,0.00011853959222380171
dort,0.00011853959222380171
tai-fait,0.00011853959222380171
menton,0.00011853959222380171
impression,0.00011853959222380171
brak,0.00011853959222380171
c-c,0.00011853959222380171
gante,0.00011853959222380171
bombé,0.00011853959222380171
bu,0.00011853959222380171
rentres,0.00011853959222380171
sucré,0.00011853959222380171
fo-folles,0.00011853959222380171
sentiments,0.00011853959222380171
bonbon,0.00011853959222380171
marque,0.00011853959222380171
pe-pom,0.00011853959222380171
attirer,0.00011853959222380171
kick,0.00011794026939514039
high,0.00011794026939514039
talon,0.00011794026939514039
poste,0.00011748120300751776
confondu,0.00011748120300751776
fumée,0.00011748120300751776
canebière,0.00011748120300751776
label,0.00011748120300751776
zapata,0.00011748120300751776
éviter,0.00011748120300751776
insomnie,0.00011748120300751776
ennuis,0.00011748120300751776
envoler,0.00011748120300751776
décembre,0.00011748120300751776
tatas,0.00011748120300751776
bouges,0.00011748120300751776
appuie-tête,0.00011748120300751776
niaque,0.00011748120300751776
inspi,0.00011748120300751776
bacs,0.00011748120300751776
pesée,0.00011748120300751776
innover,0.00011748120300751776
90,0.00011748120300751776
choqué,0.00011748120300751776
habille,0.00011748120300751776
boire,0.00011748120300751776
pâteuse,0.00011748120300751776
ture-voi,0.00011748120300751776
fin,0.00011748120300751776
aurai,0.00011736500003718392
clique,0.00011714713141345448
couper,0.00011713259409651623
ponts,0.00011713259409651623
mamacita,0.00011713259409651623
gasoil,0.00011672736150387464
vues,0.00011672736150387464
coffrage,0.00011672736150387464
thunes,0.00011672736150387464
sim,0.00011669973159061631
refaire,0.00011669973159061631
bip,0.00011669973159061631
expulser,0.00011669973159061631
colle,0.00011516756881262134
paradis,0.00011516756881262134
investissent,0.00011516756881262134
talles,0.00011516756881262134
bouts,0.00011516756881262134
obligé,0.00011359317671116353
froid,0.00011359317671116353
taffes,0.00011343012704174129
santchelita-ta-ta,0.00011343012704174129
genoux,0.00011343012704174129
tchikita-ta-ta-ta,0.00011343012704174129
pépita-ta-ta-ta,0.00011343012704174129
gâtés,0.00011343012704174129
nikita,0.00011343012704174129
nanani,0.00011343012704174129
nanana-na-na-na,0.00011343012704174129
cou,0.00011343012704174129
balade,0.00011343012704174129
vita-ta-ta,0.00011343012704174129
attendais,0.00011245282466867458
dépose,0.00011238144114348611
mêmes,0.00011238144114348611
content,0.00011238144114348611
civils,0.00011222041872800689
dux,0.00011103708638685222
mélo,0.00011103708638685222
enflée,0.00011103708638685222
frites,0.00011103708638685222
confi',0.00011103708638685222
',0.00011103708638685222
fleury,0.00011103708638685222
niques,0.00011103708638685222
vélo,0.00011103708638685222
phares,0.00011103708638685222
netflix,0.00011103708638685222
ramené,0.00011103708638685222
battre,0.00011103708638685222
espace,0.00011103708638685222
sauce,0.00011103708638685222
caramelo,0.00011103708638685222
baumettes,0.00011103708638685222
chantes,0.00011103708638685222
frank,0.00011103708638685222
célib,0.00011103708638685222
niquent,0.00011103708638685222
bénef,0.00011103708638685222
gonflé,0.00011103708638685222
refréquentent,0.00011103708638685222
lustres,0.00011103708638685222
freiner,0.00011057054400707553
crasse,0.00011057054400707553
princesse,0.00011057054400707553
vanille,0.00011057054400707553
oublier,0.00011057054400707553
pleures,0.00011057054400707553
aider,0.00011057054400707553
néné,0.00011057054400707553
euro,0.00011057054400707553
marrone,0.00011057054400707553
liberta,0.00011057054400707553
appelez,0.00011057054400707553
finalement,0.00011057054400707553
diana,0.00011057054400707553
essaye,0.00011057054400707553
chocolat,0.00011057054400707553
alaba,0.00011057054400707553
haute,0.00011057054400707553
forta,0.00011057054400707553
banni,0.00011057054400707553
gêo-gêo,0.00011057054400707553
chauffeur,0.00011057054400707553
plains,0.00011057054400707553
couleur,0.00011057054400707553
'tasses,0.00011057054400707553
cîroc,0.00011057054400707553
aimer,0.00011057054400707553
côtoyer,0.00011057054400707553
pocahontas,0.00011057054400707553
jober,0.00011057054400707553
scooter,0.0001101679533664531
vent,0.0001101679533664531
buis',0.0001101679533664531
base,0.00010959591243883155
prêt,0.00010959591243883155
bloc',0.00010874293170943794
sormiou,0.00010874293170943794
goûté,0.00010874293170943794
voisine,0.00010874293170943794
michel,0.00010874293170943794
balaye,0.00010874293170943794
bijoux,0.00010874293170943794
gilets,0.00010874293170943794
soleil,0.00010874293170943794
bluetooth,0.00010874293170943794
money,0.00010874293170943794
maudit,0.00010874293170943794
chevalière,0.00010874293170943794
cataloguent,0.00010874293170943794
parc'qu'être,0.00010874293170943794
réveil,0.00010874293170943794
beuh',0.00010874293170943794
my,0.00010874293170943794
deal,0.00010874293170943794
building,0.00010874293170943794
ampoules,0.00010874293170943794
catalogne,0.00010874293170943794
morts,0.00010874293170943794
sardou,0.00010874293170943794
100,0.00010874293170943794
douanee,0.00010874293170943794
hyères,0.00010874293170943794
score,0.00010874293170943794
capuche,0.00010874293170943794
pare-boules,0.00010874293170943794
fumé,0.00010874293170943794
world,0.00010874293170943794
relèvent,0.00010874293170943794
zins,0.00010874293170943794
veille,0.00010874293170943794
tombes,0.00010874293170943794
casque,0.0001086810013426542
charbons,0.0001086810013426542
talent,0.0001086810013426542
chiffres,0.0001086810013426542
malade,0.00010847041100740279
tranquillou,0.00010847041100740279
cracher,0.00010819107185570294
stunt,0.00010730824335949759
kidnappe,0.00010611205432937088
prado,0.00010611205432937088
cambute,0.00010611205432937088
bouffées,0.00010611205432937088
obligés,0.00010611205432937088
tresse,0.00010611205432937088
bonheur,0.00010611205432937088
trouver,0.00010611205432937088
pétasses,0.00010611205432937088
honneur,0.00010611205432937088
légendes,0.00010611205432937088
gallardos,0.00010611205432937088
ruses,0.00010611205432937088
tailler,0.00010611205432937088
gallardo,0.00010611205432937088
sentent,0.00010611205432937088
ramener,0.00010611205432937088
bizarres,0.00010611205432937088
crocodile-dile,0.00010611205432937088
oakley,0.00010611205432937088
arrache,0.00010611205432937088
malpasset,0.00010611205432937088
retiennent,0.00010611205432937088
profite,0.00010611205432937088
fierté,0.00010611205432937088
presse,0.00010611205432937088
juste,0.00010611205432937088
phone,0.00010611205432937088
jaune,0.00010611205432937088
addition,0.00010611205432937088
étouffer,0.00010611205432937088
rage,0.00010611205432937088
maudis,0.00010611205432937088
savais,0.00010611205432937088
riche,0.00010525577799794377
tends,0.00010525577799794377
vendre,0.00010525577799794377
atteindre,0.0001046837370703222
demander,0.0001046837370703222
okay,0.00010239606799098825
dédicace,0.00010239606799098825
carte,0.00010185037816029614
abonné,0.00010121457489878454
kichta,0.00010121457489878454
caisse,0.00010121457489878454
chacun,0.00010121457489878454
mie,0.00010081835172626593
énervé,0.00010081835172626593
pu,0.00010081835172626593
tape,0.00010081835172626593
dingue-dingue,0.00010044194455604572
trente,0.00010044194455604572
ca,0.00010044194455604572
fraise-kiwi,0.00010044194455604572
tof,0.00010044194455604572
déboulé,0.00010044194455604572
voyais,0.00010044194455604572
roulez,0.00010044194455604572
avenue,0.00010044194455604572
capte,0.00010044194455604572
saoul,0.00010044194455604572
crions,0.00010044194455604572
bourré,0.00010044194455604572
apparait,0.00010044194455604572
louis,0.00010044194455604572
kalenji,0.00010044194455604572
client,0.00010044194455604572
ding-dang-dong,0.00010044194455604572
surnommé,0.00010044194455604572
fufu,0.00010044194455604572
capricieuse,0.00010044194455604572
zizou,0.00010044194455604572
carrière,0.00010044194455604572
quechua,0.00010044194455604572
vuitton,0.00010044194455604572
barrettes,0.00010044194455604572
zoo,0.00010044194455604572
s,0.00010044194455604572
balcon,0.00010044194455604572
capri,0.00010044194455604572
dragon,0.00010044194455604572
piwi,0.00010044194455604572
saint-louis,0.00010044194455604572
poumons,0.00010044194455604572
col,0.00010044194455604572
voudrais,0.00010044194455604572
don,0.00010044194455604572
délicieuse,0.00010044194455604572
vingt-vingt,0.00010044194455604572
zoomes,0.00010044194455604572
dang-dang,0.00010044194455604572
décolleté,0.00010044194455604572
tente,0.00010044194455604572
montres,0.00010025209671814512
t,0.00010025209671814512
meilleur,9.74658869395703e-05
jeanne,9.74658869395703e-05
viseur,9.74658869395703e-05
lâchent,9.74658869395703e-05
peri',9.74658869395703e-05
répète,9.74658869395703e-05
allègent,9.74658869395703e-05
dindes,9.74658869395703e-05
mire,9.74658869395703e-05
bs'oin,9.74658869395703e-05
dinde,9.74658869395703e-05
quitter,9.74658869395703e-05
georges,9.74658869395703e-05
poète,9.74658869395703e-05
certains,9.74658869395703e-05
chiffre,9.74658869395703e-05
défaucher,9.74658869395703e-05
mélange,9.74658869395703e-05
braquages,9.74658869395703e-05
marche,9.74658869395703e-05
entourage,9.74658869395703e-05
players,9.74658869395703e-05
balayeurs,9.74658869395703e-05
grossistes,9.74658869395703e-05
bars,9.74658869395703e-05
péripéties,9.74658869395703e-05
air,9.74658869395703e-05
hooligan,9.74658869395703e-05
habillent,9.74658869395703e-05
récupérer,9.74658869395703e-05
siguret,9.74658869395703e-05
face,9.74658869395703e-05
blanc,9.74658869395703e-05
charbonnent,9.74658869395703e-05
security,9.74658869395703e-05
fasses,9.74658869395703e-05
frigo,9.74658869395703e-05
f'sait,9.74658869395703e-05
cagoulés,9.74658869395703e-05
tiennent,9.74658869395703e-05
butin,9.74658869395703e-05
marie,9.74658869395703e-05
dehors,9.74658869395703e-05
armé,9.74658869395703e-05
bises,9.74658869395703e-05
var,9.74658869395703e-05
parc'qu'ici,9.74658869395703e-05
concerts,9.74658869395703e-05
hood,9.74658869395703e-05
parts,9.74658869395703e-05
theresa,9.74658869395703e-05
ligne,9.74658869395703e-05
courage,9.74658869395703e-05
guns,9.74658869395703e-05
pire,9.74658869395703e-05
armée,9.74658869395703e-05
bons,9.739406382748023e-05
madame,9.69382027917868e-05
soulever,9.662798243848275e-05
chanter,9.662798243848275e-05
paix,9.662798243848275e-05
excités,9.662798243848275e-05
pause,9.662798243848275e-05
besoin,9.662798243848275e-05
armstrong,9.639483323693766e-05
range,9.639483323693766e-05
donneurs,9.639483323693766e-05
bg,9.639483323693766e-05
saute,9.639483323693766e-05
meurs,9.639483323693766e-05
rendre,9.639483323693766e-05
acquis,9.639483323693766e-05
voleur,9.639483323693766e-05
biz,9.639483323693766e-05
mets-moi,9.639483323693766e-05
rover,9.639483323693766e-05
meurtres,9.639483323693766e-05
audemars,9.639483323693766e-05
kiffe,9.639483323693766e-05
'sins,9.639483323693766e-05
lune,9.639483323693766e-05
chinoiserie,9.639483323693766e-05
ching-chang-chong,9.639483323693766e-05
albums,9.639483323693766e-05
mentale,9.639483323693766e-05
cover,9.639483323693766e-05
côtoie,9.639483323693766e-05
jonq',9.639483323693766e-05
iphone,9.639483323693766e-05
posent,9.639483323693766e-05
mc,9.590617635775659e-05
dise,9.590617635775659e-05
beat,9.590617635775659e-05
agent,9.39849624060142e-05
monsieur,9.39849624060142e-05
coke,9.24818884589709e-05
nénéw,9.201324990798594e-05
yamakasi,9.201324990798594e-05
tombew,9.201324990798594e-05
pa-pa-pa-pa-pa-pa-par,9.201324990798594e-05
vive,9.201324990798594e-05
tout-terrain,9.201324990798594e-05
bèw,9.201324990798594e-05
profiter,9.201324990798594e-05
tise,9.201324990798594e-05
suivi,9.201324990798594e-05
promenew,9.201324990798594e-05
vendeurs,9.201324990798594e-05
pipa,9.201324990798594e-05
enenew,9.201324990798594e-05
guetteurs,9.201324990798594e-05
grimpent,9.201324990798594e-05
fumais,9.201324990798594e-05
madi,9.201324990798594e-05
échos,9.201324990798594e-05
and,9.201324990798594e-05
ghetto,9.201324990798594e-05
new,9.201324990798594e-05
amenew,9.201324990798594e-05
bla-bla-bla-bla-bla-bla,9.201324990798594e-05
break,9.201324990798594e-05
om,9.201324990798594e-05
olympique,9.201324990798594e-05
sers-moi,9.201324990798594e-05
tatie,9.201324990798594e-05
mouille,9.201324990798594e-05
mentir,9.201324990798594e-05
medellín,9.201324990798594e-05
culs-terreux,9.201324990798594e-05
ka-ka-ka-ka-kalash,9.201324990798594e-05
évader,9.201324990798594e-05
geek,9.201324990798594e-05
ma-la-la-la-la,9.201324990798594e-05
étoile,9.201324990798594e-05
aucun,9.201324990798594e-05
schnew,9.201324990798594e-05
mondeo,9.201324990798594e-05
baba,9.201324990798594e-05
éthique,9.201324990798594e-05
bouche,9.201324990798594e-05
direction,9.201324990798594e-05
rentrent,9.201324990798594e-05
sud,9.201324990798594e-05
sticks,9.201324990798594e-05
rs4,9.201324990798594e-05
venir,9.171580706997342e-05
cz,9.171580706997342e-05
croisé,9.171580706997342e-05
traînes,9.171580706997342e-05
représente,8.965148548156435e-05
t-shirt,8.965148548156435e-05
micro,8.965148548156435e-05
terter,8.965148548156435e-05
trou,8.965148548156435e-05
emporte,8.965148548156435e-05
5,8.965148548156435e-05
guerrilla,8.801267382503003e-05
pou-loup',8.801267382503003e-05
gucci,8.801267382503003e-05
pou-lou,8.801267382503003e-05
tchi-tchi,8.801267382503003e-05
pistolet,8.801267382503003e-05
pou,8.801267382503003e-05
coupais,8.801267382503003e-05
studi',8.801267382503003e-05
pa-pa-pa-papier,8.801267382503003e-05
papier,8.801267382503003e-05
êtes,8.801267382503003e-05
zetla,8.801267382503003e-05
te-shi,8.801267382503003e-05
pisser,8.771929824561327e-05
copines,8.771929824561327e-05
visa,8.771929824561327e-05
mèches,8.771929824561327e-05
frisés,8.771929824561327e-05
dame,8.771929824561327e-05
papa,8.771929824561327e-05
brisées,8.771929824561327e-05
criser,8.771929824561327e-05
cachette,8.771929824561327e-05
briser,8.771929824561327e-05
bronzée,8.771929824561327e-05
bis',8.771929824561327e-05
alcoolisé,8.771929824561327e-05
dirai,8.771929824561327e-05
bide,8.771929824561327e-05
fâche,8.771929824561327e-05
clashé,8.771929824561327e-05
chasse,8.771929824561327e-05
stopper,8.473931011305502e-05
pasa,8.473931011305502e-05
mic,8.473931011305502e-05
retourné,8.380824673147765e-05
uppercut,8.380824673147765e-05
slimani,8.380824673147765e-05
come,8.380824673147765e-05
choquant,8.380824673147765e-05
foufou,8.380824673147765e-05
bête,8.380824673147765e-05
grandi,8.380824673147765e-05
oreille,8.380824673147765e-05
hedi,8.380824673147765e-05
manies,8.380824673147765e-05
street,8.380824673147765e-05
ko,8.380824673147765e-05
raisonne,8.380824673147765e-05
mile,8.380824673147765e-05
mike,8.380824673147765e-05
8,8.380824673147765e-05
tyson,8.380824673147765e-05
manchette,8.380824673147765e-05
tibia,8.380824673147765e-05
oreilles,8.380824673147765e-05
yeuks,8.380824673147765e-05
show,8.380824673147765e-05
rookie,8.380824673147765e-05
sorel,8.380824673147765e-05
genou,8.380824673147765e-05
big,8.380824673147765e-05
balayette,8.380824673147765e-05
boxe,8.380824673147765e-05
tirer,8.380824673147765e-05
mord,8.380824673147765e-05
sauté,8.380824673147765e-05
eminem,8.380824673147765e-05
bosse,8.380824673147765e-05
batte,8.380824673147765e-05
résonne,8.380824673147765e-05
rocky,8.380824673147765e-05
nike,8.301510874979173e-05
survet',8.301510874979173e-05
likes,8.301510874979173e-05
doux,8.301510874979173e-05
pilé,8.301510874979173e-05
pétitions,8.301510874979173e-05
égouts,8.301510874979173e-05
boudes,8.301510874979173e-05
deuh,8.301510874979173e-05
x-adv,8.301510874979173e-05
dix-huit,8.301510874979173e-05
verre,8.301510874979173e-05
doute,8.301510874979173e-05
enlever,8.301510874979173e-05
déménage,8.301510874979173e-05
tiek',8.301510874979173e-05
assuré,8.301510874979173e-05
cherry,7.832080200501184e-05
sms,7.832080200501184e-05
aimé,7.832080200501184e-05
jack,7.832080200501184e-05
espère,7.832080200501184e-05
santa,7.832080200501184e-05
guilis,7.832080200501184e-05
moque,7.832080200501184e-05
caresses,7.832080200501184e-05
reçois,7.832080200501184e-05
monica,7.832080200501184e-05
travail,7.832080200501184e-05
photos,7.832080200501184e-05
dél',7.832080200501184e-05
nexté,7.832080200501184e-05
divorces,7.832080200501184e-05
chérie,7.832080200501184e-05
soirées,7.832080200501184e-05
réchauffe,7.832080200501184e-05
bobo,7.832080200501184e-05
vexé,7.832080200501184e-05
cimentés,7.808839606434415e-05
porte,7.808839606434415e-05
ff,7.808839606434415e-05
nouvelle,7.808839606434415e-05
mauvaise,7.808839606434415e-05
fout,7.808839606434415e-05
val,7.454897867899145e-05
vovo,7.454897867899145e-05
quillent,7.454897867899145e-05
matos,7.454897867899145e-05
sarcelles,7.454897867899145e-05
ordres,7.454897867899145e-05
aulnay,7.454897867899145e-05
gagner,7.454897867899145e-05
chopper,7.454897867899145e-05
partouche,7.454897867899145e-05
amende,7.454897867899145e-05
livraison,7.454897867899145e-05
rappelle,7.454897867899145e-05
haut,7.454897867899145e-05
appartiens,7.454897867899145e-05
taquine,7.454897867899145e-05
reconnaissent,7.454897867899145e-05
précaution,7.454897867899145e-05
leicester,7.454897867899145e-05
business,7.454897867899145e-05
prestation,7.454897867899145e-05
marseillais,7.454897867899145e-05
serre-moi,7.454897867899145e-05
négocies,7.454897867899145e-05
fofolle,7.454897867899145e-05
arrestations,7.454897867899145e-05
vraie,7.454897867899145e-05
logiciel,7.454897867899145e-05
bond,7.454897867899145e-05
embrouilles,7.454897867899145e-05
nanterre,7.454897867899145e-05
écrit,7.454897867899145e-05
rattraper,7.454897867899145e-05
plante,7.454897867899145e-05
parcours,7.454897867899145e-05
james,7.454897867899145e-05
renaude,7.454897867899145e-05
débrouille,7.454897867899145e-05
salvatrucha,7.454897867899145e-05
haine,7.454897867899145e-05
loué,7.454897867899145e-05
marqué,7.454897867899145e-05
puisqu'il,7.454897867899145e-05
oliviers,7.454897867899145e-05
frais-vallon,7.454897867899145e-05
braquage,7.454897867899145e-05
noie,7.454897867899145e-05
coréen,7.454897867899145e-05
protège,7.454897867899145e-05
arme,7.454897867899145e-05
faute,7.454897867899145e-05
fermés,7.454897867899145e-05
gênerais,7.454897867899145e-05
lauriers,7.454897867899145e-05
ivresse,7.454897867899145e-05
vé,7.454897867899145e-05
dz,7.454897867899145e-05
decks,7.454897867899145e-05
évacuer,7.454897867899145e-05
skient,7.454897867899145e-05
hindou,7.454897867899145e-05
alaska,7.454897867899145e-05
panier,7.454897867899145e-05
vitesse,7.454897867899145e-05
pourri,7.454897867899145e-05
1200,7.454897867899145e-05
corses,7.454897867899145e-05
vitry,7.454897867899145e-05
tombe,7.454897867899145e-05
parlent,7.454897867899145e-05
vévé,7.454897867899145e-05
clé,7.454897867899145e-05
blunt,7.454897867899145e-05
lever,7.454897867899145e-05
barça,7.454897867899145e-05
loca,7.454897867899145e-05
indé,7.454897867899145e-05
bondy,7.454897867899145e-05
touré,7.454897867899145e-05
aniki,7.454897867899145e-05
boboche,7.454897867899145e-05
fruit,7.454897867899145e-05
baisent,7.454897867899145e-05
percé,7.454897867899145e-05
bourrely,7.454897867899145e-05
chance,7.454897867899145e-05
taire,7.454897867899145e-05
manchester,7.454897867899145e-05
vevo,7.454897867899145e-05
comoriens,7.454897867899145e-05
flic,7.454897867899145e-05
notion,7.454897867899145e-05
vise,7.454897867899145e-05
crapulerie,7.454897867899145e-05
niqués,7.454897867899145e-05
mahrez,7.454897867899145e-05
lourd,7.454897867899145e-05
salvadoriens,7.454897867899145e-05
cr7,7.454897867899145e-05
marocains,7.454897867899145e-05
sevran,7.454897867899145e-05
saluent,7.454897867899145e-05
mademoiselle,7.433838834374005e-05
gambi,7.433838834374005e-05
gosses,7.433838834374005e-05
habits,7.433838834374005e-05
dm,7.433838834374005e-05
tirent,7.433838834374005e-05
sous-estimes,7.433838834374005e-05
noire,7.433838834374005e-05
prénom,7.433838834374005e-05
rues,7.433838834374005e-05
ressers-sers,7.433838834374005e-05
miss-cavel,7.433838834374005e-05
équipes,7.433838834374005e-05
abdel,7.433838834374005e-05
compliqué,7.433838834374005e-05
abdel-frank,7.433838834374005e-05
poule,7.433838834374005e-05
arobase,7.433838834374005e-05
jean-rafik,7.433838834374005e-05
k-way,7.433838834374005e-05
sorry,7.433838834374005e-05
film,7.433838834374005e-05
impliquer,7.433838834374005e-05
kawa,7.433838834374005e-05
racine,7.433838834374005e-05
best,7.433838834374005e-05
navire,7.433838834374005e-05
balle,7.433838834374005e-05
traître,7.433838834374005e-05
axe,7.433838834374005e-05
garçon,7.433838834374005e-05
whatsapp,7.433838834374005e-05
légende,7.433838834374005e-05
moubi,7.433838834374005e-05
'sine,7.433838834374005e-05
na,7.433838834374005e-05
ngambiye,7.433838834374005e-05
sieste,7.433838834374005e-05
caméras,7.433838834374005e-05
hlelix,7.433838834374005e-05
trafique,7.433838834374005e-05
kaméha,7.433838834374005e-05
tapine,7.433838834374005e-05
empire,7.433838834374005e-05
légèrement,7.433838834374005e-05
samantha,7.433838834374005e-05
numéro,7.433838834374005e-05
sère-mi,7.433838834374005e-05
cogne,7.433838834374005e-05
combi',7.433838834374005e-05
treize-mille-deux,7.433838834374005e-05
yacine,7.433838834374005e-05
ju-jul,7.433838834374005e-05
khadad,7.433838834374005e-05
cavani,7.433838834374005e-05
désolé,7.433838834374005e-05
grand,7.317622069583482e-05
pale,7.317622069583482e-05
diront,7.317622069583482e-05
bancal,7.317622069583482e-05
rends,7.317622069583482e-05
do,7.317622069583482e-05
40,7.317622069583482e-05
you,7.317622069583482e-05
cassage,7.317622069583482e-05
crier,7.317622069583482e-05
suce-bite,7.112375533428103e-05
devenir,7.112375533428103e-05
pucelle,7.112375533428103e-05
thalasso,7.112375533428103e-05
pilote,7.112375533428103e-05
patio,7.112375533428103e-05
musique,7.112375533428103e-05
bro,7.112375533428103e-05
naseau,7.112375533428103e-05
assauts,7.112375533428103e-05
poison,7.112375533428103e-05
qualité,7.112375533428103e-05
boussole,7.112375533428103e-05
maso',7.112375533428103e-05
sympathie,7.112375533428103e-05
trafic,7.112375533428103e-05
amnésique,7.112375533428103e-05
rétro,7.112375533428103e-05
mène,7.112375533428103e-05
laissera,7.112375533428103e-05
devenus,7.112375533428103e-05
heuss,7.112375533428103e-05
recel,7.112375533428103e-05
flash,7.112375533428103e-05
guidon,7.112375533428103e-05
mano,7.112375533428103e-05
unfollow,7.112375533428103e-05
passante,7.112375533428103e-05
quantité,7.112375533428103e-05
corse,7.112375533428103e-05
vél',7.112375533428103e-05
puto,7.112375533428103e-05
voyou,7.112375533428103e-05
survêtement,7.112375533428103e-05
accroche,7.112375533428103e-05
secs,7.112375533428103e-05
platines,7.112375533428103e-05
bouger,7.112375533428103e-05
110,7.112375533428103e-05
blablabla,7.112375533428103e-05
culs,7.112375533428103e-05
ribéry,7.112375533428103e-05
r'partir,7.112375533428103e-05
caldo,7.112375533428103e-05
boussoles,7.112375533428103e-05
patiente,7.112375533428103e-05
fric,7.112375533428103e-05
mérité,7.112375533428103e-05
vole,7.112375533428103e-05
remplir,7.112375533428103e-05
frotter,7.112375533428103e-05
tchoupe,7.112375533428103e-05
romanzo,7.112375533428103e-05
uniques,7.112375533428103e-05
italien,7.112375533428103e-05
munich,7.112375533428103e-05
reviendra,7.055171440665946e-05
insultes,7.055171440665946e-05
jacuzzi,7.055171440665946e-05
asseoir,7.055171440665946e-05
aimais,7.055171440665946e-05
principes,7.055171440665946e-05
swarovski,7.055171440665946e-05
pyjama,7.055171440665946e-05
marabouté,7.055171440665946e-05
rihanna,7.055171440665946e-05
balenciaga,7.055171440665946e-05
ski,7.055171440665946e-05
croises,7.055171440665946e-05
certainement,7.055171440665946e-05
sheitana,7.055171440665946e-05
aura,7.055171440665946e-05
charger,7.055171440665946e-05
joué,7.055171440665946e-05
conseils,7.055171440665946e-05
gova,7.055171440665946e-05
but,7.055171440665946e-05
laissez-le,7.055171440665946e-05
branché,7.055171440665946e-05
tch,6.826404532732549e-05
voilà,6.826404532732549e-05
pile,6.826404532732549e-05
enculé,6.826404532732549e-05
mierda,6.826404532732549e-05
grâce,6.826404532732549e-05
france,6.826404532732549e-05
galériens,6.826404532732549e-05
ralentir,6.612007405448236e-05
ment,6.612007405448236e-05
tains-p',6.612007405448236e-05
baratin,6.612007405448236e-05
démarre,6.612007405448236e-05
femme,6.612007405448236e-05
gang,6.612007405448236e-05
otage,6.612007405448236e-05
blond,6.612007405448236e-05
cauchemar,6.612007405448236e-05
lâches,6.612007405448236e-05
'sique,6.612007405448236e-05
parasites,6.612007405448236e-05
roulettes,6.612007405448236e-05
défauchage,6.612007405448236e-05
bourrés,6.612007405448236e-05
gazeux,6.612007405448236e-05
arrêtes,6.612007405448236e-05
mat,6.612007405448236e-05
vélodrome,6.612007405448236e-05
rêverais,6.612007405448236e-05
gazeuses,6.612007405448236e-05
dedans,6.612007405448236e-05
dôme,6.612007405448236e-05
décathlon,6.612007405448236e-05
showcase,6.612007405448236e-05
clochard,6.612007405448236e-05
scream,6.612007405448236e-05
main,6.612007405448236e-05
journée,6.612007405448236e-05
changent,6.612007405448236e-05
battement,6.612007405448236e-05
prochaine,6.612007405448236e-05
crimes,6.612007405448236e-05
égale,6.612007405448236e-05
mômes,6.612007405448236e-05
minimum,6.612007405448236e-05
prévenez-les,6.612007405448236e-05
mètres,6.612007405448236e-05
bateau,6.612007405448236e-05
périmètre,6.612007405448236e-05
tiens,6.612007405448236e-05
résine,6.612007405448236e-05
agrippe,6.612007405448236e-05
patinais,6.612007405448236e-05
régales,6.612007405448236e-05
acheter,6.612007405448236e-05
tourné,6.612007405448236e-05
y'aura,6.612007405448236e-05
insta,6.612007405448236e-05
reconnais,6.612007405448236e-05
lunettes,6.612007405448236e-05
vieux,6.612007405448236e-05
crème,6.612007405448236e-05
naufrage,6.612007405448236e-05
okocha,6.612007405448236e-05
checke,6.612007405448236e-05
attraper,6.612007405448236e-05
vladimir,6.612007405448236e-05
colega,6.612007405448236e-05
verras,6.612007405448236e-05
langues,6.612007405448236e-05
dès,6.612007405448236e-05
fenêtre,6.612007405448236e-05
bâtiment,6.612007405448236e-05
douzes,6.612007405448236e-05
rétine,6.612007405448236e-05
émeute,6.612007405448236e-05
comportement,6.612007405448236e-05
jeunesse,6.612007405448236e-05
muzyka,6.612007405448236e-05
fidèle,6.612007405448236e-05
platinium,6.612007405448236e-05
classiques,6.612007405448236e-05
basile,6.612007405448236e-05
couz',6.612007405448236e-05
raconte,6.612007405448236e-05
audimat,6.612007405448236e-05
montre,6.612007405448236e-05
hasard,6.612007405448236e-05
eto,6.612007405448236e-05
peuvent,6.612007405448236e-05
postale,6.280618012812405e-05
braqué,6.280618012812405e-05
pink,6.280618012812405e-05
villa,6.280618012812405e-05
mocassins,6.280618012812405e-05
trique,6.280618012812405e-05
crises,6.280618012812405e-05
raï,6.280618012812405e-05
boulevard,6.280618012812405e-05
pantacourt,6.280618012812405e-05
y'en,6.280618012812405e-05
mignon,6.280618012812405e-05
plais,6.280618012812405e-05
traque,6.280618012812405e-05
voisin,6.280618012812405e-05
pochons,6.280618012812405e-05
planque,6.280618012812405e-05
déraille,6.280618012812405e-05
toit,6.280618012812405e-05
trunk,6.280618012812405e-05
gsxr,6.280618012812405e-05
pouces,6.280618012812405e-05
chier,6.280618012812405e-05
eu',6.280618012812405e-05
casin',6.280618012812405e-05
dbz,6.280618012812405e-05
croient,6.280618012812405e-05
resté,6.280618012812405e-05
baille,6.280618012812405e-05
rails,6.280618012812405e-05
die,6.280618012812405e-05
arrière,6.280618012812405e-05
électrique,6.280618012812405e-05
bord,6.280618012812405e-05
caché,6.280618012812405e-05
couz,6.280618012812405e-05
crabe,6.280618012812405e-05
piscine,6.280618012812405e-05
ambiance,6.280618012812405e-05
instant,6.280618012812405e-05
magasins,6.280618012812405e-05
cuisine,6.280618012812405e-05
magouillent,6.177415369409385e-05
lèvres,6.177415369409385e-05
rappais,6.177415369409385e-05
entend,6.177415369409385e-05
bijou,6.177415369409385e-05
cent,6.177415369409385e-05
taper,6.177415369409385e-05
blanchi,6.177415369409385e-05
semelle,6.177415369409385e-05
douille,6.177415369409385e-05
bruyne,6.177415369409385e-05
poursuite,6.177415369409385e-05
semoule,6.177415369409385e-05
bouffent,6.177415369409385e-05
sépare,6.177415369409385e-05
tchoutches,6.177415369409385e-05
empêche,6.177415369409385e-05
places,6.177415369409385e-05
stade,6.177415369409385e-05
commençais,6.177415369409385e-05
fatigué,6.177415369409385e-05
célèbre,6.177415369409385e-05
conductrice,6.177415369409385e-05
wizz,6.177415369409385e-05
schmitts,6.177415369409385e-05
2010,6.177415369409385e-05
détends,6.177415369409385e-05
semaine,6.177415369409385e-05
acheté,6.177415369409385e-05
bonnes,6.177415369409385e-05
sifflé,6.177415369409385e-05
déplaise,6.177415369409385e-05
enlevé,6.177415369409385e-05
comptais,6.177415369409385e-05
bulle,6.177415369409385e-05
soldat,6.177415369409385e-05
elles,6.177415369409385e-05
mexico,6.177415369409385e-05
poches,6.177415369409385e-05
cool,6.177415369409385e-05
barcelone,6.177415369409385e-05
bn,6.177415369409385e-05
san,6.177415369409385e-05
cons,6.177415369409385e-05
dépasse,6.177415369409385e-05
deux-trois,6.177415369409385e-05
fiche,6.177415369409385e-05
liverpool,6.177415369409385e-05
excite,6.177415369409385e-05
bryune,6.177415369409385e-05
grands,6.177415369409385e-05
corniche,6.177415369409385e-05
prises,6.177415369409385e-05
vendent,6.177415369409385e-05
chômage,6.177415369409385e-05
maxi,6.177415369409385e-05
descend,6.177415369409385e-05
vegeta,6.177415369409385e-05
excuse,6.177415369409385e-05
good,6.177415369409385e-05
touchais,6.177415369409385e-05
algérie,5.8349865795308155e-05
noires,5.8349865795308155e-05
trouées,5.8349865795308155e-05
rec',5.8349865795308155e-05
khlata,5.8349865795308155e-05
maquillée,5.8349865795308155e-05
disjoncté,5.8349865795308155e-05
halloween-ah,5.8349865795308155e-05
merda,5.8349865795308155e-05
bringue,5.8349865795308155e-05
wahdou,5.8349865795308155e-05
rabatau,5.8349865795308155e-05
hlina,5.8349865795308155e-05
mahboul,5.8349865795308155e-05
mina,5.8349865795308155e-05
wahda,5.8349865795308155e-05
livrer,5.8349865795308155e-05
chauffe,5.8349865795308155e-05
motos,5.8349865795308155e-05
tais-toi,5.8349865795308155e-05
two,5.8349865795308155e-05
tchiriri,5.8349865795308155e-05
deux-deux,5.8349865795308155e-05
cachée,5.8349865795308155e-05
chère,5.8349865795308155e-05
messagerie,5.8349865795308155e-05
abattre,5.8349865795308155e-05
gabbana,5.8349865795308155e-05
vi-sser,5.8349865795308155e-05
seize,5.8349865795308155e-05
sky,5.8349865795308155e-05
reprends,5.8349865795308155e-05
clouer,5.8349865795308155e-05
cristalline-fraise,5.8349865795308155e-05
khabat,5.8349865795308155e-05
three,5.8349865795308155e-05
full,5.8349865795308155e-05
13002,5.8349865795308155e-05
check,5.8349865795308155e-05
viva,5.8349865795308155e-05
mozart,5.8349865795308155e-05
h-24,5.8349865795308155e-05
tk13002,5.8349865795308155e-05
one,5.8349865795308155e-05
gourrer,5.8349865795308155e-05
ajoute-moi,5.8349865795308155e-05
approuvé,5.8349865795308155e-05
fila,5.8349865795308155e-05
euros,5.8349865795308155e-05
vapeurs,5.758378440631067e-05
rond-point,5.758378440631067e-05
nez,5.758378440631067e-05
malheureusement,5.758378440631067e-05
blessé,5.758378440631067e-05
formule,5.758378440631067e-05
avaient,5.758378440631067e-05
vroum,5.758378440631067e-05
école,5.758378440631067e-05
baraqué,5.758378440631067e-05
essayais,5.758378440631067e-05
tonne,5.758378440631067e-05
remonté,5.758378440631067e-05
actions,5.758378440631067e-05
baisé,5.758378440631067e-05
gris,5.758378440631067e-05
foot,5.758378440631067e-05
écartées,5.758378440631067e-05
sûrement,5.758378440631067e-05
sais-pas-qui,5.758378440631067e-05
miennes,5.758378440631067e-05
racler,5.758378440631067e-05
mouvement,5.758378440631067e-05
daronne,5.758378440631067e-05
bagarre,5.758378440631067e-05
ferment,5.758378440631067e-05
charme,5.758378440631067e-05
catcheur,5.758378440631067e-05
chico,5.758378440631067e-05
rêvant,5.758378440631067e-05
rs5,5.758378440631067e-05
béquille,5.758378440631067e-05
ordinateur,5.758378440631067e-05
coude,5.758378440631067e-05
quitte-la,5.758378440631067e-05
lève-toi,5.758378440631067e-05
message,5.758378440631067e-05
vier,5.758378440631067e-05
noir,5.758378440631067e-05
donnes,5.758378440631067e-05
chenef,5.758378440631067e-05
calibre,5.758378440631067e-05
bitcoin,5.758378440631067e-05
bandite,5.758378440631067e-05
pige,5.758378440631067e-05
soucoupe,5.758378440631067e-05
continue,5.758378440631067e-05
texte,5.758378440631067e-05
1,5.758378440631067e-05
fessier,5.758378440631067e-05
achètes,5.758378440631067e-05
aide,5.758378440631067e-05
usine,5.758378440631067e-05
agité,5.758378440631067e-05
cônes,5.758378440631067e-05
guetteur,5.758378440631067e-05
déconne,5.758378440631067e-05
mouv',5.758378440631067e-05
diamant,5.758378440631067e-05
laissez-moi,5.758378440631067e-05
connaissez,5.758378440631067e-05
opinel,5.758378440631067e-05
mens,5.758378440631067e-05
municipale,5.758378440631067e-05
aimant,5.758378440631067e-05
pistonne,5.758378440631067e-05
disque,5.758378440631067e-05
évapore,5.758378440631067e-05
poids,5.758378440631067e-05
sais-tu,5.758378440631067e-05
vit,5.758378440631067e-05
traîner,5.758378440631067e-05
monument,5.758378440631067e-05
tchatcheur,5.758378440631067e-05
mou,5.758378440631067e-05
décolle,5.758378440631067e-05
karaté,5.758378440631067e-05
abbé,5.758378440631067e-05
akon,5.758378440631067e-05
mexicains,5.758378440631067e-05
mmh,5.758378440631067e-05
rattraperas,5.758378440631067e-05
succombes,5.758378440631067e-05
mou-mou,5.758378440631067e-05
apaiser,5.758378440631067e-05
prods,5.758378440631067e-05
cabrer,5.758378440631067e-05
pose,5.758378440631067e-05
mythonne,5.758378440631067e-05
kalash',5.758378440631067e-05
exprès,5.758378440631067e-05
pierre,5.758378440631067e-05
chargés,5.758378440631067e-05
deuxième,5.758378440631067e-05
civ',5.758378440631067e-05
ratent,5.758378440631067e-05
ligaments,5.758378440631067e-05
ampleur,5.758378440631067e-05
baratine,5.758378440631067e-05
lattes,5.758378440631067e-05
indé',5.758378440631067e-05
enfer,5.758378440631067e-05
ronne-da,5.758378440631067e-05
rapide,5.758378440631067e-05
costard-vapor,5.758378440631067e-05
garagiste,5.758378440631067e-05
parapluie,5.758378440631067e-05
dom,5.758378440631067e-05
aillent,5.758378440631067e-05
achèves,5.758378440631067e-05
laide,5.758378440631067e-05
flèche,5.758378440631067e-05
icône,5.758378440631067e-05
compose,5.758378440631067e-05
bientôt,5.758378440631067e-05
youtube,5.758378440631067e-05
vanessa,5.758378440631067e-05
porté,5.060728744939227e-05
prod,5.060728744939227e-05
sonnés,5.060728744939227e-05
puff,5.060728744939227e-05
mcdo,5.060728744939227e-05
giros,5.060728744939227e-05
mounir,5.060728744939227e-05
klaxonne,5.060728744939227e-05
acquitter,5.060728744939227e-05
mauves,5.060728744939227e-05
feront,5.060728744939227e-05
reprise,5.060728744939227e-05
explose,5.060728744939227e-05
massas,5.060728744939227e-05
chargée,5.060728744939227e-05
queue,5.060728744939227e-05
little,5.060728744939227e-05
chattes,5.060728744939227e-05
crachats,5.060728744939227e-05
art,5.060728744939227e-05
crédit,5.060728744939227e-05
larguée,5.060728744939227e-05
50k,5.060728744939227e-05
21,5.060728744939227e-05
effet,5.060728744939227e-05
leurs,5.060728744939227e-05
gaucher,5.060728744939227e-05
robben,5.060728744939227e-05
bafa,5.060728744939227e-05
clients,5.060728744939227e-05
bitchiz,5.060728744939227e-05
boudiné,5.060728744939227e-05
allumer,5.060728744939227e-05
laisse-les,5.060728744939227e-05
classique,5.060728744939227e-05
brille,5.060728744939227e-05
aubaine,5.060728744939227e-05
dangereux,5.060728744939227e-05
parlais,5.060728744939227e-05
mariage,5.060728744939227e-05
siste-gro,5.060728744939227e-05
durs,5.060728744939227e-05
hassas,5.060728744939227e-05
appel,5.060728744939227e-05
aujourd'hui,5.060728744939227e-05
revnu,5.060728744939227e-05
man,5.060728744939227e-05
crapules,5.060728744939227e-05
kheys,5.060728744939227e-05
cramé,5.060728744939227e-05
putains,5.060728744939227e-05
mairie,5.060728744939227e-05
crado,5.060728744939227e-05
sex,5.060728744939227e-05
50,5.060728744939227e-05
cav,5.060728744939227e-05
mythone,5.060728744939227e-05
maton,5.060728744939227e-05
k,5.060728744939227e-05
augmenté,5.060728744939227e-05
pleurais,5.060728744939227e-05
bouillave,5.060728744939227e-05
guerilla,5.060728744939227e-05
quota,5.060728744939227e-05
pompeurs,5.060728744939227e-05
bloqués,5.060728744939227e-05
synchro,5.060728744939227e-05
ak,5.060728744939227e-05
brise,5.060728744939227e-05
murders,5.060728744939227e-05
jalousé,5.060728744939227e-05
demi-tour,5.060728744939227e-05
paranos,5.060728744939227e-05
audemar,5.060728744939227e-05
ariane,5.060728744939227e-05
baraka,5.060728744939227e-05
avis,5.060728744939227e-05
aube,5.060728744939227e-05
libérable,5.060728744939227e-05
leuleu,5.060728744939227e-05
cherché,5.060728744939227e-05
short,5.060728744939227e-05
homard,5.060728744939227e-05
auront,5.060728744939227e-05
vente,5.060728744939227e-05
longtemps,5.060728744939227e-05
zine,5.060728744939227e-05
pesqué,5.060728744939227e-05
remballe,5.060728744939227e-05
gay,5.060728744939227e-05
cooper,5.060728744939227e-05
arah,5.060728744939227e-05
critiquais,5.060728744939227e-05
lee,5.060728744939227e-05
déterminés,5.060728744939227e-05
zincou,5.060728744939227e-05
travers,5.060728744939227e-05
dansé,5.060728744939227e-05
embêter,5.060728744939227e-05
suceurs,5.060728744939227e-05
au-delà,5.060728744939227e-05
reuf,5.060728744939227e-05
boca,5.060728744939227e-05
âne,5.060728744939227e-05
faisaient,5.060728744939227e-05
me-da,5.060728744939227e-05
gazé,5.060728744939227e-05
célibataire,5.060728744939227e-05
hassa,5.060728744939227e-05
purge,5.060728744939227e-05
appart,3.9044198032172076e-05
vanter,3.9044198032172076e-05
déguste',3.9044198032172076e-05
assoc',3.9044198032172076e-05
anti-pointeur,3.9044198032172076e-05
suffit,3.9044198032172076e-05
quinte,3.9044198032172076e-05
abandonner,3.9044198032172076e-05
redescend,3.9044198032172076e-05
bravo,3.9044198032172076e-05
briganté,3.9044198032172076e-05
costaud,3.9044198032172076e-05
barreau,3.9044198032172076e-05
françois,3.9044198032172076e-05
john,3.9044198032172076e-05
fourrière,3.9044198032172076e-05
étrier,3.9044198032172076e-05
taffent,3.9044198032172076e-05
venu,3.9044198032172076e-05
drôle,3.9044198032172076e-05
carries,3.9044198032172076e-05
tourner,3.9044198032172076e-05
pise,3.9044198032172076e-05
esquives,3.9044198032172076e-05
prest',3.9044198032172076e-05
phare,3.9044198032172076e-05
cariste,3.9044198032172076e-05
bleu,3.9044198032172076e-05
hésite,3.9044198032172076e-05
adresse,3.9044198032172076e-05
guerre,3.9044198032172076e-05
braise,3.9044198032172076e-05
brises,3.9044198032172076e-05
écossais,3.9044198032172076e-05
vodka-gingembre,3.9044198032172076e-05
boite,3.9044198032172076e-05
levais,3.9044198032172076e-05
remuer,3.9044198032172076e-05
carreau,3.9044198032172076e-05
écrase,3.9044198032172076e-05
best-best,3.9044198032172076e-05
banco,3.9044198032172076e-05
instru,3.9044198032172076e-05
salade,3.9044198032172076e-05
taffé,3.9044198032172076e-05
médias,3.9044198032172076e-05
pilotage,3.9044198032172076e-05
embête,3.9044198032172076e-05
continuent,3.9044198032172076e-05
placement,3.9044198032172076e-05
brest,3.9044198032172076e-05
psy4,3.9044198032172076e-05
porcs,3.9044198032172076e-05
4,3.9044198032172076e-05
condés,3.9044198032172076e-05
carew,3.9044198032172076e-05
voitures,3.9044198032172076e-05
viennent,3.9044198032172076e-05
touches,3.9044198032172076e-05
brevet,3.9044198032172076e-05
jette-moi,3.9044198032172076e-05
nid,3.9044198032172076e-05
blindé,3.9044198032172076e-05
palaces,3.9044198032172076e-05
santé,3.9044198032172076e-05
trucs,3.9044198032172076e-05
alliance,3.9044198032172076e-05
pétillaient,3.9044198032172076e-05
tournerai,3.9044198032172076e-05
dieu,3.9044198032172076e-05
blesse,3.9044198032172076e-05
conte,3.9044198032172076e-05
payer,3.9044198032172076e-05
vivre,3.9044198032172076e-05
fréquenté,3.9044198032172076e-05
under-test,3.9044198032172076e-05
kalashs,3.9044198032172076e-05
menotté,3.9044198032172076e-05
rires,3.9044198032172076e-05
kara,3.9044198032172076e-05
attendu,3.9044198032172076e-05
besse,3.9044198032172076e-05
r,3.9044198032172076e-05
booker,3.9044198032172076e-05
sapés,3.9044198032172076e-05
blabla,3.9044198032172076e-05
mois,3.9044198032172076e-05
rêve,3.9044198032172076e-05
trembler,3.9044198032172076e-05
entête,3.9044198032172076e-05
respecte,3.9044198032172076e-05
steak,3.9044198032172076e-05
braveheart,3.9044198032172076e-05
plainte,3.9044198032172076e-05
silence,3.9044198032172076e-05
blase,3.9044198032172076e-05
brava,3.9044198032172076e-05
victoire,3.9044198032172076e-05
fichés,3.9044198032172076e-05
charisme,3.9044198032172076e-05
understand,3.9044198032172076e-05
debout,3.9044198032172076e-05
sang-froid,3.9044198032172076e-05
zonzon,3.9044198032172076e-05
plaisanter,3.9044198032172076e-05
beur',3.9044198032172076e-05
ciro,3.9044198032172076e-05
affaire,3.9044198032172076e-05
mêle,3.9044198032172076e-05
loi,3.9044198032172076e-05
grattent,3.9044198032172076e-05
bendo-bendo,3.9044198032172076e-05
rigole,3.9044198032172076e-05
tié,3.9044198032172076e-05
odeur,3.9044198032172076e-05
endette,3.9044198032172076e-05
enquête,3.9044198032172076e-05
témoin,3.9044198032172076e-05
fiat,3.9044198032172076e-05
compté,3.9044198032172076e-05
croupier,3.9044198032172076e-05
barreaux,3.9044198032172076e-05
salastr',3.9044198032172076e-05
débons',3.9044198032172076e-05
jujujul,3.9044198032172076e-05
briller,3.9044198032172076e-05
plantée,3.9044198032172076e-05
tarot,3.9044198032172076e-05
frissonner,3.9044198032172076e-05
empreintes,3.9044198032172076e-05
contre-sens,3.9044198032172076e-05
batards,3.9044198032172076e-05
vraiment,3.9044198032172076e-05
please,3.9044198032172076e-05
3,3.9044198032172076e-05
salie,3.9044198032172076e-05
évasion,3.9044198032172076e-05
shmits,3.9044198032172076e-05
keuf-keuf,3.9044198032172076e-05
port,3.9044198032172076e-05
zik',3.9044198032172076e-05
points,3.9044198032172076e-05
opj,3.9044198032172076e-05
kapa',3.9044198032172076e-05
bénèf,3.9044198032172076e-05
maçon,3.9044198032172076e-05
gaffes,3.9044198032172076e-05
nuques,3.9044198032172076e-05
fiers,3.9044198032172076e-05
'ssion,3.9044198032172076e-05
lèvent,3.9044198032172076e-05
construire,3.9044198032172076e-05
mourir,3.9044198032172076e-05
peuf'-peuf',3.9044198032172076e-05
restes,3.9044198032172076e-05
sentais,3.9044198032172076e-05
pablo,3.9044198032172076e-05
zing-zing,3.9044198032172076e-05
bucarest,3.9044198032172076e-05
plaise,3.9044198032172076e-05
quelque,3.9044198032172076e-05
menaces,3.9044198032172076e-05
respect,3.9044198032172076e-05
joint,3.9044198032172076e-05
raconté,3.9044198032172076e-05
dégouté,3.9044198032172076e-05
zinzin,3.9044198032172076e-05
journeaux,3.9044198032172076e-05
réaliser,3.9044198032172076e-05
penche,3.9044198032172076e-05
valable,3.9044198032172076e-05
mains,3.9044198032172076e-05
jeux,3.9044198032172076e-05
cherchera,3.9044198032172076e-05
bander,3.9044198032172076e-05
dommage,3.9044198032172076e-05
profs,3.9044198032172076e-05
bénèf',3.9044198032172076e-05
habites,3.9044198032172076e-05
2003,3.9044198032172076e-05
mangerai,3.9044198032172076e-05
mma,3.9044198032172076e-05
grattant,3.9044198032172076e-05
cheh,3.4132022663662747e-05
vroum-vroum-vroum-vroum,3.4132022663662747e-05
bouffon,3.4132022663662747e-05
ah-ah,3.4132022663662747e-05
couille,3.4132022663662747e-05
vénère,3.4132022663662747e-05
métier,3.4132022663662747e-05
dîner,3.4132022663662747e-05
salon,3.4132022663662747e-05
resto,3.4132022663662747e-05
maudits,3.4132022663662747e-05
cannabis,3.4132022663662747e-05
heh,3.4132022663662747e-05
rs7,3.4132022663662747e-05
sataniques,3.4132022663662747e-05
éteindre,3.4132022663662747e-05
parents,3.4132022663662747e-05
english,3.4132022663662747e-05
affiche,3.4132022663662747e-05
biche,3.4132022663662747e-05
étend,3.4132022663662747e-05
empile,3.4132022663662747e-05
patek,3.4132022663662747e-05
akha,3.4132022663662747e-05
cellule,3.4132022663662747e-05
bourre,3.4132022663662747e-05
voyent,3.4132022663662747e-05
passion,3.4132022663662747e-05
tasser,3.4132022663662747e-05
philippe,3.4132022663662747e-05
viendront,3.4132022663662747e-05
pét',3.4132022663662747e-05
qué,3.4132022663662747e-05
woo-woo-woo,3.4132022663662747e-05
galérien,3.4132022663662747e-05
idées,3.4132022663662747e-05
insulte,3.4132022663662747e-05
voudront,3.4132022663662747e-05
saveur,3.4132022663662747e-05
épaulent,3.4132022663662747e-05
king,3.4132022663662747e-05
affût,3.4132022663662747e-05
tontons,3.4132022663662747e-05
savoure,3.4132022663662747e-05
fermé,3.4132022663662747e-05
chose,3.4132022663662747e-05
terrain,3.4132022663662747e-05
apaise,3.4132022663662747e-05
herbe,3.4132022663662747e-05
minuit,3.4132022663662747e-05
abîmé,3.4132022663662747e-05
encule,3.4132022663662747e-05
oublient,3.4132022663662747e-05
dèche,3.4132022663662747e-05
lacets,3.4132022663662747e-05
07,3.4132022663662747e-05
partie,3.4132022663662747e-05
p'tites,3.4132022663662747e-05
teu-teu,3.4132022663662747e-05
attendent,3.4132022663662747e-05
bahamas,3.4132022663662747e-05
titanic,3.4132022663662747e-05
marrant,3.4132022663662747e-05
30,3.4132022663662747e-05
t-max,3.4132022663662747e-05
feux,3.4132022663662747e-05
revenir,3.4132022663662747e-05
front,3.4132022663662747e-05
blèche,3.4132022663662747e-05
alaoui,3.4132022663662747e-05
marron,3.4132022663662747e-05
tannée,3.4132022663662747e-05
djoba,3.4132022663662747e-05
kicks,3.4132022663662747e-05
ju-ju-jul,3.4132022663662747e-05
tt,3.4132022663662747e-05
émotions,3.4132022663662747e-05
crack,3.4132022663662747e-05
portes,3.4132022663662747e-05
rêvais,3.4132022663662747e-05
prisons,3.4132022663662747e-05
observes,3.4132022663662747e-05
mettrais,3.4132022663662747e-05
touristes,3.4132022663662747e-05
éteint,3.4132022663662747e-05
lacrizeotiek,3.4132022663662747e-05
zoner,3.4132022663662747e-05
surveille,3.4132022663662747e-05
showcases,3.4132022663662747e-05
intégral,3.4132022663662747e-05
sûr,3.4132022663662747e-05
pleine,3.4132022663662747e-05
woo,3.4132022663662747e-05
verra,3.4132022663662747e-05
touffe,3.4132022663662747e-05
tendres,3.4132022663662747e-05
demandes,3.4132022663662747e-05
klaouis,3.4132022663662747e-05
crique,3.4132022663662747e-05
fais-moi,3.4132022663662747e-05
devoir,3.4132022663662747e-05
bij',3.4132022663662747e-05
bastos,3.4132022663662747e-05
prêté,3.4132022663662747e-05
continuez,3.4132022663662747e-05
stick,3.4132022663662747e-05
quilles,3.4132022663662747e-05
marcel,3.4132022663662747e-05
colo,3.4132022663662747e-05
poche,3.4132022663662747e-05
risques,3.4132022663662747e-05
heureusement,3.4132022663662747e-05
posais,3.4132022663662747e-05
fz,3.4132022663662747e-05
rode,3.4132022663662747e-05
ras,3.4132022663662747e-05
'culé,3.4132022663662747e-05
coño,3.4132022663662747e-05
centre,3.4132022663662747e-05
traînait,3.4132022663662747e-05
endroits,3.4132022663662747e-05
blesses,3.4132022663662747e-05
choquer,3.4132022663662747e-05
paroles,3.4132022663662747e-05
panique,3.4132022663662747e-05
gauche,3.4132022663662747e-05
parrain,3.4132022663662747e-05
choque-les,3.4132022663662747e-05
ci,3.4132022663662747e-05
angoissé,3.4132022663662747e-05
minus,3.4132022663662747e-05
macadam,3.4132022663662747e-05
woo-woo,3.4132022663662747e-05
pec',3.4132022663662747e-05
pa-pa-pam-pam,3.4132022663662747e-05
tarpin,3.4132022663662747e-05
2019,3.4132022663662747e-05
écoute-moi,3.4132022663662747e-05
pah-pah-pah-pah,3.4132022663662747e-05
piquent,3.4132022663662747e-05
gosse,3.4132022663662747e-05
salopes,3.4132022663662747e-05
pauvres,3.4132022663662747e-05
lit,3.4132022663662747e-05
grille,3.4132022663662747e-05
bat,3.4132022663662747e-05
moins,3.4132022663662747e-05
quartiers,3.4132022663662747e-05
bouffeurs,3.4132022663662747e-05
rechargé,3.4132022663662747e-05
ramène-moi,3.4132022663662747e-05
calan,3.4132022663662747e-05
belvedere,3.4132022663662747e-05
hatem,3.4132022663662747e-05
mat',3.4132022663662747e-05
juge,3.4132022663662747e-05
nuque,3.4132022663662747e-05
teuteu,3.4132022663662747e-05
djobi,3.4132022663662747e-05
reviennent,3.4132022663662747e-05
kilos,3.4132022663662747e-05
saint-patrick,3.4132022663662747e-05
speak,3.4132022663662747e-05
4motion,3.4132022663662747e-05
postés,3.4132022663662747e-05
sympathique,3.4132022663662747e-05
rdv,3.4132022663662747e-05
barrer,3.4132022663662747e-05
retour,3.4132022663662747e-05
comprennent,3.4132022663662747e-05
embarquent,3.4132022663662747e-05
bou-bou-bou-bou-bou,3.4132022663662747e-05
grand-mère,3.4132022663662747e-05
