je,0.08834903029842521
comme,0.015166765576666732
leum,0.011627906976744356
27,0.011424554567164296
pour,0.008848749701023666
vends,0.006836847973395205
tout,0.006071906817233634
seum,0.005813953488372178
reums,0.005813953488372178
pute,0.005799478162383897
trop,0.005527649807340902
numéro,0.005437694558149549
finition,0.005225080385852166
donne-moi,0.005181766762649192
négro,0.004899463289044472
double,0.0046228773482720285
audemars,0.004589160839160907
prends,0.004109990541144284
bien,0.004067133717091985
sinaloa,0.0040391156462585625
tous,0.003941405018312991
monde,0.0038392331235243536
tieks,0.0038204585075668437
brille,0.0037406483790524236
toi,0.0037124443214307107
besoin,0.0036080886330507205
nigga,0.0036023251744428204
cash,0.0035692281032790253
elle,0.0035654831999741934
rentrer,0.003552087002465709
c,0.003552087002465709
loi,0.003401360544217737
h,0.0033682634730539418
bonne,0.0033534029553851014
biz,0.003352490421455988
back,0.0032786081173970054
nous,0.003263936036566168
kalachnikov,0.003235294117647106
bitch,0.0031797639833705607
veut,0.0031436896896016426
toujours,0.0031200702799997213
même,0.003109756670383817
mets,0.0029119745900557394
future,0.0028892000177085262
voir,0.002870288707217208
gros,0.002829143623897221
oui,0.002809595692081852
copine,0.002757352941176511
sale,0.0027392692733359736
attends,0.0026549989881737217
il,0.0026311477614792554
tué,0.002622377622377661
belek,0.0026083467094703433
hnouch,0.0026083467094703433
chez,0.002549266635081256
bando,0.0025247489353305416
base,0.0025080256821830224
déjà,0.0024968126007273847
moi,0.002437442624784619
va,0.0024207206653669455
thug,0.002411575562701
shit,0.0023940916534751634
deux,0.0023726106088213716
vois,0.00233904051389973
leur,0.0023137262129444215
juste,0.0022629868198796722
plein,0.0022507849831739867
kaaris,0.002209244378207294
peux,0.0021535762803843736
lingots,0.0021231422505308167
euros,0.0021231422505308167
lambos,0.0021231422505308167
toutes,0.0020522140357293506
2-7,0.0020273629797067363
vas,0.0019749546588055194
petit,0.0019687942018757135
gos,0.0019439240664418918
docteur,0.0019205662314801515
briller,0.0018703241895262118
cleef,0.0018703241895262118
brilles,0.0018703241895262118
van,0.0018703241895262118
vitrines,0.0018703241895262118
cette,0.0018450498806369007
beuh,0.001821152634265563
quand,0.0018097682708272248
thugga,0.0018086816720257499
hold,0.001764705882352967
télescope,0.001764705882352967
démarrage,0.001764705882352967
appeler,0.001764705882352967
up,0.001764705882352967
sous,0.0017461222053147423
nique,0.0017332435862806345
fuck,0.0017307647195650264
devant,0.0017091957335212563
négros,0.0017074027722875685
passe,0.0017057800395348967
270,0.0016926777151854333
boloss,0.001686501455821444
devras,0.0016841317365269709
vélo,0.0016544117647059066
parle,0.0016505979332769004
rotor,0.0016490799071408565
rien,0.001637973903931349
double-double,0.001617647058823553
chatte,0.0016093781807006381
cul,0.001607579721739117
jamais,0.0015609826471524257
k,0.001558834527355072
lui,0.0015515162550525528
regarde,0.0015446289040154516
ont,0.001543353863515429
prendre,0.0015428584257011655
sang,0.0015168636504743764
buteur,0.0015048154093098135
par,0.0014942330064540497
grosses,0.0014928748577004612
coke,0.0014838407371983208
vu,0.0014821301178593108
pif,0.0014789079082229916
vraies,0.0014740227301111744
soigne,0.001470588235294139
après,0.0014485679306467999
fils,0.0014064361565341702
faut,0.0013640407309141217
décharge,0.0013629283489096772
boule,0.0013619046537470692
est-ce,0.0013553500475684344
soit,0.0013442877150860542
montre,0.0013237191212430637
parler,0.0013098802395209773
temps,0.0012960317825964109
pris,0.0012910820750290286
gars,0.0012839596259762087
bolide,0.0012730701781659861
acier,0.0012698133145473945
ouvrir,0.0012601458470335254
aime,0.0012283964523598036
sors,0.00122746245411113
main,0.0011942831717919311
personne,0.0011890187505173746
taille,0.0011842853083262465
signé,0.0011682242990654376
ssiste-gro,0.001167187209968623
dessus,0.001145260702981859
bigo,0.0011440232514996146
crois,0.001143326352781107
raison,0.0011317026810724455
sachent,0.0011227544910179805
binks,0.0011227544910179805
boss,0.0011227544910179805
go,0.0011213830192271248
depuis,0.001115691236755007
leurs,0.0011119129480874946
comment,0.0010916109831814725
feu,0.0010833175714015668
parce,0.0010786791827516581
chaînes,0.0010615711252654084
bagues,0.0010615711252654084
chiennes,0.0010615711252654084
timpes,0.0010615711252654084
reste,0.0010537208759727897
tête,0.001046602667266346
fois,0.001044392828546857
pars,0.0010354831220504269
sens,0.0010316817455641146
aux,0.0010300092621524143
emmène,0.0010294117647058976
amigo,0.0010113268608414386
bistrots,0.0010113268608414386
06,0.0010113268608414386
caille-ra,0.0010113268608414386
bingo,0.0010113268608414386
gringo,0.0010113268608414386
joue,0.0010113268608414386
kalash,0.0010089807995747753
liasse,0.0009985625707445728
baise,0.000994491424704441
dos,0.0009940200400125451
poto,0.0009787501770685744
autre,0.0009659249688627605
pendant,0.0009425059466644984
crache,0.0009415334383973455
cocaïne,0.0009409825334483007
venir,0.0009366446907013501
reviendrai,0.0009351620947631059
bif,0.0009351620947631059
kiffes,0.0009351620947631059
tellement,0.0009289273530102798
beaucoup,0.0009218064850212195
français,0.0009218064850212195
rap,0.0009218064850212195
tire,0.0009210386866753148
ville,0.0009209871869107673
ex,0.0009206561767659994
mort,0.0009071051660609802
couilles,0.0009070877899364483
balle,0.0009002265563045778
toute,0.0008976839443840993
aimes,0.0008950580071269858
lit,0.0008921339032398147
putain,0.0008895929580228878
arrive,0.0008860541277421203
inspirées,0.0008823529411764835
virée,0.0008823529411764835
déchirés,0.0008823529411764835
empirer,0.0008823529411764835
grosse,0.0008747900393364167
zero,0.0008708678274572056
bite,0.0008635634539283797
dernier,0.0008633096126587531
demande,0.0008553172994210114
dingari,0.0008534029553850651
wesh,0.0008512445851162606
restes,0.0008510871952558877
again,0.0008503401360544342
come,0.0008503401360544342
air,0.0008432545865392786
gles-rè,0.0008427201540974121
rouge,0.0008427201540974121
rappelle,0.0008427201540974121
veulent,0.0008421063228553644
surtout,0.0008419464887439606
seras,0.0008356151449343905
came,0.000834376211833466
tuer,0.0008282513987628427
bang,0.0008200137789622281
allumer,0.0008193811505184718
pense,0.0008108792231684234
argent,0.0008046083923803228
trou,0.0007999055290172569
orh,0.0007766064949492326
sûr,0.0007693123777017092
therapy,0.0007688133298403496
click,0.0007678645738666371
bon,0.0007678436864979694
train,0.0007643153309190265
sera,0.0007562216160058924
écris,0.0007559154328817361
9-3,0.0007538549400342772
quelques,0.0007517256040806413
maison,0.0007461746380795418
marche,0.0007374315534429765
bravas,0.0007352941176470695
caisse,0.0007345158176513423
string,0.0007343793185330622
entre,0.0007331566347469327
sent,0.0007285217171853302
mieux,0.0007220755335982567
ak,0.0007207069970943952
condés,0.0007183908045977117
pét',0.0007183908045977117
ramassent,0.0007183908045977117
flex,0.0007183908045977117
bombé,0.0007183908045977117
tasse,0.0007183908045977117
défoncer,0.0007183908045977117
pompiers,0.0007183908045977117
dur,0.0007089680532407241
vous,0.000705172567093682
conne,0.0007016431496663682
encore,0.0006950474993259504
vide,0.000691340466838242
pure,0.0006899188721904609
scène,0.0006811925752334289
mathafack,0.0006634819532908802
tiens,0.000660716731976107
murs,0.0006555944055944153
bosnie-herzégovine,0.0006555944055944153
état,0.0006555944055944153
termine,0.0006555944055944153
innocent,0.0006555944055944153
vermines,0.0006555944055944153
copines,0.0006555944055944153
rôde,0.0006555944055944153
quel,0.0006555944055944153
essentiel,0.0006555944055944153
superficiel,0.0006555944055944153
opel,0.0006555944055944153
rouler,0.0006555944055944153
arriver,0.0006555944055944153
berlines,0.0006555944055944153
ciel,0.0006555944055944153
hôtel,0.0006555944055944153
s,0.0006439943458691461
crime,0.0006439943458691461
peut,0.0006364330235450979
joint,0.0006359525268253094
coup,0.0006347123235515872
paire,0.0006313312694966531
putes,0.0006274560922916455
marion,0.0006234413965087373
maréchal,0.0006234413965087373
bites,0.0006138554191912266
sort,0.0006128025490567109
rétro,0.0006054953745616589
compté,0.0006041946326184544
dès,0.0006038647342995258
fissa,0.0006038647342995258
zen,0.0006038647342995258
teudy,0.00060289389067525
plusieurs,0.00060289389067525
entasse,0.00060289389067525
hé,0.00060289389067525
big,0.0006019080479238288
guerre,0.0006018292129601243
gueule,0.0005982941891548148
balles,0.0005982941891548148
houdini,0.0005969574442813234
mange,0.0005904891069351233
tant,0.0005890550089531635
mauvaise,0.0005890550089531635
posé,0.0005889751303694788
photo,0.0005849160489050017
produit,0.0005836153069617972
rentre,0.0005827944285723198
petits,0.0005816875813373529
être,0.0005815644228491455
prête,0.0005792482303524619
fume,0.0005791696338306488
pue,0.0005752161272310769
cherche,0.0005732316291002466
vers,0.0005732316291002466
glock,0.000572228891556631
ensemble,0.0005707762557077709
dure,0.0005707762557077709
oeil,0.0005707762557077709
continue,0.0005707762557077709
maintenant,0.0005707762557077709
paroles,0.0005689555468502332
allume,0.0005643367232483444
gracier,0.0005613772455089903
prochaine,0.0005577896095773509
afrique,0.0005514705882353022
ouest,0.0005514705882353022
phone,0.0005514705882353022
mande,0.0005514705882353022
fondations,0.0005514705882353022
faute,0.0005514705882353022
femme,0.0005514705882353022
perdre,0.0005452684488156636
dois,0.0005452514697984689
lars,0.0005450581395348917
jaune,0.0005427275035987368
mec,0.0005420500009881791
préfère,0.0005415695042683906
mc,0.0005414974978755627
bête,0.0005413959686823334
vite,0.0005381884502134567
genre,0.0005373839643502644
oseille,0.0005315244075158231
souvent,0.000529104954083552
dieu,0.000525586402785421
contre,0.000525586402785421
bédo,0.000525491095314538
four,0.000524851729386456
salope,0.000524851729386456
heure,0.000524851729386456
armée,0.0005234489198852841
ennemis,0.0005221044903466553
rue,0.0005213103205354073
baiser,0.0005213103205354073
affaire,0.0005207867693862562
place,0.0005204638356812346
levrette,0.0005204638356812346
père,0.0005204638356812346
police,0.0005158706185440413
fond,0.0005151714334692173
p'tits,0.0005145174011633714
avant,0.0005069478876641696
futur,0.0005039195963853571
mauvais,0.0005003434494817108
sevran,0.0004982866827190616
aller,0.0004966364169940024
bras,0.0004923402482011985
savent,0.0004890581156527596
conseils,0.00048575589656153024
prison,0.00048575589656153024
ours,0.00048575589656153024
4,0.00048361841366139345
quatre,0.00048361841366139345
coeur,0.0004820205863558777
djingos,0.0004812433955618246
tue,0.0004800921776981251
débarque,0.0004800921776981251
terrain,0.00047892720306514107
reconnais,0.0004767111236431911
mère,0.000474712844945977
noir,0.0004744592640318296
attrape,0.00047248101947806745
vuitton,0.00046921165726565285
nuit,0.00046921165726565285
louis,0.00046921165726565285
oublie,0.00046913282230194825
merde,0.00046876641042811377
garçon,0.0004679680861108557
lignes,0.00046758104738155295
tabac,0.00046758104738155295
non,0.00046758104738155295
spliff,0.00046758104738155295
arme,0.000467074174365516
cru,0.000467074174365516
rend,0.0004663574115414354
bas,0.00046009683116059164
‘uc,0.0004520486355461791
bruit,0.00044997799618601216
mal,0.0004496452229850226
rester,0.00044899119067917675
fermer,0.00044899119067917675
ouais,0.00044834448104181813
tourner,0.00044441708891254466
mis,0.0004420839006609744
rimes,0.0004417289737008583
auto,0.0004417289737008583
amour,0.00044124847698106975
cuisine,0.00044124847698106975
mate,0.00044117647058824176
problèmes,0.00043706293706294346
contrôlent,0.00043706293706294346
traverse,0.00043706293706294346
bâtard,0.0004346287578079389
coffre,0.0004346287578079389
bord,0.0004346287578079389
mêler,0.00043244695138329936
gang,0.00043244695138329936
phares,0.00043244695138329936
gucci,0.00043244695138329936
finit,0.00043244695138329936
inquiète,0.00043120338022850223
soleil,0.00043120338022850223
seul,0.0004290658973283654
roule,0.0004277214677897366
boko,0.0004251700680272171
plat,0.0004251700680272171
tchoin,0.0004251700680272171
détente,0.0004251700680272171
y'aura,0.0004251700680272171
plats,0.0004251700680272171
appelle,0.0004207968406997595
93,0.00042014316644849376
vert,0.00041949609875655507
hardcore,0.00041808451851206146
mots,0.0004148504061818963
prend,0.00041354966423869186
profond,0.00040728908385784815
carrière,0.00040728908385784815
cartel,0.00040728908385784815
drogue,0.00040565721703446854
cassé,0.0004045307443365755
biff,0.0004032300023933711
humeur,0.0004019292604501667
manoir,0.0004019292604501667
extorsion,0.0004019292604501667
cello,0.0004019292604501667
dis-moi,0.0004019292604501667
bifton,0.0004019292604501667
tard,0.0004019292604501667
scarlas,0.0004019292604501667
prépare,0.0004019292604501667
puis,0.0004019292604501667
refou,0.0004019292604501667
barbares,0.0004019292604501667
viser,0.0004019292604501667
avance,0.0004019292604501667
transaction,0.0004019292604501667
thuggas,0.0004019292604501667
broliqué,0.0004019292604501667
passera,0.0004019292604501667
pispa,0.00040128410914928354
suce,0.00040021751504310226
équipe,0.0003997107825166053
terre,0.0003997107825166053
liasses,0.00039808917197452817
donne,0.00039640856342537597
armes,0.00039640856342537597
deuspi,0.0003956686800693229
compte,0.00039443867434614874
lune,0.00039443867434614874
reconnu,0.00039443867434614874
fête,0.00039427108052523917
poudrière,0.0003894080996884792
recharge,0.0003894080996884792
réveille,0.0003894080996884792
dirige,0.0003894080996884792
sortir,0.00038776780307763853
bientôt,0.00038652242506198445
frères,0.0003860889015800551
entendre,0.00038570915514120634
joe,0.00038570915514120634
tirer,0.00038570915514120634
avenir,0.00038570915514120634
tour,0.0003847881596368507
sorti,0.0003839514186799183
semi-auto,0.00038265067673671387
bande,0.0003742514970059935
crues,0.0003742514970059935
connais,0.0003721599921907466
petite,0.00036844538314079287
dis,0.00036844538314079287
doigt,0.00036844538314079287
grands,0.00036844538314079287
serai,0.0003676470588235348
quelque,0.0003676470588235348
dirai,0.0003676470588235348
casse,0.0003655902920608857
fin,0.0003655902920608857
pandora,0.0003633720930232611
kandahar,0.0003633720930232611
pussy,0.0003633720930232611
très,0.00035650240370182606
flingue,0.0003505643989714239
passer,0.0003505643989714239
yeux,0.0003493241956977017
music,0.0003493241956977017
flow,0.0003493241956977017
clito,0.0003493241956977017
ca,0.00034802345375449723
course,0.00034802345375449723
soeur,0.00034528142467178457
écran,0.00034528142467178457
queue,0.00034176287337365347
garde,0.00034176287337365347
passé,0.00034176287337365347
pouvoir,0.00034176287337365347
mourir,0.00034176287337365347
luxe,0.00033968387853895173
magot,0.00033496176282646383
taro,0.00033496176282646383
seigneur,0.00033496176282646383
rideau,0.00033496176282646383
poubelle,0.00033418457203241065
chaque,0.00033418457203241065
nouvelle,0.00033418457203241065
couronne,0.00033418457203241065
rempli,0.0003308823529411813
mettre,0.0003308823529411813
tester,0.0003308823529411813
bibi,0.0003308823529411813
capable,0.0003308823529411813
coupe,0.0003308823529411813
porte,0.0003287448700410445
casque,0.0003287448700410445
rappe,0.0003274004405024157
porc,0.0003274004405024157
époque,0.0003198221391611728
cible,0.0003198221391611728
ensuite,0.00031651992006994343
emploi,0.0003143824371698066
vitres,0.00031290606130092945
trouve-moi,0.00031172069825436864
galoche,0.00031172069825436864
poignet,0.00031172069825436864
clic,0.00031172069825436864
ture-voi,0.00030291917265659824
devient,0.00030291917265659824
meuf,0.00030291917265659824
vie,0.00030291917265659824
manger,0.00030291917265659824
trouver,0.00030291917265659824
paix,0.00030258639945560865
homme,0.00030258639945560865
partie,0.00030258639945560865
jour,0.00030258639945560865
chemisée,0.0003019323671497629
méditation,0.0003019323671497629
construis,0.0003019323671497629
hein,0.0003019323671497629
trône,0.0003019323671497629
mra,0.0003019323671497629
moët,0.0003019323671497629
pisses,0.0003019323671497629
enceinte,0.0003019323671497629
chandon,0.0003019323671497629
tribord,0.0003019323671497629
demander,0.0003019323671497629
gêne,0.0003019323671497629
sortez,0.0003019323671497629
baises,0.0003019323671497629
jure,0.0003019323671497629
orifice,0.0003019323671497629
sucé,0.0003019323671497629
ile,0.0003019323671497629
éducation,0.0003019323671497629
conserve,0.0003019323671497629
petrossian,0.0003019323671497629
facile,0.0003019323671497629
peace,0.0003019323671497629
desert,0.0003019323671497629
fiacre,0.0003019323671497629
marché,0.0003019323671497629
og,0.0003019323671497629
hefner,0.0003019323671497629
assortiment,0.0003019323671497629
voulu,0.0003019323671497629
babord,0.0003019323671497629
dimanche,0.0003019323671497629
philipp,0.0003019323671497629
frappe,0.0003019323671497629
ramène-moi,0.0003019323671497629
trace,0.0003019323671497629
concert,0.0003019323671497629
classification,0.0003019323671497629
résultats,0.0003019323671497629
fauve,0.0003019323671497629
porcs,0.0003019323671497629
debout,0.0003019323671497629
hugh,0.0003019323671497629
percer,0.0003019323671497629
tomberas,0.0003019323671497629
milady,0.0003019323671497629
radicalisation,0.0003019323671497629
sinon,0.0003019323671497629
feintes,0.0003019323671497629
ferais,0.0003019323671497629
charnier,0.0003019323671497629
clone,0.0003019323671497629
squelettes,0.0003019323671497629
drone,0.0003019323671497629
timor,0.0003019323671497629
placer,0.0003019323671497629
gênes,0.0003019323671497629
chichas,0.0003019323671497629
ring,0.0003019323671497629
matin,0.0003019323671497629
lévitation,0.0003019323671497629
boîtes,0.0003019323671497629
asile,0.0003019323671497629
eagle,0.0003019323671497629
ttes-pa,0.0003019323671497629
cunni,0.0003019323671497629
t-bone,0.0003019323671497629
ajoutée,0.0003019323671497629
p'tit,0.0003019323671497629
édifice,0.0003019323671497629
gueules,0.0003019323671497629
mangusta,0.0003019323671497629
recherche,0.0003019323671497629
pende,0.0003019323671497629
panier,0.0003019323671497629
irak,0.0003019323671497629
courses,0.0003019323671497629
amuser,0.0003019323671497629
chie,0.0003019323671497629
rajouter,0.0003019323671497629
test,0.0003019323671497629
charbons,0.0003019323671497629
bouffer,0.0003019323671497629
argh,0.0003019323671497629
connait,0.0003012856575124042
guette,0.0003012856575124042
laisse-moi,0.0003012856575124042
soulève,0.0003012856575124042
dormir,0.0002950250771315605
cause,0.0002950250771315605
tape,0.0002950250771315605
oreilles,0.0002950250771315605
galères,0.00029411764705882784
donner,0.00029411764705882784
libérez,0.00029411764705882784
matte,0.00029411764705882784
avis,0.00029411764705882784
ceci,0.00029411764705882784
punchs,0.00029411764705882784
braquage,0.00029411764705882784
centrale,0.00029411764705882784
biatch,0.0002885567397853604
cimetière,0.0002885567397853604
ramène,0.0002885567397853604
celui,0.0002874467757903177
frérot,0.00028538812785388544
battle,0.00028538812785388544
mouillent,0.00028538812785388544
pachtoune,0.00028538812785388544
shakespearien,0.00028538812785388544
sortent,0.00028538812785388544
démoulé,0.00028538812785388544
jaser,0.00028538812785388544
v12,0.00028538812785388544
suivent,0.00028538812785388544
rallye,0.00028538812785388544
ak-47,0.00028538812785388544
giboulées,0.00028538812785388544
dire,0.00028538812785388544
chelou,0.00028538812785388544
stard-co,0.00028538812785388544
doudoune,0.00028538812785388544
turban,0.00028538812785388544
cupidon,0.00028538812785388544
scorpion,0.00028538812785388544
vision,0.00028538812785388544
nocturne,0.00028538812785388544
nids,0.00028538812785388544
phrasé,0.00028538812785388544
pluie,0.00028538812785388544
prada,0.00028538812785388544
basée,0.00028538812785388544
restent,0.00028538812785388544
chaleur,0.00028538812785388544
évite,0.00028538812785388544
ouvre-toi,0.00028538812785388544
larme,0.00028538812785388544
élevés,0.00028538812785388544
assure,0.00028538812785388544
khalis,0.00028538812785388544
drame,0.00028538812785388544
talsadoum,0.00028538812785388544
cuisses,0.00028538812785388544
pointe,0.00028538812785388544
salopes,0.00028538812785388544
détend,0.00028538812785388544
school,0.00028538812785388544
ferme,0.00028538812785388544
évasé,0.00028538812785388544
tatoue,0.00028538812785388544
paume,0.00028538812785388544
rondelle,0.00028538812785388544
bidon,0.00028538812785388544
écraser,0.00028538812785388544
hirondelle,0.00028538812785388544
referme,0.00028538812785388544
épaves,0.00028538812785388544
vents,0.00028538812785388544
teur-poin,0.00028538812785388544
frazier,0.00028538812785388544
crack,0.00028538812785388544
saturé,0.00028538812785388544
départ,0.00028538812785388544
recherchés,0.00028538812785388544
appuie-tête,0.00028538812785388544
27zero,0.00028538812785388544
esclaves,0.00028538812785388544
vue,0.00028538812785388544
mûrs,0.00028538812785388544
sésame,0.00028538812785388544
devine,0.00028538812785388544
jetés,0.00028538812785388544
débouler,0.00028538812785388544
traditionnel,0.00028538812785388544
zoome,0.00028538812785388544
pendus,0.00028538812785388544
coin,0.00028538812785388544
sécurité,0.00028538812785388544
étonné,0.00028538812785388544
directionnelles,0.00028538812785388544
ali,0.00028538812785388544
ed,0.00028538812785388544
plaisantent,0.00028538812785388544
lémurien,0.00028538812785388544
piquer,0.00028538812785388544
couvre-toi,0.00028538812785388544
gâteau,0.00028538812785388544
grêle,0.00028538812785388544
parano,0.00028538812785388544
chante,0.00028538812785388544
new,0.00028538812785388544
ler-bran,0.00028538812785388544
traîneau,0.00028538812785388544
ouvre,0.00028538812785388544
fraîchement,0.00028538812785388544
blazé,0.00028538812785388544
désaoulé,0.00028538812785388544
clasher,0.00028538812785388544
caser,0.00028538812785388544
alabama,0.00028538812785388544
truies,0.00028538812785388544
muhammad,0.00028538812785388544
tremblent,0.00028538812785388544
faux,0.0002841445566990883
tombe,0.0002841445566990883
enlève,0.0002841445566990883
été,0.00028200707379895146
tié-pi,0.00028200707379895146
canon,0.00028200707379895146
creux,0.00027975521418759
change,0.00027975521418759
klm,0.0002653927813163521
fou,0.0002653927813163521
maman,0.0002653927813163521
france,0.0002653927813163521
calibre,0.0002653927813163521
pressé,0.0002561813764145052
anal,0.0002561813764145052
grand-mère,0.0002473798508167348
tecktonik,0.00023946360153257053
pote-ca,0.00023946360153257053
pouces,0.00023946360153257053
schnicave,0.00023946360153257053
bodypaint,0.00023946360153257053
100,0.00023946360153257053
taureau,0.00023946360153257053
arrête,0.00023946360153257053
arbres,0.00023946360153257053
billets,0.00023946360153257053
boire,0.00023946360153257053
pourras,0.00023946360153257053
classe,0.00023946360153257053
joug,0.00023946360153257053
saignes,0.00023946360153257053
cous,0.00023946360153257053
manuel,0.00023946360153257053
me-sper,0.00023946360153257053
dernière,0.00023946360153257053
pire,0.00023946360153257053
saura,0.00023946360153257053
tcheck,0.00023946360153257053
clous,0.00023946360153257053
assez,0.00023946360153257053
barboter,0.00023946360153257053
actrice,0.00023946360153257053
djed,0.00023946360153257053
cornes,0.00023946360153257053
épices,0.00023946360153257053
pilote,0.00023946360153257053
meures,0.00023946360153257053
girafe,0.00023946360153257053
tainp',0.00023946360153257053
répleu,0.00023946360153257053
verts,0.00023946360153257053
règne,0.00023946360153257053
flaque,0.00023946360153257053
volonté,0.00023946360153257053
goro,0.00023946360153257053
yeuks,0.00023946360153257053
hs,0.00023946360153257053
demandes,0.00023946360153257053
mé-fer,0.00023946360153257053
bébé,0.00023946360153257053
foot,0.00023946360153257053
cèss,0.00023946360153257053
disparaître,0.00023946360153257053
volontiers,0.00023946360153257053
20,0.00023946360153257053
sphincter,0.00023946360153257053
affaibli,0.00023946360153257053
longues,0.00023946360153257053
macaque,0.00023946360153257053
poches,0.00023946360153257053
monture,0.00023946360153257053
autres,0.00023946360153257053
séquentiel,0.00023946360153257053
kryptonite,0.00023946360153257053
ramsès,0.00023946360153257053
girofle,0.00023946360153257053
fuyais,0.00023946360153257053
hf,0.00023946360153257053
thé,0.00023946360153257053
finir,0.00021853146853147173
téléphone,0.00021853146853147173
life,0.00021853146853147173
flics,0.00021853146853147173
glisser,0.00021853146853147173
fusée,0.00021853146853147173
lines,0.00021853146853147173
factures,0.00021853146853147173
chinois,0.00021853146853147173
super-missile,0.00021853146853147173
spermicide,0.00021853146853147173
podologue,0.00021853146853147173
punchline,0.00021853146853147173
augure,0.00021853146853147173
quitte,0.00021853146853147173
vessie,0.00021853146853147173
vendrais,0.00021853146853147173
préoccupe-toi,0.00021853146853147173
décroche,0.00021853146853147173
fatigue,0.00021853146853147173
usé,0.00021853146853147173
becoli,0.00021853146853147173
taffent,0.00021853146853147173
concours,0.00021853146853147173
vran-se,0.00021853146853147173
machetté,0.00021853146853147173
plaque,0.00021853146853147173
uét,0.00021853146853147173
béret,0.00021853146853147173
occupe,0.00021853146853147173
gagne,0.00021853146853147173
incorruptible,0.00021853146853147173
payer,0.00021853146853147173
humain,0.00021853146853147173
tien,0.00021853146853147173
nuages,0.00021853146853147173
kinois,0.00021853146853147173
fille,0.00021853146853147173
énervé,0.00021853146853147173
sociologue,0.00021853146853147173
dose,0.00021853146853147173
miskina,0.00021853146853147173
pépettes,0.00021853146853147173
sonne,0.00021853146853147173
chiasse,0.00021853146853147173
guwop,0.00021258503401360855
gosier,0.00021258503401360855
large,0.00021258503401360855
fantôme,0.00021258503401360855
risque,0.00021258503401360855
drapeau,0.00021258503401360855
éteindre,0.00021258503401360855
promène,0.00021258503401360855
revenir,0.00021258503401360855
actes,0.00021258503401360855
punir,0.00021258503401360855
stick,0.00021258503401360855
nuits,0.00021258503401360855
champagne,0.00021258503401360855
tires,0.00021258503401360855
trappeur,0.00021258503401360855
arrières,0.00021258503401360855
filles,0.00021258503401360855
magic,0.00021258503401360855
souffert,0.00021258503401360855
écoute,0.00021258503401360855
catégorie,0.00021258503401360855
ben,0.00021258503401360855
nègres,0.00021258503401360855
goleri,0.00021258503401360855
veau-cer,0.00021258503401360855
ramasser,0.00021258503401360855
pédés,0.00021258503401360855
kamagra,0.00021258503401360855
manges,0.00021258503401360855
rosé,0.00021258503401360855
logistique,0.00021258503401360855
pété,0.00021258503401360855
lamborghini,0.00021258503401360855
galilée,0.00021258503401360855
pisse,0.00021258503401360855
tikaves,0.00021258503401360855
planter,0.00021258503401360855
grec,0.00021258503401360855
vend,0.00021258503401360855
avait,0.00021258503401360855
inavouables,0.00021258503401360855
arroser,0.00021258503401360855
barbu,0.00021258503401360855
paro,0.00021258503401360855
gorille,0.00021258503401360855
prétendent,0.00021258503401360855
ronde,0.00021258503401360855
ressemble,0.00021258503401360855
one-one,0.00021258503401360855
bresom,0.00021258503401360855
pétée,0.00021258503401360855
côtés,0.00021258503401360855
dossiers,0.00021258503401360855
tentent,0.00021258503401360855
subsiste,0.00021258503401360855
laden,0.00021258503401360855
mayas,0.00021258503401360855
sudistes,0.00021258503401360855
obi-wan,0.00021258503401360855
fifty,0.00021258503401360855
jango,0.00021258503401360855
voit,0.00021258503401360855
dégotée,0.00021258503401360855
bouche,0.00021258503401360855
fett,0.00021258503401360855
reventón,0.00021258503401360855
rehab,0.00021258503401360855
commis,0.00021258503401360855
haine,0.00021258503401360855
disques,0.00021258503401360855
avaient,0.00021258503401360855
gueuzné,0.00021258503401360855
fumé,0.00021258503401360855
tort,0.00021258503401360855
traîtres,0.00021258503401360855
booder,0.00021258503401360855
crâne,0.00021258503401360855
baisser,0.00021258503401360855
barrières,0.00021258503401360855
puristes,0.00021258503401360855
passent,0.00021258503401360855
règles,0.00021258503401360855
méchant,0.00021258503401360855
équipé,0.00020226537216828775
propriétaire,0.00020226537216828775
pino,0.00020226537216828775
tablier,0.00020226537216828775
atteint,0.00020226537216828775
white,0.00020226537216828775
haze,0.00020226537216828775
voient,0.00020226537216828775
saigner,0.00020226537216828775
fortuné,0.00020226537216828775
sabre,0.00020226537216828775
palmiers,0.00020226537216828775
ciro,0.00020226537216828775
sapé,0.00020226537216828775
loyer,0.00020226537216828775
marbé,0.00020226537216828775
bro,0.00020226537216828775
loto,0.00020226537216828775
généraux,0.00020226537216828775
clio,0.00020226537216828775
tarantino,0.00020226537216828775
mythos,0.00020226537216828775
bélier,0.00020226537216828775
ensanglantée,0.00020226537216828775
interdit,0.00020226537216828775
riant,0.00020226537216828775
papier,0.00020226537216828775
coq,0.00020226537216828775
gomorra,0.00020226537216828775
putos,0.00020226537216828775
souris,0.00020226537216828775
fumer,0.00020226537216828775
carbos,0.00020226537216828775
purple,0.00020226537216828775
maillot,0.00020226537216828775
pizza,0.00020226537216828775
vendent,0.00020226537216828775
rues,0.00020226537216828775
boite,0.00020226537216828775
tanger,0.00020226537216828775
sombre,0.00020226537216828775
étranger,0.00020226537216828775
gantée,0.00020226537216828775
essuie,0.00020226537216828775
luné,0.00020226537216828775
chrome,0.00020226537216828775
entretient,0.00020226537216828775
criminel,0.00020226537216828775
envoie,0.00020226537216828775
croisent,0.00020226537216828775
blaze,0.00020226537216828775
nez,0.00020226537216828775
vant,0.00020226537216828775
rapta,0.00020226537216828775
rejoins,0.00020226537216828775
vodka-sirop,0.00020226537216828775
tourné,0.00020226537216828775
goût,0.00020226537216828775
retraite,0.00020226537216828775
trouve,0.00020226537216828775
caillots,0.00020226537216828775
déplumer,0.00020226537216828775
widow,0.00020226537216828775
calumet,0.00020226537216828775
azzaro,0.00020226537216828775
an,0.00020226537216828775
pénave,0.00020226537216828775
parlent,0.00020226537216828775
vif,0.00020226537216828775
alias,0.00020226537216828775
frère,0.00020226537216828775
rital,0.00020226537216828775
æquo,0.00020226537216828775
sablier,0.00020226537216828775
algérie,0.00020226537216828775
morts,0.00020226537216828775
pablo,0.00020226537216828775
libido,0.00020226537216828775
vies,0.00020226537216828775
proches,0.00020226537216828775
salif,0.00020226537216828775
rate,0.00020226537216828775
igo,0.00020226537216828775
dita,0.00020226537216828775
gp,0.00020226537216828775
marmèle,0.00020226537216828775
alger,0.00020226537216828775
gens,0.00020226537216828775
merco,0.00020226537216828775
grattant,0.00020226537216828775
schlasses,0.00020226537216828775
dubaï,0.00020226537216828775
cannes,0.00020226537216828775
ge'romero,0.00020226537216828775
paris,0.00020096463022508334
riche,0.00020096463022508334
brick,0.00020096463022508334
34,0.00020096463022508334
partir,0.00020096463022508334
moto,0.00020096463022508334
élastique,0.00020096463022508334
péter,0.00020096463022508334
crève,0.00020096463022508334
ketama,0.00020096463022508334
tel-ho,0.00020096463022508334
fakes,0.00020096463022508334
ble-câ,0.00020096463022508334
resqua,0.00020096463022508334
déboule,0.00020096463022508334
fais-leur,0.00020096463022508334
please,0.00020096463022508334
squad,0.00020096463022508334
tièks,0.00020096463022508334
oinj',0.00020096463022508334
gold,0.00020096463022508334
fera,0.00020096463022508334
vas-y,0.00020096463022508334
droit,0.00020096463022508334
boulevard,0.00020096463022508334
tatepa,0.00020096463022508334
rendez-vous,0.00020096463022508334
videra,0.00020096463022508334
ze,0.00020096463022508334
prennent,0.00020096463022508334
brabus,0.00020096463022508334
retou,0.00020096463022508334
gauche,0.00020096463022508334
lequel,0.00020096463022508334
tshop,0.00020096463022508334
bad,0.00020096463022508334
stricte,0.00020096463022508334
anus,0.00020096463022508334
court,0.00020096463022508334
sortie,0.00020096463022508334
peufra,0.00020096463022508334
youss,0.00020096463022508334
parlera,0.00020096463022508334
frigo,0.00020096463022508334
demandé,0.00020096463022508334
vérité,0.00020096463022508334
sonne-per,0.00020096463022508334
plaire,0.00020096463022508334
me-da,0.00020096463022508334
pauvre,0.00020096463022508334
gyrophares,0.00020096463022508334
leto,0.00020096463022508334
ténébreux,0.00020096463022508334
roues,0.00020096463022508334
backeux,0.00020096463022508334
direct,0.00020096463022508334
aero,0.00020096463022508334
mauve,0.00020096463022508334
fouette,0.00020096463022508334
blocka,0.00020096463022508334
fous,0.00020096463022508334
volume,0.00020096463022508334
dopes,0.00020096463022508334
maille,0.00020096463022508334
bigos,0.00020096463022508334
vaux,0.00020096463022508334
cooker,0.00020096463022508334
raclos,0.00020096463022508334
calvaire,0.00020096463022508334
secours,0.00020096463022508334
crient,0.00020096463022508334
fric,0.00020096463022508334
guy,0.00020096463022508334
coxi,0.00020096463022508334
feras,0.00020096463022508334
dope,0.00020096463022508334
visage,0.00020064205457464177
trons-li,0.00020064205457464177
paname,0.00020064205457464177
millions,0.00020064205457464177
malaxer,0.00020064205457464177
blesse,0.00020064205457464177
niaks,0.00020064205457464177
floko,0.00020064205457464177
périmètre,0.00020064205457464177
xvbarbar,0.00020064205457464177
hiver,0.00020064205457464177
jactes,0.00020064205457464177
poussent,0.00020064205457464177
sharks,0.0001947040498442396
rêve,0.0001947040498442396
beleck,0.0001947040498442396
9,0.0001947040498442396
'tasse,0.0001947040498442396
tacheté,0.0001947040498442396
avales,0.0001947040498442396
déplacer,0.0001947040498442396
serre,0.0001947040498442396
émissions,0.0001947040498442396
égorger,0.0001947040498442396
chauffes,0.0001947040498442396
démission,0.0001947040498442396
humaine,0.0001947040498442396
gaz,0.0001947040498442396
juge,0.0001947040498442396
disque,0.0001947040498442396
efforts,0.0001947040498442396
reconnait,0.0001947040498442396
teushi,0.0001947040498442396
versace,0.0001947040498442396
mules,0.0001947040498442396
chicots,0.0001947040498442396
démarque,0.0001947040498442396
armées,0.0001947040498442396
révèle,0.0001947040498442396
publique,0.0001947040498442396
nature,0.0001947040498442396
venu,0.0001947040498442396
rondo,0.0001947040498442396
char,0.0001947040498442396
reçois,0.0001947040498442396
graisse,0.0001947040498442396
aiguisés,0.0001947040498442396
postichés,0.0001947040498442396
bibliques,0.0001947040498442396
greffière,0.0001947040498442396
fatidique,0.0001947040498442396
hyène,0.0001947040498442396
préparer,0.0001947040498442396
pathétique,0.0001947040498442396
crèvent,0.0001947040498442396
clash,0.0001947040498442396
destiné,0.0001947040498442396
star,0.0001947040498442396
câble,0.0001947040498442396
haute,0.0001947040498442396
recul,0.0001947040498442396
lâches,0.0001947040498442396
confonds,0.0001947040498442396
bassesse,0.0001947040498442396
or,0.0001947040498442396
pelage,0.0001947040498442396
corps,0.0001947040498442396
sauf,0.0001947040498442396
orteils,0.0001947040498442396
bulles,0.0001947040498442396
brûle,0.0001947040498442396
âne,0.0001947040498442396
art,0.0001947040498442396
repasser,0.0001947040498442396
larges,0.0001947040498442396
ailes,0.0001947040498442396
selles,0.0001947040498442396
pape,0.0001947040498442396
auréoles,0.0001947040498442396
aisselles,0.0001947040498442396
démarche,0.0001947040498442396
cacheté,0.0001947040498442396
fion,0.0001947040498442396
transe,0.0001947040498442396
kils,0.0001947040498442396
manière,0.0001947040498442396
hdmi,0.0001947040498442396
vengeance,0.0001947040498442396
gazinière,0.0001947040498442396
fasse,0.0001947040498442396
nie,0.0001947040498442396
g,0.0001947040498442396
lambo,0.0001947040498442396
effet,0.0001947040498442396
encensent,0.0001947040498442396
corsé,0.0001947040498442396
dorsaux,0.0001947040498442396
contrat,0.0001947040498442396
faudra,0.0001947040498442396
lâcheté,0.0001947040498442396
deuxième,0.0001947040498442396
rendre,0.0001947040498442396
cellophane,0.0001947040498442396
frôler,0.0001947040498442396
flinguer,0.0001947040498442396
opinion,0.0001947040498442396
bitume,0.0001947040498442396
enarque,0.0001947040498442396
farc,0.0001947040498442396
éclairer,0.0001947040498442396
chevalière,0.0001947040498442396
arrière,0.0001947040498442396
pirates,0.0001947040498442396
racheter,0.0001947040498442396
brazza,0.0001947040498442396
lettre,0.0001947040498442396
basse-terre,0.0001947040498442396
déplace,0.0001947040498442396
torcher,0.0001947040498442396
seuf,0.0001947040498442396
missions,0.0001947040498442396
assis,0.0001947040498442396
emmerde,0.0001947040498442396
bénisse,0.0001947040498442396
hadès,0.0001947040498442396
sachets,0.0001947040498442396
déma,0.0001947040498442396
bouffe,0.00018712574850299676
violent,0.00018712574850299676
dise,0.00018712574850299676
tôt,0.00018712574850299676
apaches,0.00018712574850299676
do,0.00018712574850299676
dkr,0.00018712574850299676
rivières,0.00018712574850299676
arrivent,0.00018712574850299676
chemins,0.00018712574850299676
napalm,0.00018712574850299676
déguisée,0.00018712574850299676
roi,0.00018712574850299676
balaise,0.00018712574850299676
beau,0.00018712574850299676
sumatra,0.00018712574850299676
chef,0.00018712574850299676
ennemi,0.00018712574850299676
63,0.00018712574850299676
chant,0.00018712574850299676
understand,0.00018712574850299676
krokodil,0.00018712574850299676
r,0.00018712574850299676
paradis,0.00018712574850299676
profil,0.00018712574850299676
fatoumata,0.00018712574850299676
premier,0.00018712574850299676
drah,0.00018712574850299676
connaît,0.00018712574850299676
alizée,0.00018712574850299676
sous-marins,0.00018712574850299676
karachi,0.00018712574850299676
frotte,0.00018712574850299676
touche,0.00018712574850299676
partout,0.00018712574850299676
zoo,0.00018712574850299676
tise,0.00018712574850299676
mercedes,0.00018712574850299676
attaque,0.00018712574850299676
landru,0.00018712574850299676
cabine,0.00018712574850299676
mot,0.00018712574850299676
voici,0.00018712574850299676
drue,0.00018712574850299676
difficile,0.00018712574850299676
fouf,0.00018712574850299676
macaques,0.00018712574850299676
barbe,0.00018712574850299676
bko,0.00018712574850299676
ci,0.00018712574850299676
pleure,0.00018712574850299676
tigre,0.00018712574850299676
stand,0.00018712574850299676
you,0.00018712574850299676
henri,0.00018712574850299676
désiré,0.00018712574850299676
amg,0.00018712574850299676
narines,0.00018712574850299676
bonbon,0.00018712574850299676
secondes,0.0001838235294117674
laisserai,0.0001838235294117674
rre-se,0.0001838235294117674
physique,0.0001838235294117674
pays,0.0001838235294117674
marteaux,0.0001838235294117674
derrière,0.0001838235294117674
coups,0.0001838235294117674
sait,0.0001838235294117674
speech,0.0001838235294117674
sorte,0.0001838235294117674
beretta,0.0001838235294117674
demi-secondes,0.0001838235294117674
comprends,0.0001838235294117674
sextape,0.0001838235294117674
conduis,0.0001838235294117674
faim,0.0001838235294117674
peso,0.0001838235294117674
absent,0.0001838235294117674
dormirai,0.0001838235294117674
solitude,0.0001838235294117674
détester,0.0001838235294117674
ferai,0.0001838235294117674
bons,0.0001838235294117674
accepte-moi,0.0001838235294117674
polygamie,0.0001838235294117674
room,0.0001838235294117674
ex-petite,0.0001838235294117674
aimer,0.0001838235294117674
brun,0.0001838235294117674
comprenne,0.0001838235294117674
seulement,0.0001838235294117674
jolie,0.0001838235294117674
hotêl,0.0001838235294117674
meech,0.0001838235294117674
moins,0.0001838235294117674
piles,0.0001838235294117674
rail,0.0001838235294117674
amie,0.0001838235294117674
vice,0.0001838235294117674
pause,0.0001838235294117674
2-3,0.0001838235294117674
sommeil,0.0001838235294117674
écrevisses,0.0001838235294117674
valides,0.0001838235294117674
revendre,0.0001838235294117674
pin,0.0001838235294117674
douleur,0.0001838235294117674
ressens,0.0001838235294117674
musique,0.0001838235294117674
litrons,0.0001838235294117674
sac,0.0001838235294117674
10,0.0001838235294117674
envolera,0.0001838235294117674
joints,0.0001838235294117674
service,0.0001838235294117674
cascade,0.0001838235294117674
manie,0.00018168604651163056
ascenseur,0.00018168604651163056
bloquent,0.00018168604651163056
choisir,0.00018168604651163056
confettis,0.00018168604651163056
barre,0.00018168604651163056
pétard,0.00018168604651163056
crackers,0.00018168604651163056
képi,0.00018168604651163056
liquide,0.00018168604651163056
compartiments,0.00018168604651163056
soucis,0.00018168604651163056
gova,0.00018168604651163056
mée-cra,0.00018168604651163056
roche,0.00018168604651163056
drive,0.00018168604651163056
pose,0.00018168604651163056
accident,0.00018168604651163056
hall,0.00018168604651163056
raie,0.00018168604651163056
blu-ray,0.00018168604651163056
mouille,0.00018168604651163056
be-bar,0.00018168604651163056
contrôle,0.00018168604651163056
armani,0.00018168604651163056
maglite,0.00018168604651163056
rayé,0.00018168604651163056
république,0.00018168604651163056
siège,0.00018168604651163056
manque,0.00018168604651163056
bobois,0.00018168604651163056
automatique,0.00018168604651163056
lunettes,0.00018168604651163056
repartir,0.00018168604651163056
le-sa,0.00018168604651163056
sushis,0.00018168604651163056
aura,0.00018168604651163056
gants,0.00018168604651163056
chewing-gum-gum-gum,0.00018168604651163056
demi-tour,0.00018168604651163056
ooh,0.00018168604651163056
baltringues,0.00018168604651163056
prank,0.00018168604651163056
led,0.00018168604651163056
tank,0.00018168604651163056
désormais,0.00018168604651163056
conseiller,0.00018168604651163056
dis-nous,0.00018168604651163056
machant,0.00018168604651163056
matic,0.00018168604651163056
crédit,0.00018168604651163056
bâtiment,0.00018168604651163056
école,0.00018168604651163056
pôle,0.00018168604651163056
dents,0.00018168604651163056
grand,0.00018168604651163056
sbah,0.00018168604651163056
amniotique,0.00018168604651163056
devenu,0.00018168604651163056
casquette,0.00018168604651163056
froid,0.00018168604651163056
nouchi,0.00018168604651163056
double-kalashé,0.00018168604651163056
boîte,0.00018168604651163056
bibisseurs,0.00018168604651163056
elles,0.00018168604651163056
écart,0.00018168604651163056
jean,0.00018168604651163056
treillis,0.00018168604651163056
sentiments,0.00018168604651163056
gomme-cogne,0.00018168604651163056
caviar,0.00018168604651163056
bouge,0.00018168604651163056
arraché,0.00018168604651163056
invite,0.00018168604651163056
planque,0.00018168604651163056
laisse,0.00018168604651163056
ford,0.00018168604651163056
problème,0.00018168604651163056
pourrait,0.00018168604651163056
buscemi,0.00018168604651163056
péta,0.00018168604651163056
blanc,0.00015586034912718432
maîtrise,0.00015586034912718432
serveur,0.00015586034912718432
plan,0.00015586034912718432
étoile,0.00015586034912718432
mélange,0.00015586034912718432
mer,0.00015586034912718432
position,0.00015586034912718432
géants,0.00015586034912718432
cr7,0.00015586034912718432
entends,0.00015586034912718432
autochtone,0.00015586034912718432
goudron,0.00015586034912718432
répète,0.00015586034912718432
siéger,0.00015586034912718432
planètes,0.00015586034912718432
nationale,0.00015586034912718432
sixième,0.00015586034912718432
garder,0.00015586034912718432
micro-ondes,0.00015586034912718432
game,0.00015586034912718432
dixième,0.00015586034912718432
carbonado,0.00015586034912718432
chauffer,0.00015586034912718432
ligne,0.00015586034912718432
de-mer,0.00015586034912718432
soigner,0.00015586034912718432
plumer,0.00015586034912718432
né,0.00015586034912718432
ronaldo,0.00015586034912718432
te-boî,0.00015586034912718432
foetale,0.00015586034912718432
adresse,0.00015586034912718432
assiette,0.00015586034912718432
rappent,0.00015586034912718432
cuite,0.00015586034912718432
kobe,0.00015586034912718432
marcher,0.00015586034912718432
illico,0.00015586034912718432
régimes,0.00015586034912718432
couloir,0.00015586034912718432
entrecôte,0.00015586034912718432
litron,0.00015586034912718432
partent,0.00015586034912718432
resserres,0.00015586034912718432
s63,0.00015586034912718432
hélico,0.00015586034912718432
vitiligo,0.00015586034912718432
rappelle-moi,0.00015586034912718432
fumée,0.00015586034912718432
proche,0.00015586034912718432
désert,0.00015586034912718432
chromosomes,0.00015586034912718432
assemblée,0.00015586034912718432
programme,0.00015586034912718432
lorsque,0.00015586034912718432
tendre,0.00015586034912718432
alignent,0.00015586034912718432
gendre,0.00015586034912718432
noire,0.00015586034912718432
démolis,0.00015586034912718432
contrôles,0.00014705882352941392
inverse,0.00014705882352941392
hublot,0.00014705882352941392
oeufs,0.00014705882352941392
artifice,0.00014705882352941392
câbles,0.00014705882352941392
classiques,0.00014705882352941392
poudre,0.00014705882352941392
club,0.00014705882352941392
renais,0.00014705882352941392
seront,0.00014705882352941392
coupes,0.00014705882352941392
raclis,0.00014705882352941392
lambada,0.00014705882352941392
pleins,0.00014705882352941392
lâcher,0.00014705882352941392
fouillez,0.00014705882352941392
danser,0.00014705882352941392
keugrè,0.00014705882352941392
vieux,0.00014705882352941392
pantalon,0.00014705882352941392
ceinture,0.00014705882352941392
chance,0.00014705882352941392
saint-graal,0.00014705882352941392
jackson,0.00014705882352941392
trouveras,0.00014705882352941392
légendaire,0.00014705882352941392
selecta,0.00014705882352941392
attentat,0.00014705882352941392
trompe,0.00014705882352941392
feu-meu,0.00014705882352941392
électrocutes,0.00014705882352941392
gagner,0.00014705882352941392
sacs,0.00014705882352941392
sentent,0.00014705882352941392
fennec,0.00014705882352941392
orange,0.00014705882352941392
graille,0.00014705882352941392
popeye,0.00014705882352941392
sefyu,0.00014705882352941392
douille,0.00014705882352941392
avion,0.00014705882352941392
cendres,0.00014705882352941392
fosse,0.00014705882352941392
agenda,0.00014705882352941392
perdu,0.00014705882352941392
camp,0.00014705882352941392
selekas,0.00014705882352941392
recycler,0.00014705882352941392
ficelles,0.00014705882352941392
poutre,0.00014705882352941392
bx,0.00014705882352941392
mémoire,0.00014705882352941392
farmer,0.00014705882352941392
galant,0.00014705882352941392
majesté,0.00014705882352941392
horacio,0.00014705882352941392
anti-balaka,0.00014705882352941392
molester,0.00014705882352941392
bes-jam,0.00014705882352941392
enculer,0.00014705882352941392
cellule,0.00014705882352941392
simples,0.00014705882352941392
serge,0.00014705882352941392
cli-cli,0.00014705882352941392
proie,0.00014705882352941392
blanche,0.00014705882352941392
artificiel,0.00014705882352941392
danse,0.00014705882352941392
étudie,0.00014705882352941392
grecs-frite,0.00014705882352941392
225,0.00014705882352941392
moteur,0.00014705882352941392
strip,0.00014705882352941392
gonflent,0.00014705882352941392
foutre,0.00014705882352941392
michael,0.00014705882352941392
miens,0.00014705882352941392
stockma,0.00014705882352941392
sans-voix,0.00014705882352941392
dépasse,0.00014705882352941392
rtg,0.00014705882352941392
gentleman,0.00014705882352941392
synthol,0.00014705882352941392
laurier,0.00014705882352941392
travers,0.00014705882352941392
acheté,0.00014705882352941392
placenta,0.00014705882352941392
grand-frère,0.00014705882352941392
logan,0.00014705882352941392
tenir,0.00014705882352941392
déterminé,0.00014705882352941392
rahh,0.00014705882352941392
penses,0.00014705882352941392
raconter,0.00014705882352941392
platine,0.00014705882352941392
uzi,0.00014705882352941392
défaut,0.00014705882352941392
michel,0.00014705882352941392
camion,0.00014705882352941392
envoi,0.00014705882352941392
fourniret,0.00014705882352941392
phénix,0.00014705882352941392
bizon,0.00014705882352941392
attaché,0.00014705882352941392
otages,0.00014705882352941392
loup,0.00014705882352941392
dooku,0.00014705882352941392
vacances,0.00014705882352941392
décoration,0.00014705882352941392
pleine,0.00014705882352941392
luminol,0.00014705882352941392
tétons,0.00014705882352941392
aurier,0.00014705882352941392
malki,0.00014705882352941392
p'tit-frère,0.00014705882352941392
bétom,0.00014705882352941392
arrose,0.00014705882352941392
confiance,0.00014705882352941392
ients-cli,0.00014705882352941392
crosse,0.00014705882352941392
rideaux,0.00014705882352941392
vibrer,0.00014705882352941392
pétés,0.00014705882352941392
troupes,0.00014705882352941392
convois,0.00014705882352941392
jouis,0.00014705882352941392
télé-achat,0.00014705882352941392
choses,0.00014705882352941392
épinards,0.00014705882352941392
injection,0.00014705882352941392
fabrication,0.00014705882352941392
éléphant,0.00014705882352941392
emballe,0.00014705882352941392
marquée,0.00014705882352941392
coucou,0.00014705882352941392
ghibli,0.00014705882352941392
3,0.00014705882352941392
appris,0.00014705882352941392
électriques,0.00014705882352941392
touille,0.00014705882352941392
fausse,0.00014705882352941392
délinquant,0.00014705882352941392
baisse,0.00014705882352941392
peau,0.00014705882352941392
secteur,0.00014705882352941392
23,0.00014705882352941392
transforme,0.00014705882352941392
reconnaître,0.00014705882352941392
éblouis,0.00014705882352941392
geons-pi,0.00014705882352941392
élève,0.00014705882352941392
judiciaire,0.00014705882352941392
rançon,0.00014705882352941392
gaule,0.00014705882352941392
fer,0.00014705882352941392
os,0.00014705882352941392
pointeur,0.00014705882352941392
lion,0.00014705882352941392
sarouel,0.00014705882352941392
maserati,0.00014705882352941392
leçon,0.00014705882352941392
rgt,0.00014705882352941392
identification,0.00014705882352941392
silence,0.00014705882352941392
troué,0.00014705882352941392
cochonnes,0.00014705882352941392
pagani,0.00014705882352941392
pourri,0.00014705882352941392
répertorié,0.00014705882352941392
okay,0.00014705882352941392
stons-fil,0.00014705882352941392
hammer,0.00014705882352941392
constater,0.00014705882352941392
kaaaris,0.00014705882352941392
traque,0.00014705882352941392
élevage,0.00014705882352941392
ganache,0.00014705882352941392
schnecks,0.00014705882352941392
albums,0.00014705882352941392
pablito,0.00014705882352941392
zone,0.00014705882352941392
envers,0.00014705882352941392
comte,0.00014705882352941392
eye-liner,0.00014705882352941392
semaines,0.00013269639065817605
renoi,0.00013269639065817605
côtoyer,0.00013269639065817605
savoir,0.00013269639065817605
carreau,0.00013269639065817605
habillé,0.00013269639065817605
19,0.00013269639065817605
conduit,0.00013269639065817605
götze,0.00013269639065817605
parole,0.00013269639065817605
pique,0.00013269639065817605
appellerai,0.00013269639065817605
uc',0.00013269639065817605
traceurs,0.00013269639065817605
banlieue,0.00013269639065817605
calmants,0.00013269639065817605
malgré,0.00013269639065817605
ah-ah-ah,0.00013269639065817605
taros,0.00013269639065817605
noie,0.00013269639065817605
sch,0.00013269639065817605
foie,0.00013269639065817605
hauts,0.00013269639065817605
haut,0.00013269639065817605
circuit,0.00013269639065817605
spow,0.00013269639065817605
haja,0.00013269639065817605
greffon,0.00013269639065817605
patriarche,0.00013269639065817605
vedettes,0.00013269639065817605
bières,0.00013269639065817605
longueur,0.00013269639065817605
veste,0.00013269639065817605
bouteille,0.00013269639065817605
touriste,0.00013269639065817605
cachent,0.00013269639065817605
plateaux,0.00013269639065817605
décoller,0.00013269639065817605
marseille,0.00013269639065817605
scélérat,0.00013269639065817605
braqueurs,0.00013269639065817605
nettoyer,0.00013269639065817605
crever,0.00013269639065817605
reset,0.00013269639065817605
frange,0.00013269639065817605
vestons,0.00013269639065817605
kalliste,0.00013269639065817605
fies,0.00013269639065817605
jeunes,0.00013269639065817605
lame,0.00013269639065817605
fournir,0.00013269639065817605
tah,0.00013269639065817605
hlm,0.00013269639065817605
gratte-ciel,0.00013269639065817605
achève,0.00013269639065817605
volant,0.00013269639065817605
bouton,0.00013269639065817605
arrache,0.00013269639065817605
fleury,0.00013269639065817605
bois,0.00013269639065817605
kala',0.00013269639065817605
boboche,0.00013269639065817605
fous-rires,0.00013269639065817605
hood,0.00013269639065817605
alcool,0.00013269639065817605
dinosaures,0.00013269639065817605
everest,0.00013269639065817605
têtes,0.00013269639065817605
acteur,0.00013269639065817605
apparences,0.00013269639065817605
niquer,0.00013269639065817605
foi,0.00013269639065817605
dettes,0.00013269639065817605
résister,0.00013269639065817605
genoux,0.00013269639065817605
tient,0.00013269639065817605
manches,0.00013269639065817605
bagnole,0.00013269639065817605
hier,0.00013269639065817605
toit,0.00013269639065817605
ué-t,0.00013269639065817605
scélérats,0.00013269639065817605
parc,0.00013269639065817605
grimpe,0.00013269639065817605
keuf,0.00013269639065817605
visages,0.00013269639065817605
scratchs,0.00013269639065817605
fêtards,0.00013269639065817605
manche,0.00013269639065817605
branle,0.00013269639065817605
blindé,0.00013269639065817605
bi-turbo,0.00013269639065817605
pecs,0.00013269639065817605
muscles,0.00013269639065817605
gang-bang,0.00013269639065817605
espagnol,0.00013269639065817605
travaillent,0.00013269639065817605
civière,0.00013269639065817605
carences,0.00013269639065817605
fleuriste,0.00013269639065817605
heja,0.00013269639065817605
rassasie,0.00013269639065817605
allemand,0.00013269639065817605
worms-t,0.00013269639065817605
est-c'que,0.00013269639065817605
soir,0.00013269639065817605
incompatible,0.00013269639065817605
hanches,0.00013269639065817605
refait,0.00013269639065817605
bicraveurs,0.00013269639065817605
bisexuel,0.00013269639065817605
lear-dea,0.00013269639065817605
gamos,0.00013269639065817605
rsa,0.00013269639065817605
cannabis,0.00013269639065817605
plante,0.00013269639065817605
carole,0.00013269639065817605
lrlv,0.00013269639065817605
mathu',0.00013269639065817605
quadriller,0.00010032102728732088
'que,0.00010032102728732088
fake,0.00010032102728732088
libérer,0.00010032102728732088
chérie,0.00010032102728732088
crains,0.00010032102728732088
bats,0.00010032102728732088
pessas,0.00010032102728732088
a-r,0.00010032102728732088
addiction,0.00010032102728732088
ordre,0.00010032102728732088
travestir,0.00010032102728732088
voisin,0.00010032102728732088
vinz,0.00010032102728732088
paye,0.00010032102728732088
fonsdé,0.00010032102728732088
allument,0.00010032102728732088
bloka,0.00010032102728732088
stud',0.00010032102728732088
barbarie,0.00010032102728732088
viennent,0.00010032102728732088
bât,0.00010032102728732088
fusion,0.00010032102728732088
re-clai,0.00010032102728732088
vache,0.00010032102728732088
p2,0.00010032102728732088
appelle-moi,0.00010032102728732088
billet,0.00010032102728732088
pues,0.00010032102728732088
belmondo,0.00010032102728732088
fesses,0.00010032102728732088
bisou,0.00010032102728732088
valeurs,0.00010032102728732088
consentante,0.00010032102728732088
filigrane,0.00010032102728732088
zodiaque,0.00010032102728732088
canicule,0.00010032102728732088
eu,0.00010032102728732088
endort,0.00010032102728732088
carnage,0.00010032102728732088
perroquet,0.00010032102728732088
naviguer,0.00010032102728732088
chasseur,0.00010032102728732088
dû,0.00010032102728732088
investir,0.00010032102728732088
vres-lè,0.00010032102728732088
menu,0.00010032102728732088
corner,0.00010032102728732088
enfermé,0.00010032102728732088
chevaliers,0.00010032102728732088
bende,0.00010032102728732088
bizz,0.00010032102728732088
750,0.00010032102728732088
retrouvé,0.00010032102728732088
dino,0.00010032102728732088
réservoir,0.00010032102728732088
commettre,0.00010032102728732088
échos,0.00010032102728732088
remercie,0.00010032102728732088
beauté,0.00010032102728732088
opé,0.00010032102728732088
perd,0.00010032102728732088
traumatisant,0.00010032102728732088
miettes,0.00010032102728732088
bac,0.00010032102728732088
remonte,0.00010032102728732088
recompte,0.00010032102728732088
spartiate,0.00010032102728732088
dérober,0.00010032102728732088
vaut,0.00010032102728732088
investit,0.00010032102728732088
appart,0.00010032102728732088
tâche,0.00010032102728732088
oooooh,0.00010032102728732088
quadrillent,0.00010032102728732088
forces,0.00010032102728732088
bambi,0.00010032102728732088
fonte,0.00010032102728732088
belle,0.00010032102728732088
cognac,0.00010032102728732088
né-tour,0.00010032102728732088
baissés,0.00010032102728732088
me-ga,0.00010032102728732088
barbar,0.00010032102728732088
tié-quar,0.00010032102728732088
addition,0.00010032102728732088
culs,0.00010032102728732088
vampire,0.00010032102728732088
illusion,0.00010032102728732088
manipule,0.00010032102728732088
petits-frères,0.00010032102728732088
zombies,0.00010032102728732088
apprenne,0.00010032102728732088
tn,0.00010032102728732088
re-fou,0.00010032102728732088
crapoter,0.00010032102728732088
vilain,0.00010032102728732088
croise,0.00010032102728732088
trois,0.00010032102728732088
grave,0.00010032102728732088
lumière,0.00010032102728732088
vautour,0.00010032102728732088
hostile,0.00010032102728732088
best,0.00010032102728732088
nicki,0.00010032102728732088
empire,0.00010032102728732088
comparer,0.00010032102728732088
stores,0.00010032102728732088
vole,0.00010032102728732088
cheu-b,0.00010032102728732088
station,0.00010032102728732088
75,0.00010032102728732088
environnement,0.00010032102728732088
êtes,0.00010032102728732088
pesci,0.00010032102728732088
street,0.00010032102728732088
tel,0.00010032102728732088
assombri,0.00010032102728732088
vrai,0.00010032102728732088
squatte,0.00010032102728732088
wayne,0.00010032102728732088
réserve,0.00010032102728732088
territoriale,0.00010032102728732088
devais,0.00010032102728732088
péris,0.00010032102728732088
17,0.00010032102728732088
verre,0.00010032102728732088
teh,0.00010032102728732088
blesser,0.00010032102728732088
million,0.00010032102728732088
ficelle,0.00010032102728732088
ghetto,0.00010032102728732088
drive-by,0.00010032102728732088
soir-ce,0.00010032102728732088
zeille-o,0.00010032102728732088
aille,0.00010032102728732088
système,0.00010032102728732088
ficeler,0.00010032102728732088
plait,0.00010032102728732088
assorti,0.00010032102728732088
xvbb,0.00010032102728732088
ambiance,0.00010032102728732088
ap,0.00010032102728732088
démoniaque,0.00010032102728732088
93-75,0.00010032102728732088
dinette,0.00010032102728732088
accomplirai,0.00010032102728732088
voire,0.00010032102728732088
sillage,0.00010032102728732088
creampie,0.00010032102728732088
part,0.00010032102728732088
dégueu,0.00010032102728732088
parles,0.00010032102728732088
squelette,0.00010032102728732088
canaliser,0.00010032102728732088
pondu,0.00010032102728732088
entende,0.00010032102728732088
cramés,0.00010032102728732088
rôle,0.00010032102728732088
bitches,0.00010032102728732088
averti,0.00010032102728732088
ivre,0.00010032102728732088
crible,0.00010032102728732088
diner,0.00010032102728732088
savais,0.00010032102728732088
puche-ca,0.00010032102728732088
pocheton,0.00010032102728732088
intercepte,0.00010032102728732088
assumes,0.00010032102728732088
banalisée,0.00010032102728732088
dealer,0.00010032102728732088
jack,0.00010032102728732088
tèss,0.00010032102728732088
mess,0.00010032102728732088
lettres,0.00010032102728732088
pression,0.00010032102728732088
lavage,0.00010032102728732088
infusion,0.00010032102728732088
ne-gueu,0.00010032102728732088
recette,0.00010032102728732088
nies,0.00010032102728732088
cartouches,0.00010032102728732088
oses-tu,0.00010032102728732088
suffiront,0.00010032102728732088
nerveux,0.00010032102728732088
côté,0.00010032102728732088
interprètes,0.00010032102728732088
sapes,0.00010032102728732088
milligrammes,0.00010032102728732088
salon,0.00010032102728732088
laisse-toi,0.00010032102728732088
teintées,0.00010032102728732088
