je,0.08810211928447235
katrina,0.03148946360153242
squad,0.03148946360153242
comme,0.01875911368193294
pute,0.012397163594568092
kébra,0.012145748987854194
tous,0.010968248962192704
pour,0.010148584674758515
mood,0.009374999999999956
faut,0.009369460152441587
dozo,0.007795327237512708
elle,0.007789266070031145
tout,0.007446465515680614
il,0.00725206968162776
27,0.006540407850401075
dis,0.0064785469839359075
gninnin,0.006302521008403332
même,0.006268315311718063
tellement,0.006242937029861617
leur,0.006041297700283495
quand,0.005972738416528893
diarabi,0.00573979591836732
courez,0.005681818181818155
nous,0.005467238868561332
niquer,0.005085480561457005
hood,0.004926963601532545
peux,0.004690976943964874
gros,0.004262696252455129
bien,0.0042402791050418715
oublié,0.0041666666666666475
moi,0.0040107754225184415
surtout,0.00382653061224488
rien,0.003809748922961468
mourez,0.00378787878787877
va,0.0036529897337424628
toi,0.0035682181788098915
loin,0.003476136242517707
armés,0.003472222222222206
building,0.0032907843806921524
feghouli,0.0032786885245901488
frappe,0.0032786885245901488
sous,0.003269296688337259
bitch,0.0031869748596504853
bling-bling,0.0030737704918032643
veut,0.0030333304800641784
à,0.0029100498114038083
double,0.0028650850053265875
reste,0.0028086454580331303
kaaris,0.0026772013142996156
seum,0.0026069703243616167
toutes,0.0026060723639986408
grah,0.0025510204081632534
coeur,0.00249541693178864
ont,0.0024508134130827265
mets,0.002397899213460503
mères,0.002394636015325659
track,0.0023729590210746212
x,0.0023729590210746212
bloods,0.002343749999999989
crips,0.002343749999999989
entre,0.002301464063886413
autres,0.002291325695581004
quelques,0.0022147521747542327
voir,0.002203512585465069
toute,0.0021898674242424136
juste,0.002184102118804188
zongo,0.002148165917935797
tête,0.0020667180261974743
pense,0.002057460132895789
pouvoir,0.0019903838557122997
année,0.001953124999999991
biatch,0.0019314706754811556
aussi,0.00191683743169398
frères,0.0019068791473763255
vie,0.00187223577881949
non,0.001861979166666658
auront,0.0018294898903131937
deux,0.0018037365004276685
parle,0.001725998330025514
aux,0.0017115518568982925
roupiller,0.001666666666666659
par,0.0016620813719744484
meuf,0.0016529434678308056
parles,0.00164722572509457
trouve,0.0016391480980276298
ennemis,0.0016032111428774117
eux,0.001589757487143282
amour,0.0015828236712895094
jamais,0.0015242824922161518
faux,0.0014837880330425075
depuis,0.0014834738243123266
fois,0.001477858826996751
voit,0.001475571188847289
mettre,0.00147530831344291
garde,0.0014466347615045905
mama,0.0014423740510696966
mieux,0.001432144753434652
tour,0.0014240246955174005
monde,0.0014225392206477666
fourrer,0.0014204545454545388
dessus,0.0014179379921259777
ouais,0.0013973241290836653
armes,0.0013888888888888822
haineux,0.0013860474631751164
fils,0.0013695143060788045
loi,0.0013671874999999936
gens,0.0013599087732919192
croire,0.0013297872340425469
dois,0.0013139624301525836
oui,0.0012796477153819263
aime,0.001278938413082732
arrête,0.0012726295427402628
chien,0.0012674340569561098
avant,0.001251785450600085
joint,0.0012491703968530732
2-7,0.0012305886450324755
compte,0.0012215320910973029
oublier,0.0012215320910973029
garçon,0.0012145748987854195
raison,0.0012140666189061867
face,0.0012022584583187945
voix,0.0011982390215148778
fasse,0.0011970172684458342
chérie,0.001193375077303643
crois,0.0011791083161876896
larmes,0.0011718749999999945
coulent,0.0011718749999999945
pris,0.0011718749999999945
mobutu,0.0011718749999999945
mort,0.0011716118007094438
légaliser,0.00116459627329192
rivaliser,0.00116459627329192
planer,0.00116459627329192
paradis,0.00116459627329192
pump,0.00116459627329192
idée,0.00116459627329192
mauvais,0.001162218401116422
guerre,0.0011284397071507203
tirer,0.0011275339635301988
balle,0.0011240406113793419
être,0.0011213843789407262
sac,0.00110927882956489
bouteilles,0.0011075105762137195
soit,0.001102825126262621
avion,0.0010974499089253136
lui,0.0010504201680672219
oublie,0.0010504201680672219
vient,0.0010504201680672219
partout,0.0010475911676145818
quartier,0.0010382513661202138
sale,0.0010277981165902179
autre,0.0010224605076539297
maman,0.0010173623769595286
trop,0.001016292044362653
rêves,0.0010032848395900658
ramène,0.000994742159158741
grosses,0.0009895833333333286
arracher,0.0009850000775590566
flingue,0.000970377988189835
marchands,0.0009611021478269594
petite,0.0009578544061302637
atterrissent,0.0009578544061302637
barre,0.00095663265306122
amis,0.00095663265306122
ça-a,0.00095663265306122
attendent,0.00095663265306122
lère-ga,0.00095663265306122
rage,0.0009381677350427307
merde,0.0009381677350427307
calme,0.000931775008854112
désolé,0.000931439318518693
bras,0.0009119943415712642
maîtrise,0.0009052782324058877
avoir,0.0009027011524450006
brille,0.0008925318761384294
petit,0.0008925318761384294
ouvre,0.0008907879610636093
beaucoup,0.0008897244293729437
mêmes,0.0008886255924170575
mitraillette,0.0008729129465886395
ivoire,0.0008698116498081578
connais,0.000869039954700937
schlass,0.0008680555555555515
famas,0.0008680555555555515
bang,0.0008680555555555515
kalach',0.0008680555555555515
avis,0.0008677905356076153
magnum,0.0008419550708952844
noir,0.0008399636450324772
trou,0.0008384800537373548
molotov,0.0008333333333333295
loves,0.0008333333333333295
bombardier,0.0008333333333333295
kalaché,0.0008333333333333295
toit,0.0008317679872495408
rentrer,0.0008295742498899555
neuf,0.0008196721311475372
sortir,0.0008101306794397455
vrais,0.0008093317779011601
poto,0.000788334515057652
vrai,0.0007858371714070207
tiens,0.0007753550414418605
mal,0.0007702778165573047
sors,0.0007674870896225754
rêve,0.0007541630008395326
vous,0.0007539838035527656
mère,0.0007471895557185533
très,0.0007451624214989286
préfère,0.0007422828740844053
terrain,0.0007408546587926474
peau,0.0007405901651251361
27zero,0.0007381889763779493
passe,0.0007306255835667567
serai,0.000728758802690644
mec,0.0007230867633828126
wesh,0.0007211538461538428
canidés,0.0007211538461538428
parlais,0.0007211538461538428
traverser,0.0007211538461538428
bails,0.0007211538461538428
vaut,0.0007211538461538428
fiançaille,0.0007211538461538428
fidélité,0.0007211538461538428
mariage,0.0007211538461538428
éduqué,0.0007211538461538428
court,0.0007211538461538428
bébé,0.0007211538461538428
aie,0.0007211538461538428
rencontré,0.0007211538461538428
perdre,0.0007211538461538428
enjaille,0.0007211538461538428
pourtant,0.0007211538461538428
saisons,0.00072064556627461
elles,0.0007183908045976978
bientôt,0.0007102272727272694
touché-coulé,0.0007102272727272694
couler,0.0007102272727272694
équipe,0.0007102272727272694
navire,0.0007102272727272694
cours,0.0007060445963794545
pendant,0.0006998193052572941
goût,0.0006964390635925692
découpe,0.0006780083105646599
vroum,0.0006707702020201989
dû,0.0006659765355417497
beuh,0.0006659765355417497
trahiront,0.0006648936170212734
doit,0.0006648936170212734
oinj,0.0006558990576997517
père,0.0006558990576997517
automatique,0.0006513243595310434
oh,0.00064855487649605
leurs,0.0006465784898161917
nuit,0.0006463485868280932
vois,0.0006462935249128665
prison,0.0006412351950109357
maison,0.0006412351950109357
fuck,0.0006396941343194493
ours,0.0006396941343194492
dort,0.0006389458105646601
gagne,0.0006389458105646601
plastique,0.0006377551020408133
ratata-ta-ta-ta,0.0006377551020408133
brrrrah,0.0006377551020408133
blo-blo-blo-blo-blo,0.0006377551020408133
skip,0.0006377551020408133
walid,0.0006377551020408133
dieu,0.0006286553393163226
travers,0.0006286553393163226
cuisses,0.0006276623592965392
grosse,0.000626051052924071
peut,0.0006194516623306538
avance,0.0006172444216757712
klawi,0.000614754098360653
éternel,0.000614754098360653
changé,0.000614754098360653
allumes,0.000614754098360653
éphémère,0.000614754098360653
roule,0.000614754098360653
peuf,0.000614754098360653
casse,0.000614754098360653
comportement,0.000614754098360653
débordements,0.000614754098360653
ients-cli,0.000614754098360653
bédo,0.000614754098360653
flamme,0.000614754098360653
keufs,0.000614754098360653
parlent,0.000614754098360653
pablo,0.000614754098360653
plane,0.000614754098360653
gamos,0.000614754098360653
tchoins,0.000614754098360653
milliers,0.0006102245862884132
crâne,0.0006071249522536259
mains,0.0006052126466528612
trimé,0.0005931167905508575
tyran,0.0005924170616113717
zéro,0.0005924170616113717
élevé,0.0005924170616113717
donnes,0.0005924170616113717
âme,0.0005924170616113717
g'noux,0.0005924170616113717
grand,0.0005924170616113717
cylindré,0.0005924170616113717
homme,0.0005924170616113717
lion,0.0005924170616113717
gnou,0.0005924170616113717
sandwich,0.0005924170616113717
yeux,0.0005835112577639725
queue,0.0005785098006366199
attend,0.0005785098006366199
rentre,0.0005583411525529726
ciel,0.000555555555555553
seule,0.000542271522931669
vise,0.000542271522931669
peu,0.000542271522931669
bout,0.000542271522931669
reflet,0.000542271522931669
sourire,0.000542271522931669
prêt,0.000542271522931669
arme,0.000537364841297521
vas,0.000532950955048109
chicha,0.0005237955838072909
demandes,0.0005181623931623908
puisque,0.0005145202020201997
rappeler,0.0005132224196945737
tours,0.0005132224196945737
seul,0.0005132224196945737
prends,0.0005075168365218404
lève,0.0005075168365218404
parcours,0.0005075168365218404
go,0.0005060728744939247
faudra,0.0005060728744939247
270,0.0005060728744939247
croit,0.0005060728744939247
métal,0.0005011265635925701
bête,0.0005011265635925701
terre,0.0004990994293729455
joue,0.0004947916666666643
français,0.0004934210526315767
couilles,0.0004925000387795283
bonhommes,0.0004921259842519662
consume,0.0004921259842519662
réserve,0.0004921259842519662
coups,0.0004915210308056849
chaque,0.00048644760751059737
pourrai,0.000485526593658549
k2aris,0.000485526593658549
famille,0.0004828054163684062
tir,0.00048269581056466075
aurais,0.00048269581056466075
meufs,0.0004807692307692286
sauter,0.00047892720306513185
mayo,0.00047892720306513185
vegeta,0.00047892720306513185
ge-ra,0.00047892720306513185
maillot,0.00047892720306513185
oseille,0.00047892720306513185
ne-crâ,0.00047892720306513185
bles-ta,0.00047892720306513185
végéta,0.00047892720306513185
retenir,0.0004734848484848463
click,0.0004734848484848463
pourquoi,0.00047309027777777557
four,0.00047309027777777557
sort,0.0004712785588168895
têtes,0.0004712785588168895
neige,0.0004700503261358503
pecs,0.0004700503261358503
argent,0.00046307688101487096
répète,0.00046307688101487096
gang,0.0004579544700338467
jean,0.0004579544700338467
cherches,0.0004579544700338467
bâtard,0.0004564774904214538
jupe,0.0004564774904214538
personne,0.0004509810249128674
esclave,0.0004509810249128674
possède,0.0004509810249128674
passer,0.00044834893724696146
traîtres,0.00044834893724696146
sois,0.0004453026481714986
embrouilles,0.0004453026481714986
snap,0.00044438163431945025
boule,0.00044438163431945025
après,0.00044438163431945025
trap,0.00044438163431945025
réussi,0.0004413754921259822
fesses,0.0004356971153846134
plein,0.0004356971153846134
rue,0.0004356971153846134
vu,0.00043477610153256507
appartient,0.00043402777777777575
enchaîne,0.00043402777777777575
effacer,0.00043402777777777575
lâches,0.00043402777777777575
menaces,0.00043402777777777575
h,0.00043402777777777575
commences,0.00043402777777777575
liasses,0.00043402777777777575
paris,0.00043205492424242225
ennemi,0.00043205492424242225
évident,0.00042810646525816607
barrer,0.00042810646525816607
bibi,0.00042810646525816607
pays,0.00042193192167577217
fini,0.00042193192167577217
cuvette,0.00042193192167577217
tombes,0.00042193192167577217
or,0.00042193192167577217
accélère,0.00042193192167577217
sait,0.0004211330201371868
entrée,0.0004211330201371868
arroser,0.0004211330201371868
filles,0.00041545464339581796
p'tit,0.00041545464339581796
tah,0.000412326388888887
disques,0.000412326388888887
renifle,0.000412326388888887
victime,0.00041181245225362686
butin,0.0004098360655737686
temps,0.0004098360655737686
dire,0.0004098360655737686
fusillade,0.0004098360655737686
tant,0.0004098360655737686
braquage,0.0004098360655737686
côte,0.0004098360655737686
versace,0.0004002305327868834
prendre,0.0004002305327868834
suce,0.0004002305327868834
fin,0.0004002305327868834
vroom,0.0003906249999999982
sevran,0.0003906249999999982
ruger,0.00038819875776397334
jérome,0.00038819875776397334
sente,0.00038819875776397334
suisse,0.00038819875776397334
big,0.00038819875776397334
porsche,0.00038819875776397334
lâché,0.00038819875776397334
soutien,0.00038819875776397334
creux,0.00038819875776397334
booty,0.00038819875776397334
galaxie,0.00038819875776397334
récompenses,0.00038819875776397334
exilé,0.00038819875776397334
ouvre-moi,0.00038819875776397334
bloqués,0.00038819875776397334
pots,0.00038819875776397334
benz',0.00038819875776397334
charnier,0.00038819875776397334
piège,0.00038819875776397334
vidée,0.00038819875776397334
mioche,0.00038819875776397334
fréquence,0.00038819875776397334
claque,0.00038819875776397334
jeu,0.00038819875776397334
exauce,0.00038819875776397334
kiffer,0.00038819875776397334
cahuzac,0.00038819875776397334
poches,0.00038819875776397334
proches,0.00038819875776397334
fous,0.00038819875776397334
panier,0.00038819875776397334
dealer,0.00038819875776397334
vibre,0.00038819875776397334
quatre,0.00038819875776397334
stylé,0.00038819875776397334
disparaissent,0.00038819875776397334
narguilé,0.00038819875776397334
pose,0.0003799880607980879
venu,0.0003799880607980879
acheter,0.0003799880607980879
bois,0.0003799880607980879
clique,0.0003799880607980879
achète,0.0003799880607980879
mes-ar,0.00037038252801120273
ffe-bi,0.00035014005602240734
bana,0.00035014005602240734
oublies,0.00035014005602240734
taffent,0.00035014005602240734
dorment,0.00035014005602240734
équerre,0.00035014005602240734
nouvelles,0.00035014005602240734
jour,0.00035014005602240734
enfonce,0.0003324468085106367
life,0.0003324468085106367
choisir,0.0003324468085106367
tranchées,0.0003324468085106367
spectacle,0.0003324468085106367
renoncer,0.0003324468085106367
obstacles,0.0003324468085106367
donne-moi,0.0003324468085106367
nature,0.0003324468085106367
ramper,0.0003324468085106367
tombés,0.0003324468085106367
dosages,0.0003324468085106367
bouteille,0.0003324468085106367
dépend,0.0003324468085106367
âge,0.0003324468085106367
énorme,0.0003324468085106367
vampires,0.0003324468085106367
descendu,0.0003324468085106367
blases,0.0003324468085106367
panthère,0.0003324468085106367
feu,0.0003324468085106367
courtois,0.0003324468085106367
car,0.0003324468085106367
pratique,0.0003324468085106367
fumer,0.0003324468085106367
sampaix,0.0003324468085106367
remonter,0.0003324468085106367
perdus,0.0003324468085106367
table,0.0003324468085106367
inutile,0.0003324468085106367
yeah,0.0003324468085106367
mode,0.0003324468085106367
petits,0.0003324468085106367
y'aura,0.0003324468085106367
euros,0.0003324468085106367
paix,0.0003324468085106367
africain,0.0003324468085106367
trafics,0.0003324468085106367
pétasse,0.0003324468085106367
chercher,0.0003324468085106367
soin,0.0003324468085106367
sauvage,0.0003324468085106367
cette,0.0003324468085106367
balistique,0.0003324468085106367
feront,0.0003324468085106367
trempé,0.0003324468085106367
4matic,0.0003324468085106367
sirote,0.0003324468085106367
caractère,0.0003324468085106367
habitacle,0.0003324468085106367
ciroc,0.0003324468085106367
liberté,0.0003324468085106367
lac,0.0003324468085106367
pieu,0.0003324468085106367
mourir,0.0003324468085106367
confort,0.0003324468085106367
noire,0.0003324468085106367
repos,0.0003324468085106367
grains,0.0003324468085106367
merco,0.0003324468085106367
lucien,0.0003324468085106367
regarde,0.0003324468085106367
poing,0.0003324468085106367
déroule,0.0003324468085106367
supprime,0.0003324468085106367
wari,0.0003188775510204067
ciseaux,0.0003188775510204067
tuyau,0.0003188775510204067
haut,0.0003188775510204067
dos,0.0003188775510204067
griot,0.0003188775510204067
horloge,0.0003188775510204067
puit,0.0003188775510204067
feuille,0.0003188775510204067
quitté,0.0003188775510204067
larges,0.0003188775510204067
envolent,0.0003188775510204067
imagine,0.0003188775510204067
résiste,0.0003188775510204067
seufs,0.0003188775510204067
pierre,0.0003188775510204067
corcovado,0.0003188775510204067
physio,0.0003188775510204067
arrêté,0.0003188775510204067
rendre,0.0003188775510204067
loge,0.0003188775510204067
chante,0.0003188775510204067
laisse,0.0003188775510204067
biz,0.00029620853080568587
aiguille,0.00029620853080568587
chattes,0.00029620853080568587
plaie,0.00029620853080568587
refuse,0.00029620853080568587
hôpital,0.00029620853080568587
actes,0.00029620853080568587
grandi,0.00029620853080568587
guérir,0.00029620853080568587
ceintures,0.00029620853080568587
coloc,0.00029620853080568587
kalash,0.00029620853080568587
dou'a,0.00029620853080568587
cause,0.00029620853080568587
repentir,0.00029620853080568587
rend,0.00029620853080568587
bercé,0.00029620853080568587
dresser,0.00029620853080568587
donnait,0.00029620853080568587
pise,0.00029620853080568587
nan,0.00029620853080568587
efface,0.00029620853080568587
b'soin,0.00029620853080568587
madone,0.00029620853080568587
devant,0.00029620853080568587
défunts,0.00029620853080568587
souvenir,0.00029620853080568587
grises,0.00029620853080568587
miens,0.00029620853080568587
riz,0.00029620853080568587
vendent,0.00029620853080568587
soupir,0.00029620853080568587
mise,0.00029620853080568587
pleuvoir,0.00029620853080568587
fais-moi,0.00029620853080568587
glock,0.00029620853080568587
sauce,0.00029620853080568587
monnaie,0.00029620853080568587
showbiz,0.00029620853080568587
couleur,0.00029620853080568587
vautours,0.00029620853080568587
tic,0.00029620853080568587
défaite,0.00029620853080568587
clic-clac,0.00029620853080568587
clic,0.00029620853080568587
escale,0.00029620853080568587
poignarde,0.00029620853080568587
ralentis,0.00029620853080568587
dernier,0.00029620853080568587
miroir,0.00029620853080568587
fours,0.00029620853080568587
courir,0.00029620853080568587
repars,0.00029620853080568587
savoureux,0.00029620853080568587
chambre,0.00029620853080568587
bonne,0.00029620853080568587
guise,0.00029620853080568587
coloc',0.00029620853080568587
victoire,0.00029620853080568587
volent,0.00029620853080568587
choix,0.00029620853080568587
insta,0.00029620853080568587
baisser,0.00029620853080568587
à-coups,0.00029620853080568587
rarement,0.00029620853080568587
pardonne,0.00029620853080568587
pousse,0.00029620853080568587
grèves,0.00029620853080568587
tic-tac,0.00029620853080568587
espace,0.0002777777777777765
montre,0.0002777777777777765
leums,0.0002777777777777765
descends,0.0002777777777777765
plan,0.0002777777777777765
monte,0.0002777777777777765
étoile,0.0002777777777777765
délivrer,0.0002777777777777765
band,0.0002777777777777765
bat,0.0002777777777777765
entailleusés,0.0002777777777777765
mifa,0.0002777777777777765
calcule,0.0002777777777777765
calibré,0.0002777777777777765
dollars,0.0002777777777777765
dès,0.0002777777777777765
dialyse,0.0002777777777777765
patrouilles,0.0002777777777777765
7,0.0002777777777777765
battu,0.0002777777777777765
sefyu,0.0002777777777777765
kilo,0.0002777777777777765
flashs,0.0002777777777777765
clan,0.0002777777777777765
photos,0.0002777777777777765
joues,0.0002777777777777765
galérien,0.0002777777777777765
lovés,0.0002777777777777765
pôles,0.0002777777777777765
manque,0.0002777777777777765
rêvais,0.0002777777777777765
banque,0.0002777777777777765
liga,0.0002777777777777765
controlla,0.0002777777777777765
volant,0.0002777777777777765
drama,0.0002777777777777765
monstre,0.0002777777777777765
renseignent,0.0002777777777777765
sil-fu,0.0002777777777777765
93,0.0002777777777777765
4,0.0002777777777777765
cran,0.0002777777777777765
calmer,0.0002777777777777765
grillz,0.0002777777777777765
créneau,0.0002777777777777765
dents,0.0002777777777777765
diams,0.0002777777777777765
benz,0.0002777777777777765
niar,0.0002777777777777765
more,0.0002777777777777765
maybach,0.0002777777777777765
poussière,0.0002777777777777765
soleil,0.0002777777777777765
aérien,0.0002777777777777765
papa,0.0002777777777777765
reins,0.0002777777777777765
allait,0.0002777777777777765
chasse,0.0002777777777777765
ak,0.0002777777777777765
revenait,0.0002777777777777765
groupe,0.0002777777777777765
enseignes,0.0002777777777777765
poulets,0.0002777777777777765
épaule,0.0002777777777777765
violent,0.00025303643724696237
ballon,0.00025303643724696237
gonfle,0.00025303643724696237
tiek-son,0.00025303643724696237
munitions,0.00025303643724696237
rois,0.00025303643724696237
vuitton,0.00025303643724696237
allers-retours,0.00025303643724696237
faction,0.00025303643724696237
rapper,0.00025303643724696237
résistant,0.00025303643724696237
marier,0.00025303643724696237
vifs,0.00025303643724696237
nasa,0.00025303643724696237
fou,0.00025303643724696237
clous,0.00025303643724696237
doigt,0.00025303643724696237
boutons,0.00025303643724696237
siège,0.00025303643724696237
rendez-vous,0.00025303643724696237
louis,0.00025303643724696237
paire,0.00025303643724696237
pointe,0.00025303643724696237
résidents,0.00025303643724696237
zik,0.00025303643724696237
cirer,0.00025303643724696237
poison,0.00025303643724696237
traîne,0.00025303643724696237
fout,0.00025303643724696237
trous,0.00025303643724696237
bonjour,0.00025303643724696237
palper,0.00025303643724696237
marcher,0.00025303643724696237
ferais,0.00025303643724696237
mesurer,0.00025303643724696237
cool,0.00025303643724696237
rouler,0.00025303643724696237
cou,0.00025303643724696237
prépare,0.00025303643724696237
million,0.00025303643724696237
pointais,0.00025303643724696237
aveugles,0.00025303643724696237
prévoit,0.00025303643724696237
taire,0.00025303643724696237
centurion,0.00025303643724696237
tacles,0.00025303643724696237
royaume,0.00025303643724696237
chiens,0.00025303643724696237
croupion,0.00025303643724696237
montagnes,0.00025303643724696237
défonce,0.00025303643724696237
bec,0.00025303643724696237
appuies,0.00025303643724696237
peu-ra,0.00025303643724696237
météo,0.00025303643724696237
marie,0.00025303643724696237
weston,0.00025303643724696237
trompes,0.00025303643724696237
taille,0.00025303643724696237
étonne,0.00025303643724696237
gloire,0.0002460629921259831
mir,0.0002460629921259831
renoi,0.0002460629921259831
nettoie,0.0002460629921259831
magot,0.0002460629921259831
partir,0.0002460629921259831
fracture,0.0002460629921259831
large,0.0002460629921259831
k,0.0002460629921259831
sûr,0.0002460629921259831
réserviste,0.0002460629921259831
visage,0.0002460629921259831
lieu,0.0002460629921259831
paye,0.0002460629921259831
génération,0.0002460629921259831
kick,0.0002460629921259831
fémur,0.0002460629921259831
focalise,0.0002460629921259831
abandonne,0.0002460629921259831
strass,0.0002460629921259831
pauvreté,0.0002460629921259831
haschisch,0.0002460629921259831
longtemps,0.0002460629921259831
kalachnikov,0.0002460629921259831
hardcore,0.0002460629921259831
grossiste,0.0002460629921259831
hall,0.0002460629921259831
enferme,0.0002460629921259831
self-service,0.0002460629921259831
paillettes,0.0002460629921259831
rivage,0.0002460629921259831
balayettes,0.0002460629921259831
dure,0.0002460629921259831
fera,0.0002460629921259831
héréditaire,0.0002460629921259831
douche,0.0002460629921259831
quelqu'un,0.0002460629921259831
vendre,0.0002460629921259831
apocalypse,0.0002460629921259831
premier,0.0002460629921259831
corps,0.0002460629921259831
talsadoum,0.0002460629921259831
payé,0.0002460629921259831
serrures,0.0002460629921259831
abord,0.0002460629921259831
italienne,0.0002460629921259831
tte-cha,0.0002460629921259831
couper,0.0002460629921259831
falsch,0.0002460629921259831
rondelle,0.0002460629921259831
fume,0.0002460629921259831
lisser,0.0002460629921259831
caniche,0.0002460629921259831
soutif',0.0002460629921259831
bide,0.0002460629921259831
chez,0.0002460629921259831
près,0.0002460629921259831
éventrer,0.0002460629921259831
galbé,0.0002460629921259831
sois-en,0.0002460629921259831
date,0.0002460629921259831
étayer,0.0002460629921259831
arbitre,0.0002460629921259831
charge,0.0002460629921259831
sera,0.0002460629921259831
venus,0.0002460629921259831
coincée,0.0002460629921259831
intérimaire,0.0002460629921259831
jusqu'à,0.0002460629921259831
bloquée,0.0002460629921259831
oreilles,0.0002460629921259831
éléphant,0.0002460629921259831
sert,0.0002460629921259831
paralysée,0.0002460629921259831
nouvel,0.0002460629921259831
frank,0.0002460629921259831
chiennes,0.0002460629921259831
bonbonne,0.0002460629921259831
fer,0.0002460629921259831
démaquille,0.0002460629921259831
touffe,0.0002460629921259831
pit',0.0002460629921259831
clés,0.0002460629921259831
retirer,0.0002460629921259831
maille,0.0002460629921259831
vladimir,0.0002460629921259831
intermédiaire,0.0002460629921259831
sourcils,0.0002460629921259831
baiser,0.0002460629921259831
kiffes,0.0002460629921259831
aide-moi,0.0002460629921259831
sursis,0.0002460629921259831
sarcophage,0.0002460629921259831
aka,0.0002460629921259831
grammes,0.0002460629921259831
blessure,0.0002460629921259831
arrivage,0.0002460629921259831
écouter,0.0002403846153846143
pleins,0.0002403846153846143
attirer,0.0002403846153846143
yeu-z,0.0002403846153846143
délicieuse,0.0002403846153846143
calculé,0.0002403846153846143
parfum,0.0002403846153846143
beau,0.0002403846153846143
suite,0.0002403846153846143
joli,0.0002403846153846143
pelle,0.0002403846153846143
veulent,0.0002403846153846143
arrières,0.0002403846153846143
déboule,0.0002403846153846143
cuisson,0.0002403846153846143
mords,0.0002403846153846143
pensées,0.0002403846153846143
hlel,0.0002403846153846143
proie,0.0002403846153846143
refais,0.0002403846153846143
copines,0.0002403846153846143
aimerais,0.0002403846153846143
gol-ri,0.0002403846153846143
insensées,0.0002403846153846143
regarder,0.0002403846153846143
lancer,0.0002403846153846143
grande,0.0002403846153846143
el,0.0002403846153846143
cabine,0.0002403846153846143
posent,0.0002403846153846143
fève,0.0002403846153846143
choses,0.0002403846153846143
s63,0.0002403846153846143
coin,0.0002403846153846143
hameçon,0.0002403846153846143
marrakech,0.0002403846153846143
questions,0.0002403846153846143
posé,0.0002403846153846143
faciles,0.0002403846153846143
v'là,0.0002403846153846143
fraîche,0.0002403846153846143
bagatelle,0.0002403846153846143
mamounia,0.0002403846153846143
dose,0.0002403846153846143
té-ma,0.0002403846153846143
dior,0.0002403846153846143
sonne,0.0002403846153846143
hôtel,0.0002403846153846143
trouver,0.0002403846153846143
cisaille,0.00023946360153256593
passation,0.00023946360153256593
répondre,0.00023946360153256593
attends,0.00023946360153256593
parce,0.00023946360153256593
négro,0.00023946360153256593
harcèles,0.00023946360153256593
retraits,0.00023946360153256593
greenpeace,0.00023946360153256593
l,0.00023946360153256593
appelles,0.00023946360153256593
perron,0.00023946360153256593
te-traî,0.00023946360153256593
sentence,0.00023946360153256593
peluche,0.00023946360153256593
dépassent,0.00023946360153256593
'institut,0.00023946360153256593
vette-cre,0.00023946360153256593
huissier,0.00023946360153256593
castration,0.00023946360153256593
dignitaire,0.00023946360153256593
grizzli,0.00023946360153256593
ramené,0.00023946360153256593
scalp,0.00023946360153256593
secret,0.00023946360153256593
esquive,0.00023946360153256593
filtre,0.00023946360153256593
sanitaire,0.00023946360153256593
kalashé,0.00023946360153256593
garder,0.00023946360153256593
poucave,0.00023946360153256593
tacher,0.00023946360153256593
zup,0.00023946360153256593
portes,0.00023946360153256593
pregnant,0.00023946360153256593
ble3,0.00023946360153256593
sucer,0.00023946360153256593
ver-cre,0.00023946360153256593
néron,0.00023946360153256593
belek,0.00023946360153256593
repartir,0.00023946360153256593
aura,0.00023946360153256593
coules,0.00023946360153256593
guillotine,0.00023946360153256593
refaire,0.00023946360153256593
crocs,0.00023946360153256593
bûche,0.00023946360153256593
saleté,0.00023946360153256593
cap,0.00023946360153256593
zoo,0.00023946360153256593
lignée,0.00023946360153256593
fixé,0.00023946360153256593
sent,0.00023946360153256593
sappes,0.00023946360153256593
caligula,0.00023946360153256593
veille,0.00023946360153256593
clairon,0.00023946360153256593
venir,0.00023946360153256593
créatine,0.00023946360153256593
salope,0.00023946360153256593
portrait,0.00023946360153256593
verrions,0.00023946360153256593
criais,0.00023946360153256593
train,0.00023946360153256593
médiévale,0.00023946360153256593
embûches,0.00023946360153256593
revenant,0.00023946360153256593
toits,0.00023946360153256593
fraté,0.00023946360153256593
gouvernail,0.00023946360153256593
finir,0.00023674242424242314
rafale,0.00023674242424242314
doubler,0.00023674242424242314
alle-man-de,0.00023674242424242314
redouté,0.00023674242424242314
cauchemar,0.00023674242424242314
auras,0.00023674242424242314
isolée,0.00023674242424242314
derrière,0.00023674242424242314
péter,0.00023674242424242314
attrape,0.00023674242424242314
sentir,0.00023674242424242314
ensemble,0.00023674242424242314
est-ce,0.00023674242424242314
tonne,0.00023674242424242314
démons,0.00023674242424242314
douane,0.00023674242424242314
chienne,0.00023674242424242314
inquiète,0.00023674242424242314
perché,0.00023674242424242314
éclater,0.00023674242424242314
veste,0.00023674242424242314
vide,0.00023674242424242314
donnent,0.00023674242424242314
torture,0.00023674242424242314
pure,0.00023674242424242314
carnet,0.00023674242424242314
bizz,0.00023674242424242314
fouille,0.00023674242424242314
retourner,0.00023674242424242314
peste,0.00023674242424242314
funérarium,0.00023674242424242314
vrooum,0.00023674242424242314
passionnel,0.00023674242424242314
haute,0.00023674242424242314
é-vi-de-mment,0.00023674242424242314
clôture,0.00023674242424242314
voulu,0.00023674242424242314
trajet,0.00023674242424242314
personnel,0.00023674242424242314
retracer,0.00023674242424242314
voi-tu-re,0.00023674242424242314
fusionnel,0.00023674242424242314
déjà,0.00023674242424242314
encore,0.00023674242424242314
collier,0.00023674242424242314
sets,0.00023674242424242314
vaincre,0.00023674242424242314
renfort,0.00023674242424242314
vip,0.00023674242424242314
singes,0.00023674242424242314
écraser,0.00023674242424242314
djo,0.00023674242424242314
miches,0.00023674242424242314
prévisionnel,0.00023674242424242314
volante,0.00023674242424242314
vérité,0.00023674242424242314
sh-fla,0.00023674242424242314
construire,0.00023674242424242314
cherché,0.00023674242424242314
vue,0.00023674242424242314
déchiré,0.00023674242424242314
volé,0.00023674242424242314
civ,0.00023674242424242314
em-pe-tré,0.00023674242424242314
démonte,0.00023674242424242314
couture,0.00023674242424242314
transit,0.00023674242424242314
djokovic,0.00023674242424242314
clashait,0.00023674242424242314
fumé,0.00023674242424242314
crime,0.00023674242424242314
recette,0.00023674242424242314
doublure,0.00023674242424242314
défoncé,0.00023674242424242314
remplis,0.00023674242424242314
bouger,0.00023674242424242314
poudre,0.00021701388888888787
finis,0.00021701388888888787
fierté,0.00021701388888888787
hein,0.00021701388888888787
flics,0.00021701388888888787
manège,0.00021701388888888787
joujou,0.00021701388888888787
houdini,0.00021701388888888787
arbres,0.00021701388888888787
nuits,0.00021701388888888787
perds,0.00021701388888888787
saignes,0.00021701388888888787
pillons,0.00021701388888888787
pied,0.00021701388888888787
crânes,0.00021701388888888787
nids,0.00021701388888888787
présenter,0.00021701388888888787
appeler,0.00021701388888888787
fans,0.00021701388888888787
armé,0.00021701388888888787
traces,0.00021701388888888787
droit,0.00021701388888888787
desert,0.00021701388888888787
planète,0.00021701388888888787
lamborghini,0.00021701388888888787
pisse,0.00021701388888888787
vitres,0.00021701388888888787
feu-bi,0.00021701388888888787
opj,0.00021701388888888787
moitié,0.00021701388888888787
deus-pi,0.00021701388888888787
talent,0.00021701388888888787
récupère,0.00021701388888888787
tombe,0.00021701388888888787
bas,0.00021701388888888787
touché,0.00021701388888888787
marche,0.00021701388888888787
rêver,0.00021701388888888787
meurs,0.00021701388888888787
moyen,0.00021701388888888787
arrose,0.00021701388888888787
teintés,0.00021701388888888787
fermer,0.00021701388888888787
ness-bui,0.00021701388888888787
re-vés,0.00021701388888888787
porc,0.00021701388888888787
lit,0.00021701388888888787
super,0.00021701388888888787
eagle,0.00021701388888888787
couche,0.00021701388888888787
vers,0.00021701388888888787
cul,0.00021701388888888787
ze-bi,0.00021701388888888787
goal-average,0.00021701388888888787
litrons,0.00021701388888888787
coussins,0.00021701388888888787
gueules,0.00021701388888888787
balles,0.00021701388888888787
virages,0.00021701388888888787
déserter,0.00021701388888888787
chasuble,0.00021701388888888787
rain-té,0.00021701388888888787
présente,0.00021701388888888787
langue,0.00021701388888888787
fric,0.00021701388888888787
tibias,0.00021701388888888787
manie,0.0002049180327868843
succès,0.0002049180327868843
450,0.0002049180327868843
jumeaux,0.0002049180327868843
savoir,0.0002049180327868843
arcade,0.0002049180327868843
style,0.0002049180327868843
culotte,0.0002049180327868843
tout-par,0.0002049180327868843
allume,0.0002049180327868843
cagoulé,0.0002049180327868843
qatar,0.0002049180327868843
200,0.0002049180327868843
soeur,0.0002049180327868843
toussent,0.0002049180327868843
marrantes,0.0002049180327868843
abidjan,0.0002049180327868843
nuire,0.0002049180327868843
millimètres,0.0002049180327868843
liquide,0.0002049180327868843
yougoslave,0.0002049180327868843
coup,0.0002049180327868843
travailler,0.0002049180327868843
dakar,0.0002049180327868843
rétrograde,0.0002049180327868843
égare,0.0002049180327868843
roi,0.0002049180327868843
baliser,0.0002049180327868843
chiriki,0.0002049180327868843
état,0.0002049180327868843
porte,0.0002049180327868843
sabre,0.0002049180327868843
léger,0.0002049180327868843
lash-ka,0.0002049180327868843
drive,0.0002049180327868843
monter,0.0002049180327868843
peloton,0.0002049180327868843
stage,0.0002049180327868843
triomphe,0.0002049180327868843
eu,0.0002049180327868843
yeuz,0.0002049180327868843
lait,0.0002049180327868843
place,0.0002049180327868843
retard,0.0002049180327868843
1,0.0002049180327868843
instable,0.0002049180327868843
gare,0.0002049180327868843
résine,0.0002049180327868843
riviera,0.0002049180327868843
été,0.0002049180327868843
fuir,0.0002049180327868843
pu,0.0002049180327868843
game,0.0002049180327868843
réflexes,0.0002049180327868843
assez,0.0002049180327868843
diète,0.0002049180327868843
martin,0.0002049180327868843
soleils,0.0002049180327868843
prix,0.0002049180327868843
heures,0.0002049180327868843
dis-moi,0.0002049180327868843
anges,0.0002049180327868843
mois,0.0002049180327868843
multiplatinium,0.0002049180327868843
termine,0.0002049180327868843
diamants,0.0002049180327868843
comment,0.0002049180327868843
course,0.0002049180327868843
tapin,0.0002049180327868843
aston,0.0002049180327868843
reset,0.0002049180327868843
louboutins,0.0002049180327868843
belle,0.0002049180327868843
gachette,0.0002049180327868843
35,0.0002049180327868843
limonade,0.0002049180327868843
cac,0.0002049180327868843
tatooine,0.0002049180327868843
aucun,0.0002049180327868843
phone-tél',0.0002049180327868843
enveloppé,0.0002049180327868843
puisse,0.0002049180327868843
douce,0.0002049180327868843
opé',0.0002049180327868843
puta,0.0002049180327868843
bosse,0.0002049180327868843
re-fou,0.0002049180327868843
niquent,0.0002049180327868843
complète,0.0002049180327868843
source,0.0002049180327868843
grave,0.0002049180327868843
tard,0.0002049180327868843
hokuto,0.0002049180327868843
impression,0.0002049180327868843
relation,0.0002049180327868843
empire,0.0002049180327868843
fimbu,0.0002049180327868843
tape,0.0002049180327868843
skunk,0.0002049180327868843
arc,0.0002049180327868843
alaska,0.0002049180327868843
drogue,0.0002049180327868843
camion,0.0002049180327868843
street,0.0002049180327868843
tire,0.0002049180327868843
balmain,0.0002049180327868843
kobe,0.0002049180327868843
enneigées,0.0002049180327868843
pussy,0.0002049180327868843
cent,0.0002049180327868843
aluminium,0.0002049180327868843
compét',0.0002049180327868843
tourner,0.0002049180327868843
anakin,0.0002049180327868843
congél',0.0002049180327868843
blaze,0.0002049180327868843
chevaux,0.0002049180327868843
salside,0.0002049180327868843
millilitres,0.0002049180327868843
rouges,0.0002049180327868843
école,0.0002049180327868843
impliqué,0.0002049180327868843
tablette,0.0002049180327868843
crosse,0.0002049180327868843
tige,0.0002049180327868843
pensent,0.0002049180327868843
frangin,0.0002049180327868843
dot,0.0002049180327868843
sommeil,0.0002049180327868843
arrêterai,0.0002049180327868843
chiottes,0.0002049180327868843
villa,0.0002049180327868843
creuse,0.0002049180327868843
épaules,0.0002049180327868843
boîtes,0.0002049180327868843
déduire,0.0002049180327868843
payer,0.0002049180327868843
chargée,0.0002049180327868843
skinny,0.0002049180327868843
hamlet,0.0002049180327868843
french,0.0002049180327868843
the-men,0.0002049180327868843
survet,0.0002049180327868843
nouchi,0.0002049180327868843
cellophane,0.0002049180327868843
squats,0.0002049180327868843
night,0.0002049180327868843
boîte,0.0002049180327868843
tartare,0.0002049180327868843
bah,0.0002049180327868843
rends,0.0002049180327868843
frère,0.0002049180327868843
sang,0.0002049180327868843
arriver,0.0002049180327868843
sses-lia,0.0002049180327868843
convoite,0.0002049180327868843
sky,0.0002049180327868843
savais,0.0002049180327868843
40,0.0002049180327868843
fouquet,0.0002049180327868843
appuie,0.0002049180327868843
litige,0.0002049180327868843
ti-gen,0.0002049180327868843
mange,0.0002049180327868843
tort,0.0002049180327868843
fouettard,0.0002049180327868843
steak,0.0002049180327868843
idiote,0.0002049180327868843
accoudoirs,0.0002049180327868843
réaliser,0.0002049180327868843
médaille,0.0002049180327868843
donf',0.0002049180327868843
semelles,0.0002049180327868843
gucci,0.0002049180327868843
truc,0.0002049180327868843
fête,0.0002049180327868843
race,0.0002049180327868843
briquet,0.0002049180327868843
alger,0.0002049180327868843
teur-men,0.0002049180327868843
tournée,0.0002049180327868843
rétine,0.0002049180327868843
permis,0.0002049180327868843
sauvagerie,0.0002049180327868843
barrage,0.0002049180327868843
9-3,0.0002049180327868843
cuir,0.0002049180327868843
fond,0.0002049180327868843
seras,0.0002049180327868843
tho-my,0.0001953124999999991
factices,0.0001953124999999991
coupes,0.0001953124999999991
mélanine,0.0001953124999999991
bavarder,0.0001953124999999991
serengeti,0.0001953124999999991
copine,0.0001953124999999991
chasser,0.0001953124999999991
balenciaga,0.0001953124999999991
fie,0.0001953124999999991
cordes,0.0001953124999999991
napoli,0.0001953124999999991
trahissent,0.0001953124999999991
enfant,0.0001953124999999991
ami,0.0001953124999999991
platines,0.0001953124999999991
hais,0.0001953124999999991
parallèle,0.0001953124999999991
intestin,0.0001953124999999991
ronds,0.0001953124999999991
laper,0.0001953124999999991
mafia,0.0001953124999999991
unies,0.0001953124999999991
instinct,0.0001953124999999991
espèces,0.0001953124999999991
enculé,0.0001953124999999991
souffrent,0.0001953124999999991
braqués,0.0001953124999999991
folie,0.0001953124999999991
parlé,0.0001953124999999991
vomi,0.0001953124999999991
paie,0.0001953124999999991
bon,0.0001953124999999991
échec,0.0001953124999999991
débranche,0.0001953124999999991
ra,0.0001953124999999991
quelque,0.0001953124999999991
nigga,0.0001953124999999991
chemise,0.0001953124999999991
vétéran,0.0001953124999999991
debout,0.0001953124999999991
ger-ran,0.0001953124999999991
téhéran,0.0001953124999999991
bonhomie,0.0001953124999999991
codéine,0.0001953124999999991
pine,0.0001953124999999991
appétit,0.0001953124999999991
payeur,0.0001953124999999991
économie,0.0001953124999999991
sinon,0.0001953124999999991
origines,0.0001953124999999991
départ,0.0001953124999999991
errant,0.0001953124999999991
in,0.0001953124999999991
noriega,0.0001953124999999991
toni,0.0001953124999999991
matrice,0.0001953124999999991
colonies,0.0001953124999999991
géant,0.0001953124999999991
soie,0.0001953124999999991
décrète,0.0001953124999999991
acier,0.0001953124999999991
tartines,0.0001953124999999991
animal,0.0001953124999999991
sers-moi,0.00017507002801120367
moules,0.00017507002801120367
taureau,0.00017507002801120367
meda,0.00017507002801120367
glace,0.00017507002801120367
djandjous,0.00017507002801120367
dessert,0.00017507002801120367
président,0.00017507002801120367
voyous,0.00017507002801120367
combattant,0.00017507002801120367
net,0.00017507002801120367
sses-cui,0.00017507002801120367
vestes,0.00017507002801120367
teilles-bou,0.00017507002801120367
disquettes,0.00017507002801120367
pét'-pét',0.00017507002801120367
birdman,0.00017507002801120367
cousine,0.00017507002801120367
clio,0.00017507002801120367
ble-ta,0.00017507002801120367
déter',0.00017507002801120367
stunna,0.00017507002801120367
genre,0.00017507002801120367
lettes-toi,0.00017507002801120367
te-fê,0.00017507002801120367
boules,0.00017507002801120367
she-ca,0.00017507002801120367
ferrari,0.00017507002801120367
vite,0.00017507002801120367
toucher,0.00017507002801120367
bons,0.00017507002801120367
graal,0.00017507002801120367
qataris,0.00017507002801120367
carré,0.00017507002801120367
calé,0.00017507002801120367
première,0.00017507002801120367
raconter,0.00017507002801120367
assiette,0.00017507002801120367
serrer,0.00017507002801120367
maracanã,0.00017507002801120367
gars,0.00017507002801120367
ancestral,0.00017507002801120367
biens,0.00017507002801120367
effaré,0.00017507002801120367
rres-ve,0.00017507002801120367
égaré,0.00017507002801120367
puissant,0.00017507002801120367
verre,0.00017507002801120367
pectoraux,0.00017507002801120367
cherche,0.00017507002801120367
taré,0.00017507002801120367
paré,0.00017507002801120367
mmh,0.00017507002801120367
gitan,0.00017507002801120367
soupèse,0.00017507002801120367
marrer,0.00017507002801120367
rotte-ca,0.00017507002801120367
répare,0.00017507002801120367
brésiliennes,0.00017507002801120367
tuyaux,0.00017507002801120367
histoire,0.00017507002801120367
ches-lâ,0.00017507002801120367
direct,0.00017507002801120367
born,0.00017507002801120367
quille-tran,0.00017507002801120367
soulever,0.00017507002801120367
commencer,0.00017507002801120367
dolce,0.00017507002801120367
gabbana,0.00017507002801120367
sourd,0.00017507002801120367
peser,0.00017507002801120367
étui,0.00017507002801120367
