je,0.0625986825621553
malade,0.015000000000000022
comme,0.013166303582570784
i,0.009910714285714302
même,0.00957774127284768
as,0.00953469613557328
my,0.009017857142857157
pour,0.008512730753248222
eya,0.008395522388059715
quand,0.008011157603589976
hand,0.007812500000000012
ouais,0.007140979763698399
gros,0.00687777196567293
sous,0.00658664448248029
bip,0.0064683219178082296
temps,0.005998132628855459
nan,0.005943652286692284
insomnie,0.005535055350553514
elle,0.005208494440802113
genre,0.005111007462686575
tous,0.005014496573537172
nous,0.004895639116544275
trop,0.0047864046427872715
the,0.004508928571428579
par,0.0042966626949287245
va,0.004143976662944948
bien,0.004078010021135672
spin,0.004062500000000006
thighs,0.004062500000000006
dices,0.004062500000000006
her,0.004062500000000006
put,0.004062500000000006
rien,0.00390960045457732
fois,0.0038807561308712357
gars,0.003719783397194318
ville,0.0036900369003690092
cette,0.00345350913993283
vais,0.0032126879944172626
tête,0.0031746414212543025
leurs,0.0030534360710156756
médecin,0.003000000000000005
appelez-moi,0.003000000000000005
mal,0.0029464285714285764
deux,0.0029059263280989014
quoi,0.0028426106214843707
toujours,0.0024658749769362383
couronne,0.0023320895522388092
biff,0.0023125000000000034
rendu,0.0023062730627306308
niveau,0.002286585365853662
moi,0.002273954703832756
guette,0.0022469688982604146
rêves,0.0022267798637474684
dur,0.002212328767123291
sais,0.002212328767123291
monde,0.0021859312605731133
leur,0.0021581823027718586
putain,0.002119586419042506
tout,0.0021057742090025977
pris,0.0020911736086538977
dis,0.002062329284947813
toute,0.002054255408589544
tche-bi,0.002000000000000003
vexer,0.002000000000000003
solo,0.002000000000000003
te-té,0.002000000000000003
sait,0.0019856578476139344
cousin,0.0019856448564485674
puis,0.0019308595055128664
dieu,0.0018992537313432865
bizarre,0.0018837638376383793
têtes,0.0018656716417910476
envoie,0.0018656716417910476
répondu,0.0018656716417910476
ché-mar,0.0018450184501845046
slide,0.0018450184501845046
bon,0.0018225822940094079
juste,0.0018057036247334784
phone-tel,0.0017857142857142885
kkk,0.0017857142857142885
jours,0.0017857142857142885
tieks,0.0017857142857142885
posé,0.0017857142857142885
couplet,0.0017857142857142885
bateau,0.0017857142857142885
clope,0.0017857142857142885
blavan,0.0017857142857142885
écouler,0.0017857142857142885
jeune,0.0017857142857142885
coupée,0.0017857142857142885
jouer,0.0017857142857142885
bouée,0.0017857142857142885
mer,0.0017857142857142885
ce-vi,0.0017498292849478128
étais,0.0017498292849478128
met,0.001739502689144541
reste,0.0017298399459286227
pose,0.0017246766480269872
sert,0.0017123287671232902
couru,0.0017123287671232902
ça,0.0017123287671232902
pop,0.001696428571428574
peux,0.0016836905159658274
air,0.001673157847613934
go,0.0016686643835616465
parler,0.0016686643835616465
comment,0.0016350822940094077
aux,0.0016339869281045778
merde,0.0016339869281045778
très,0.0016310975609756125
nuit,0.0016161067860678631
oeil,0.001609710593374593
bails,0.0015959113745000512
maintenant,0.0015759220354808615
toi,0.001549761944537256
zéros,0.0015243902439024415
difficulté,0.0015243902439024415
falloir,0.0015243902439024415
débusquer,0.0015243902439024415
y,0.0015105910250278996
vois,0.001427672522993889
give,0.0013992537313432857
signaux,0.0013992537313432857
fuck,0.0013992537313432857
années,0.0013992537313432857
paz,0.0013987546125461276
bat,0.0013889271355400142
dos,0.001356164383561646
alignés,0.001356164383561646
personne,0.001356164383561646
tourne,0.001356164383561646
vous,0.001356164383561646
classique,0.001356164383561646
coeurs,0.001356164383561646
got,0.0013392857142857165
ass,0.0013392857142857165
r,0.001322582294009407
weed,0.0013174189961077712
finir,0.0013169934640522897
aucune,0.0013169934640522897
depuis,0.001313933381871134
ans,0.001312500000000002
impression,0.0013036067860678626
crois,0.0013036067860678626
après,0.001302592954990217
grave,0.001302592954990217
vie,0.0012887807449503085
voulais,0.0012737546125461275
prends,0.001263422035480861
calme,0.001263422035480861
veuillez,0.0012372619445372554
mois,0.0012372619445372554
six,0.0012372619445372554
assez,0.0012086236933797929
v'là,0.0012053571428571447
part,0.0011980910250278993
tah,0.0011980910250278993
mode,0.0011980910250278993
tasses-pé,0.0011686643835616456
light,0.001143292682926831
sabers,0.001143292682926831
cyclone,0.001143292682926831
sergio,0.001143292682926831
busquets,0.001143292682926831
brusquer,0.001143292682926831
sort,0.001143292682926831
fini,0.0011294934640522893
maille,0.0011294934640522893
so,0.0010714285714285732
rap,0.0010000000000000015
san,0.0009664179104477628
coeur,0.0009664179104477628
rouler,0.0009664179104477628
pire,0.0009664179104477628
balle,0.000961254612546127
peut,0.000961254612546127
damn,0.0009464285714285729
âme,0.0009464285714285729
casque,0.0009375000000000014
humanité,0.0009375000000000014
irl,0.0009375000000000014
ok,0.0009375000000000014
condamné,0.0009328358208955238
propre,0.0009328358208955238
aimes,0.0009328358208955238
jour,0.0009328358208955238
dinguerie,0.0009328358208955238
pareil,0.0009328358208955238
croient,0.0009328358208955238
canner,0.0009328358208955238
jugements,0.0009328358208955238
chaque,0.0009328358208955238
envers,0.0009225092250922523
gens,0.0009225092250922523
steaks,0.0009225092250922523
ressemble,0.0009225092250922523
dispa,0.0009225092250922523
glitch,0.0009225092250922523
mieux,0.0009225092250922523
noire,0.0009225092250922523
mirages,0.0009225092250922523
up,0.0009225092250922523
le-gueu,0.0009225092250922523
textes,0.0009225092250922523
visa,0.0009225092250922523
level,0.0009225092250922523
visages,0.0009225092250922523
chemin,0.000912846481876334
coup,0.0009076831839746983
fume,0.0009076831839746983
at,0.0008928571428571442
they,0.0008928571428571442
nigga,0.0008928571428571442
where,0.0008928571428571442
old,0.0008928571428571442
you,0.0008928571428571442
oui,0.0008928571428571442
passe-temps,0.0008810975609756112
garder,0.0008810975609756112
milan,0.0008810975609756112
rappes,0.0008810975609756112
bellek,0.0008810975609756112
ac,0.0008810975609756112
astrologie,0.0008561643835616451
metro,0.0008561643835616451
pourrie,0.0008561643835616451
bonjour,0.0008561643835616451
traiter,0.0008561643835616451
portions,0.0008561643835616451
souvenirs,0.0008561643835616451
fuite,0.0008561643835616451
nue,0.0008561643835616451
sourire,0.0008561643835616451
message,0.0008561643835616451
joindre,0.0008561643835616451
vidé,0.0008561643835616451
shlass,0.0008561643835616451
décroches,0.0008561643835616451
revoir,0.0008561643835616451
messagerie,0.0008561643835616451
fraîche,0.0008561643835616451
pute,0.0008561643835616451
fruits,0.0008561643835616451
grand,0.0008561643835616451
bête,0.0008561643835616451
paies,0.0008561643835616451
veut,0.0008561643835616451
triste,0.0008561643835616451
chinoise,0.0008561643835616451
boomin,0.0008561643835616451
laisser,0.0008561643835616451
faudra,0.0008561643835616451
disponible,0.0008561643835616451
orange,0.0008561643835616451
pété,0.0008561643835616451
photobooth,0.0008561643835616451
sale,0.0008561643835616451
parce,0.0008561643835616451
tbt,0.0008561643835616451
fatalité,0.0008561643835616451
bouygues,0.0008561643835616451
portable,0.0008561643835616451
photos,0.0008561643835616451
language,0.0008561643835616451
allô,0.0008561643835616451
entre,0.0008561643835616451
avoue,0.0008561643835616451
soutenu,0.0008561643835616451
loxon,0.0008561643835616451
rue,0.0008561643835616451
essayez,0.0008561643835616451
vulgaire,0.0008561643835616451
habillait,0.0008561643835616451
nah,0.0008561643835616451
alors,0.0008561643835616451
couves,0.0008561643835616451
devient,0.0008561643835616451
eh,0.0008561643835616451
final,0.0008561643835616451
tej,0.0008561643835616451
pull,0.0008561643835616451
courir,0.0008561643835616451
demi,0.0008561643835616451
cocktails,0.0008561643835616451
votre,0.0008561643835616451
relation,0.0008561643835616451
couilles,0.0008561643835616451
tchoin,0.0008561643835616451
option,0.0008561643835616451
wesh,0.0008561643835616451
moves,0.0008475154714233722
bons,0.0008475154714233722
croire,0.0008475154714233722
costard,0.0008475154714233722
smith,0.0008475154714233722
né,0.0008475154714233722
taille,0.0008475154714233722
10,0.0008475154714233722
blazes,0.0008475154714233722
aime,0.0008423521735217365
mac,0.0008423521735217365
donc,0.0008423521735217365
chelou,0.0008423521735217365
voir,0.0008423521735217365
peu,0.0008275261324041825
vrai,0.0008275261324041825
jà,0.0008275261324041825
vite,0.0008275261324041825
rimes,0.0008275261324041825
lèvres,0.0008169934640522889
troopas,0.0008169934640522889
thé,0.0008169934640522889
pansement,0.0008169934640522889
avis,0.0008169934640522889
zéro,0.0008169934640522889
décale,0.0008169934640522889
coupable,0.0008169934640522889
quatre,0.0008169934640522889
rester,0.0008169934640522889
mashallah,0.0008169934640522889
alarmant,0.0008169934640522889
lancer,0.0008169934640522889
lettres,0.0008169934640522889
salopes,0.0008169934640522889
élèvent,0.0008169934640522889
soupapes,0.0008169934640522889
manches,0.0008169934640522889
2pac,0.0008169934640522889
amende,0.0008169934640522889
75,0.0008169934640522889
appartenir,0.0008169934640522889
billets,0.0008169934640522889
weah,0.0008169934640522889
mile,0.0008169934640522889
séparé,0.0008169934640522889
auxquelles,0.0008169934640522889
revenir,0.0008169934640522889
souhaite,0.0008169934640522889
dalle,0.0008169934640522889
sept,0.0008169934640522889
appart',0.0008169934640522889
inattendue,0.0008169934640522889
serais,0.0008169934640522889
paraît,0.0008169934640522889
vend,0.0008169934640522889
kuta,0.0008169934640522889
partenaires,0.0008169934640522889
ra,0.0008169934640522889
vriller,0.0008169934640522889
vifs,0.0008169934640522889
tout-par,0.0008169934640522889
y'ait,0.0008169934640522889
yeux,0.0008169934640522889
tourné,0.0008169934640522889
remords,0.0008169934640522889
mise,0.0008169934640522889
kamehouse,0.0008169934640522889
major,0.0008169934640522889
koopas,0.0008169934640522889
erreurs,0.0008169934640522889
finissent,0.0008169934640522889
kunai,0.0008169934640522889
conseils,0.0008169934640522889
pâles,0.0008169934640522889
mène,0.0008169934640522889
kouffar,0.0008169934640522889
cieux,0.0008169934640522889
barré,0.0008169934640522889
devenus,0.0008169934640522889
refaire,0.0008169934640522889
brasse,0.0008169934640522889
toubabs,0.0008169934640522889
laisse-moi,0.0008169934640522889
laide,0.0008169934640522889
repenserai,0.0008169934640522889
away,0.0008169934640522889
uet,0.0008169934640522889
purée,0.0008169934640522889
moment,0.0008169934640522889
sectes,0.0008169934640522889
roseaux,0.0008169934640522889
seul,0.0008169934640522889
werss,0.0008169934640522889
calculette,0.0008169934640522889
ressortir,0.0008169934640522889
changé,0.0008169934640522889
langue,0.0008169934640522889
fin,0.0008169934640522889
toutes,0.0008169934640522889
vient,0.0008169934640522889
carapace,0.0008169934640522889
art,0.0008169934640522889
menthe,0.0008169934640522889
pensée,0.0008169934640522889
carrés,0.0008169934640522889
postillonné,0.0008169934640522889
cet,0.0008169934640522889
histoire,0.0008169934640522889
lamentent,0.0008169934640522889
pensées,0.0008169934640522889
compter,0.0008125000000000014
dingueries,0.0008125000000000014
musique,0.0008125000000000014
game,0.0007789179104477624
jusqu'à,0.0007789179104477624
il,0.0007737546125461266
comprendre,0.0007621951219512207
démarrage,0.0007621951219512207
libra,0.0007621951219512207
scale,0.0007621951219512207
entraînement,0.0007621951219512207
soit,0.0007621951219512207
skills,0.0007621951219512207
cypher,0.0007621951219512207
trois,0.0007621951219512207
déjà,0.0006935975609756108
tellement,0.0006935975609756108
mc's,0.0006935975609756108
recale,0.000625000000000001
voudrais,0.000625000000000001
dix,0.000625000000000001
goûte,0.000625000000000001
tyler,0.000625000000000001
rentre,0.000625000000000001
squad,0.000625000000000001
bir,0.000625000000000001
relax,0.000625000000000001
passé,0.000625000000000001
charlie,0.000625000000000001
mets,0.000625000000000001
bientôt,0.000625000000000001
khalifa,0.000625000000000001
mia,0.000625000000000001
offrent,0.0005000000000000008
fatigué,0.0005000000000000008
cause,0.0005000000000000008
bériz,0.0005000000000000008
vont,0.0005000000000000008
gengen,0.0005000000000000008
pilon,0.0005000000000000008
ds,0.0005000000000000008
gavas,0.0005000000000000008
18,0.0005000000000000008
devises,0.0005000000000000008
banane,0.0005000000000000008
entrées,0.0005000000000000008
numéro,0.0005000000000000008
mets-y,0.0005000000000000008
ned,0.0005000000000000008
banquier,0.0005000000000000008
teczer,0.0005000000000000008
certains,0.0005000000000000008
nombre,0.0005000000000000008
ciste-gro,0.0005000000000000008
francisco,0.0005000000000000008
flow,0.0005000000000000008
merci,0.0005000000000000008
accouche,0.0005000000000000008
demis,0.0005000000000000008
samedi,0.0005000000000000008
évidence,0.0005000000000000008
las,0.0005000000000000008
té-véri,0.0005000000000000008
cent,0.0005000000000000008
enculés,0.0005000000000000008
calcinés,0.0005000000000000008
rend,0.0005000000000000008
imagine,0.0005000000000000008
hésitants,0.0005000000000000008
faudrait,0.0005000000000000008
baba,0.0005000000000000008
jamais,0.0005000000000000008
exergue,0.0005000000000000008
stark,0.0005000000000000008
tape,0.0005000000000000008
ient-ient,0.0005000000000000008
entends,0.0005000000000000008
quelques,0.0005000000000000008
phases,0.0005000000000000008
arrives,0.0005000000000000008
impossible,0.0005000000000000008
j,0.0005000000000000008
bienvenue,0.0005000000000000008
compare,0.0005000000000000008
mille,0.0005000000000000008
lecce,0.0005000000000000008
ganache,0.0005000000000000008
camés,0.0005000000000000008
distances,0.0005000000000000008
paze,0.0005000000000000008
fonce-dé,0.0005000000000000008
roussos,0.0005000000000000008
espace,0.0005000000000000008
idée,0.0005000000000000008
bandant,0.0005000000000000008
silencieux,0.0005000000000000008
génies,0.0005000000000000008
beaucoup,0.0005000000000000008
infini,0.0005000000000000008
passion,0.0005000000000000008
vieux,0.0005000000000000008
résistance,0.0005000000000000008
te-tê,0.0005000000000000008
faux,0.0005000000000000008
raffiner,0.0005000000000000008
heaulme,0.0005000000000000008
aller,0.0005000000000000008
agressif,0.0005000000000000008
francis,0.0005000000000000008
juicy,0.0005000000000000008
ouvre,0.0005000000000000008
joints,0.0005000000000000008
mecque,0.0005000000000000008
série,0.0005000000000000008
soient,0.0005000000000000008
soir,0.0005000000000000008
distinguer,0.0005000000000000008
oisan,0.0005000000000000008
être,0.0005000000000000008
vegas,0.0005000000000000008
ecsta,0.0005000000000000008
péridurale,0.0005000000000000008
malades,0.0005000000000000008
autres,0.0005000000000000008
allez,0.0005000000000000008
perde,0.0004664179104477619
seudi,0.0004664179104477619
transformer,0.0004664179104477619
ichi,0.0004664179104477619
plaisirs,0.0004664179104477619
té-je,0.0004664179104477619
fenêtre,0.0004664179104477619
écorcher,0.0004664179104477619
dés,0.0004664179104477619
it,0.0004664179104477619
faits,0.0004664179104477619
gé-char,0.0004664179104477619
faculté,0.0004664179104477619
défaut,0.0004664179104477619
meurs,0.0004664179104477619
parle,0.0004664179104477619
créé,0.0004664179104477619
reflet,0.0004664179104477619
guillotine,0.0004664179104477619
dédié,0.0004664179104477619
cons,0.0004664179104477619
taf,0.0004664179104477619
baril,0.0004664179104477619
faim,0.0004664179104477619
sauron,0.0004664179104477619
bonifie,0.0004664179104477619
mud,0.0004664179104477619
check,0.0004664179104477619
orion,0.0004664179104477619
forcer,0.0004664179104477619
écoute,0.0004664179104477619
14,0.0004664179104477619
get,0.0004664179104477619
fane,0.0004664179104477619
conso,0.0004664179104477619
venir,0.0004664179104477619
défaite,0.0004664179104477619
macère,0.0004664179104477619
nacelle,0.0004664179104477619
malgré,0.0004664179104477619
khaf,0.0004664179104477619
ni,0.0004664179104477619
retrouver,0.0004664179104477619
vivre,0.0004664179104477619
entendre,0.0004664179104477619
raison,0.0004664179104477619
essai,0.0004664179104477619
fête,0.0004664179104477619
foutue,0.0004664179104477619
heure-ci,0.0004664179104477619
neuve,0.0004664179104477619
constellation,0.0004664179104477619
pairs,0.0004664179104477619
shit,0.0004664179104477619
mêmes,0.0004664179104477619
promise,0.0004664179104477619
affole,0.0004664179104477619
ricocher,0.0004664179104477619
heures,0.0004664179104477619
backpacker,0.0004664179104477619
branchement,0.0004664179104477619
starbucks,0.0004664179104477619
plutôt,0.0004664179104477619
côté,0.0004664179104477619
force,0.0004664179104477619
référence,0.0004664179104477619
bosser,0.0004664179104477619
bloqué,0.0004664179104477619
canap,0.0004664179104477619
case,0.0004664179104477619
punchline,0.0004664179104477619
humain,0.0004664179104477619
rajoute,0.0004664179104477619
sud,0.0004664179104477619
comptoir,0.0004664179104477619
barres,0.0004664179104477619
tarifés,0.0004664179104477619
bug,0.0004664179104477619
choix,0.0004664179104477619
peur,0.0004664179104477619
sourd,0.0004664179104477619
comblent,0.0004664179104477619
gestes,0.0004664179104477619
gré,0.0004664179104477619
peuvent,0.0004664179104477619
dealer,0.0004664179104477619
invitent,0.0004664179104477619
besoin,0.0004664179104477619
black,0.0004664179104477619
vraie,0.0004664179104477619
retard,0.0004664179104477619
quitter,0.0004664179104477619
matrice,0.0004664179104477619
racontent,0.0004664179104477619
envie,0.00046125461254612615
tré-ren,0.00046125461254612615
utiliser,0.00046125461254612615
punchlines,0.00046125461254612615
bruit,0.00046125461254612615
capté,0.00046125461254612615
mal-être,0.00046125461254612615
devenu,0.00046125461254612615
dedans,0.00046125461254612615
excuses,0.00046125461254612615
comparatif,0.00046125461254612615
dar,0.00046125461254612615
diez,0.00046125461254612615
foetus,0.00046125461254612615
ter-mon,0.00046125461254612615
store,0.00046125461254612615
exclu',0.00046125461254612615
prendre,0.00046125461254612615
suspect,0.00046125461254612615
mines,0.00046125461254612615
mino,0.00046125461254612615
privée,0.00046125461254612615
plaques,0.00046125461254612615
péfra,0.00046125461254612615
morbide,0.00046125461254612615
rwhooo,0.00046125461254612615
variable,0.00046125461254612615
flemme,0.00046125461254612615
aléas,0.00046125461254612615
os,0.00046125461254612615
exclut,0.00046125461254612615
controlla,0.00046125461254612615
clopes,0.00046125461254612615
navigation,0.00046125461254612615
cloner,0.00046125461254612615
contenterai,0.00046125461254612615
céréales,0.00046125461254612615
de-mon,0.00046125461254612615
récupérer,0.00046125461254612615
archi,0.00046125461254612615
passent,0.00046125461254612615
sentir,0.00046125461254612615
graille,0.00046125461254612615
prépares,0.00046125461254612615
malléable,0.00046125461254612615
poubelle,0.00046125461254612615
hacker,0.00046125461254612615
ouvert,0.00046125461254612615
x,0.00046125461254612615
tec,0.00046125461254612615
vrille,0.00046125461254612615
vertus,0.00046125461254612615
question,0.00046125461254612615
gentil,0.00046125461254612615
crosse,0.00046125461254612615
touchdown,0.00046125461254612615
fe-meus,0.00046125461254612615
base,0.00046125461254612615
imperméable,0.00046125461254612615
spankbang,0.00046125461254612615
continue,0.00046125461254612615
f'ra,0.00046125461254612615
vers,0.00046125461254612615
tes-traî,0.00046125461254612615
battre,0.00046125461254612615
démon,0.00046125461254612615
honneur,0.00046125461254612615
fumer,0.00046125461254612615
bre-som,0.00046125461254612615
sur-place,0.00046125461254612615
le-geu,0.00046125461254612615
gava,0.00046125461254612615
partir,0.00046125461254612615
cile-fa,0.00046125461254612615
assurer,0.00046125461254612615
égout,0.00046125461254612615
cevi,0.00046125461254612615
destinée,0.00046125461254612615
code,0.00046125461254612615
sunshine,0.00046125461254612615
aujourd'hui,0.00046125461254612615
ex-go,0.00046125461254612615
distingue,0.00046125461254612615
est-ce,0.00046125461254612615
crus,0.00046125461254612615
troquent,0.00046125461254612615
escrocs,0.00046125461254612615
logic,0.00046125461254612615
regard,0.00046125461254612615
dique-sa,0.00046125461254612615
apple,0.00046125461254612615
fi,0.00046125461254612615
amèneront,0.00046125461254612615
contre,0.00046125461254612615
pupilles,0.00046125461254612615
despo,0.00046125461254612615
braqueur,0.00046125461254612615
obéir,0.00046125461254612615
disparaissent,0.00046125461254612615
soirs,0.00046125461254612615
vies,0.00046125461254612615
propres,0.00046125461254612615
despi,0.00046125461254612615
car,0.00046125461254612615
tenter,0.00046125461254612615
remercie,0.00046125461254612615
ah,0.00046125461254612615
mouvement,0.00046125461254612615
suite,0.00046125461254612615
re,0.00046125461254612615
pieux,0.00046125461254612615
corbeille,0.00046125461254612615
chaud,0.00046125461254612615
dès,0.00046125461254612615
pensais,0.0004464285714285721
bombardes,0.0004464285714285721
spazzin',0.0004464285714285721
là,0.0004464285714285721
ont,0.0004464285714285721
facile,0.0004464285714285721
terrible,0.0004464285714285721
surface,0.0004464285714285721
docteur,0.0004464285714285721
prada,0.0004464285714285721
masterises,0.0004464285714285721
all,0.0004464285714285721
young,0.0004464285714285721
cash,0.0004464285714285721
is,0.0004464285714285721
secret,0.0004464285714285721
last,0.0004464285714285721
faut,0.0004464285714285721
bluff,0.0004464285714285721
jackass,0.0004464285714285721
baisse,0.0004464285714285721
smokin',0.0004464285714285721
volatiles,0.0004464285714285721
santé,0.0004464285714285721
smoke,0.0004464285714285721
pole,0.0004464285714285721
flocka,0.0004464285714285721
tours,0.0004464285714285721
battes,0.0004464285714285721
disques,0.0004464285714285721
rides,0.0004464285714285721
like,0.0004464285714285721
fly,0.0004464285714285721
usain,0.0004464285714285721
contamine,0.0004464285714285721
bonne,0.0004464285714285721
lentement,0.0004464285714285721
tié-pi,0.0004464285714285721
nobody,0.0004464285714285721
mister,0.0004464285714285721
pendant,0.0004464285714285721
archiver,0.0004464285714285721
gas,0.0004464285714285721
rapide,0.0004464285714285721
népal,0.0004464285714285721
trouver,0.0004464285714285721
new,0.0004464285714285721
roulent,0.0004464285714285721
yeah,0.0004464285714285721
délire,0.0004464285714285721
oid,0.0004464285714285721
mad,0.0004464285714285721
amérique,0.0004464285714285721
shoppin',0.0004464285714285721
profite,0.0004464285714285721
bombastick,0.0004464285714285721
it's,0.0004464285714285721
intérim,0.0004464285714285721
brocoli,0.0004464285714285721
stuff,0.0004464285714285721
départ,0.0004464285714285721
one,0.0004464285714285721
f'sait,0.0004464285714285721
rappeurs,0.0004464285714285721
your,0.0004464285714285721
tag,0.0004464285714285721
àl,0.0004464285714285721
ask,0.0004464285714285721
fast,0.0004464285714285721
hoe,0.0004464285714285721
jag,0.0004464285714285721
atterrisses,0.0004464285714285721
bolt,0.0004464285714285721
wagadem,0.0004464285714285721
just,0.0004464285714285721
don't,0.0004464285714285721
oh,0.0004464285714285721
clothes,0.0004464285714285721
cherche,0.0004464285714285721
voit,0.0004464285714285721
oim,0.0004464285714285721
bicrave,0.0004464285714285721
cace-dédi,0.0004464285714285721
bought,0.0004464285714285721
exprès,0.00038109756097561037
speech,0.00038109756097561037
assiette,0.00038109756097561037
travs,0.00038109756097561037
phone,0.00038109756097561037
brasier,0.00038109756097561037
modification,0.00038109756097561037
selecto,0.00038109756097561037
lacets,0.00038109756097561037
miff,0.00038109756097561037
checkpoint,0.00038109756097561037
brava,0.00038109756097561037
salé,0.00038109756097561037
golri,0.00038109756097561037
laxistes,0.00038109756097561037
equilibrium,0.00038109756097561037
perfect,0.00038109756097561037
problèmes,0.00038109756097561037
avancé,0.00038109756097561037
politiques,0.00038109756097561037
re-rater,0.00038109756097561037
seine,0.00038109756097561037
survêt',0.00038109756097561037
mioche,0.00038109756097561037
enclenchement,0.00038109756097561037
bêtises,0.00038109756097561037
eu,0.00038109756097561037
f'raient,0.00038109756097561037
la-celle,0.00038109756097561037
latence,0.00038109756097561037
dormir,0.00038109756097561037
djonks,0.00038109756097561037
parle-moi,0.00038109756097561037
crari,0.00038109756097561037
souleymane,0.00038109756097561037
larsen,0.00038109756097561037
rotte-ca,0.00038109756097561037
basique,0.00038109756097561037
agiter,0.00038109756097561037
cistes-ra,0.00038109756097561037
loser,0.00038109756097561037
système,0.00038109756097561037
anthracite,0.00038109756097561037
tour,0.00038109756097561037
producteur,0.00038109756097561037
mange,0.00038109756097561037
écrire,0.00038109756097561037
sélectionnez,0.00038109756097561037
repousse,0.00038109756097561037
mailles,0.00038109756097561037
stratega,0.00038109756097561037
vidant,0.00038109756097561037
compte,0.00038109756097561037
deux-trois,0.00038109756097561037
ea7,0.00038109756097561037
arabes,0.00038109756097561037
modules,0.00038109756097561037
autre,0.00038109756097561037
lakshmi,0.00038109756097561037
imminent,0.00038109756097561037
assènes,0.00038109756097561037
stead,0.00038109756097561037
endormir,0.00038109756097561037
année,0.00038109756097561037
sons,0.00038109756097561037
smic,0.00038109756097561037
bilan,0.00038109756097561037
conventionnés,0.00038109756097561037
sorti,0.00038109756097561037
thaïlande,0.00038109756097561037
scène,0.00038109756097561037
ligne,0.00038109756097561037
lassdeg,0.00038109756097561037
serre,0.00038109756097561037
nespresso,0.00038109756097561037
yo,0.00038109756097561037
nouvelle,0.00038109756097561037
mat',0.00038109756097561037
chier,0.00038109756097561037
rare,0.00038109756097561037
llet-bi,0.00038109756097561037
2,0.00038109756097561037
1,0.00038109756097561037
pourraient,0.00038109756097561037
brin,0.00038109756097561037
sauf,0.00038109756097561037
destination,0.00038109756097561037
embrasser,0.00038109756097561037
pleuvoir,0.00038109756097561037
doit,0.00038109756097561037
gris,0.00038109756097561037
stan,0.00038109756097561037
cess,0.00038109756097561037
paris,0.00038109756097561037
types,0.00038109756097561037
tuer,0.00038109756097561037
vide,0.00038109756097561037
bus,0.00038109756097561037
pays,0.00038109756097561037
brazzers,0.00038109756097561037
sec,0.00038109756097561037
neuf,0.00038109756097561037
appelle,0.00038109756097561037
teille-bav,0.00038109756097561037
régler,0.00038109756097561037
roulé,0.00038109756097561037
serieux,0.00038109756097561037
roule,0.00038109756097561037
zen,0.00038109756097561037
aussi,0.00038109756097561037
pression,0.00038109756097561037
argent,0.00038109756097561037
intermédiaire,0.00038109756097561037
heure,0.00038109756097561037
tracé,0.00038109756097561037
potes,0.00038109756097561037
laser,0.00038109756097561037
saignais,0.00038109756097561037
keufs,0.00038109756097561037
concurrence,0.00038109756097561037
flippant,0.00038109756097561037
repassant,0.00038109756097561037
chargé,0.00038109756097561037
sape,0.00038109756097561037
duracell,0.00038109756097561037
prend,0.00038109756097561037
sordides,0.00038109756097561037
passe,0.00038109756097561037
engraissent,0.00038109756097561037
ressasse,0.00038109756097561037
effet,0.00038109756097561037
insomnies,0.00038109756097561037
redéfinir,0.00038109756097561037
cherchent,0.00038109756097561037
module,0.00038109756097561037
rep,0.0003125000000000005
bellucci,0.0003125000000000005
taz,0.0003125000000000005
contrôle,0.0003125000000000005
dyson,0.0003125000000000005
stuffés,0.0003125000000000005
garderais,0.0003125000000000005
neuves,0.0003125000000000005
hands,0.0003125000000000005
ko,0.0003125000000000005
ratais,0.0003125000000000005
classes,0.0003125000000000005
té-mon,0.0003125000000000005
roller,0.0003125000000000005
paro,0.0003125000000000005
veulent,0.0003125000000000005
peuf,0.0003125000000000005
ici-bas,0.0003125000000000005
hakeim,0.0003125000000000005
marine,0.0003125000000000005
arrive,0.0003125000000000005
feat,0.0003125000000000005
époque,0.0003125000000000005
écartez-vous,0.0003125000000000005
time,0.0003125000000000005
veau-cer,0.0003125000000000005
pourquoi,0.0003125000000000005
garde,0.0003125000000000005
déclarer,0.0003125000000000005
ramène,0.0003125000000000005
dice,0.0003125000000000005
trump,0.0003125000000000005
durden,0.0003125000000000005
and,0.0003125000000000005
dahomey,0.0003125000000000005
bahamas,0.0003125000000000005
provoquèrent,0.0003125000000000005
tailleur,0.0003125000000000005
5,0.0003125000000000005
calomnièrent,0.0003125000000000005
âge,0.0003125000000000005
donald,0.0003125000000000005
7-5,0.0003125000000000005
mètre,0.0003125000000000005
ratèrent,0.0003125000000000005
445ème,0.0003125000000000005
tiller,0.0003125000000000005
carry,0.0003125000000000005
otage,0.0003125000000000005
000,0.0003125000000000005
honnêtement,0.0003125000000000005
enjailler,0.0003125000000000005
cracherai,0.0003125000000000005
linceuls,0.0003125000000000005
beuj,0.0003125000000000005
exter',0.0003125000000000005
clichy,0.0003125000000000005
isengard,0.0003125000000000005
maréchal,0.0003125000000000005
marion,0.0003125000000000005
viens,0.0003125000000000005
dis-moi,0.0003125000000000005
jus,0.0003125000000000005
ai-je,0.0003125000000000005
dégâts,0.0003125000000000005
brouillard,0.0003125000000000005
égo,0.0003125000000000005
feinteurs,0.0003125000000000005
popper,0.0003125000000000005
chaussettes,0.0003125000000000005
classiques,0.0003125000000000005
bosse,0.0003125000000000005
gue-shla,0.0003125000000000005
bryson,0.0003125000000000005
calmant,0.0003125000000000005
quel,0.0003125000000000005
nike,0.0003125000000000005
équipe,0.0003125000000000005
litchis,0.0003125000000000005
buzz,0.0003125000000000005
sniffer,0.0003125000000000005
savoure-la,0.0003125000000000005
flavow,0.0003125000000000005
redlight,0.0003125000000000005
quai,0.0003125000000000005
dites-moi,0.0003125000000000005
place,0.0003125000000000005
assises,0.0003125000000000005
eu-j,0.0003125000000000005
vestige,0.0003125000000000005
kaiokken,0.0003125000000000005
nikita,0.0003125000000000005
pète,0.0003125000000000005
double,0.0003125000000000005
die-o-metre,0.0003125000000000005
montre,0.0003125000000000005
kate,0.0003125000000000005
mayonnaise,0.0003125000000000005
anissa,0.0003125000000000005
belle,0.0003125000000000005
gare-ci,0.0003125000000000005
rails,0.0003125000000000005
0-9,0.0003125000000000005
fort,0.0003125000000000005
piraté,0.0003125000000000005
circuit,0.0003125000000000005
mauvais,0.0003125000000000005
paire,0.0003125000000000005
thousands,0.0003125000000000005
keuf,0.0003125000000000005
rolex,0.0003125000000000005
alicia,0.0003125000000000005
