je,0.11086619428331178
comme,0.017008760116286034
pour,0.01172991669251229
tout,0.009756450963817019
jamais,0.007602588131663112
moi,0.007174770455262383
y,0.006842234730414752
oh,0.006714146876044212
il,0.00657465709530873
eh,0.0064809577049616315
quand,0.006033595330851906
elle,0.005440486963981121
gros,0.005228314045931739
nous,0.0051956477531512
hey,0.004765419368997472
viens,0.004483142445195815
sais,0.004328876742239785
sous,0.004179265982656105
vie,0.0041199454474707
par,0.003943066472120984
ouais,0.003860797496465122
leur,0.003796737176307134
va,0.0037020554979548845
bien,0.003668996074566924
vais,0.0036635908629849153
là,0.0035501172278547995
emmène,0.003511077356292971
toi,0.0034986714789502584
trop,0.003465538110702673
même,0.003451698039457417
ni,0.00339987928715867
tiens,0.0031241626848913973
hein,0.0030923736818830173
tête,0.0030519722043081824
amour,0.002903495961153467
monde,0.002896293649484045
entends,0.002886913998425808
toujours,0.0026125032079980684
faut,0.0025945982584405784
sait,0.0025713511492827796
kinshasa,0.002546296296296298
montre-moi,0.0025180988353792903
ont,0.0022950807742989237
beaucoup,0.0021924659714854726
as,0.002139463010729975
voulais,0.002122318850824761
or,0.0021189882262575713
rien,0.0021152530042693797
villa,0.002090277777777779
aux,0.002055470542912962
chaud,0.0020533738985188603
dois,0.002046905788013874
veulent,0.0020160182784996557
toutes,0.0019946060473704165
maman,0.0019873523477829634
connais,0.001973139328508568
coeur,0.0019329241463767748
pote,0.0019274881125288172
veut,0.0018770213997849577
loin,0.0018718839211953697
tous,0.0018653210892425234
partie,0.0018369175627240156
hess,0.0018230760264591904
it,0.001806684733514003
deux,0.0018004075260686758
encore,0.0017772624433127025
maintenant,0.0017440925158763389
temps,0.0016881211757647976
après,0.001683527478069163
enveloppe,0.0016767728093947617
guerre,0.0016452647812217026
construire,0.0016203703703703714
depuis,0.0016174512344258084
autres,0.0016096497321548208
oseille,0.0016064480731884316
étais,0.0016022254665066472
donc,0.0015961399356457398
part,0.0015912299991808405
rêvé,0.0015892897347817767
grands,0.0015880127439267234
crois,0.0015618742271166371
four,0.001557347670250897
mal,0.0015486576046527365
passe,0.0015389286325829922
r,0.0015184286551295082
faits,0.0015142964635063967
zé,0.0015092303261767701
rah,0.0015060240963855431
inquiète,0.0014907718920186771
tony,0.0014645733143560588
vies,0.001463077069667773
peu,0.0014567845677323408
vois,0.0014531859279921866
prêt,0.0014510779436152578
fou,0.0014391273147868844
minuit,0.0014378433069041525
destin,0.001425562006768992
vérité,0.0013991414230578735
parisiens,0.0013888888888888898
divers,0.0013888888888888898
sombres,0.0013888888888888898
parle,0.0013754698837310964
vêtements,0.0013550135501355022
pièce,0.0013550135501355022
liasses,0.0013550135501355022
luxe,0.0013550135501355022
rodave,0.0013550135501355022
500,0.0013550135501355022
moins,0.0013475367600435187
avant,0.0013379508929904358
laisse,0.00133740917188815
tellement,0.0013333333333333342
aime,0.001322144362930274
ville,0.0013213952289384953
jour,0.0013163593676658912
lossa,0.001309390198279088
sosa,0.001309390198279088
brigand,0.001309390198279088
pequeño,0.001309390198279088
jeunesse,0.001309390198279088
haine,0.0012995992452665968
baby,0.0012807225701739519
peine,0.0012745681356189807
famille,0.0012687816097722065
était,0.001268461184250631
putanas,0.0012590494176896452
nuit,0.0012569182142482434
être,0.00125127996886495
biff,0.0012345679012345687
fois,0.001234467288057018
bientôt,0.001225985312345842
porcs,0.001216080312683226
got,0.0012044564890093352
the,0.0012044564890093352
all,0.0012044564890093352
rue,0.001198251826700336
sale,0.0011961756759466986
derrière,0.0011937131032899201
voudrait,0.0011906919366787175
eu,0.0011891615890474356
vivance,0.0011851851851851858
billets,0.0011837027788901308
sourire,0.0011705689212071213
dix,0.0011613813677766253
drogue,0.0011377909110128904
pété,0.0011324279517809259
donner,0.0011309388243595075
plein,0.0011287053945903522
ça,0.0011250497809637602
personne,0.0011184165657473365
non,0.0011044336584887073
putana,0.0011016682404784393
entre,0.0011006523826267694
là-bas,0.0010995370370370375
doré,0.0010977760025022527
autre,0.0010858357741826584
aujourd'hui,0.0010851498714104428
grandes,0.0010696324359711195
très,0.0010671684615428966
atouts,0.0010565062710793326
défauts,0.0010565062710793326
paris,0.0010461060884347682
jusqu'à,0.0010448513448265081
canon,0.001041799824444786
revends,0.0010416666666666673
cannabis,0.0010416666666666673
regarde,0.0010406048970403837
hé,0.0010353915662650608
peux,0.001033699785824528
avait,0.0010284100834487158
fallait,0.001018612616681723
récupérer,0.0010136827104662658
grandi,0.0010126555466726922
mieux,0.0010079800911478932
binks,0.0010015366350322736
mis,0.000997760536367615
ciel,0.000997051820908865
beau,0.0009961215281373672
vert,0.0009955585666967786
côté,0.0009939648029537737
kilos,0.0009849697060808648
éloigne,0.0009835443374306431
peut,0.000979604769086897
vide,0.0009792720506976533
elles,0.0009711096292728586
cours,0.0009697763261783218
enlève,0.0009676520917362833
verts,0.0009492218163441542
maria,0.0009442870632672339
tard,0.0009428310365319026
refais,0.0009352787130564913
rêvais,0.0009352787130564913
nom,0.0009310986964618255
re-sta,0.0009310986964618255
reparti,0.0009310986964618255
deviens,0.0009310986964618255
partout,0.0009310986964618255
zéro,0.0009302935010482185
laisser,0.0009259259259259265
mapesas,0.0009259259259259265
tupac,0.0009240637285330028
frères,0.0009240066598532726
disait,0.0009201722054687426
rrain-té,0.0009184587813620078
vu,0.0009055051189785896
now,0.0009033423667570015
argent,0.0009028004940883588
rallume,0.0008979358746045706
dieu,0.000897439745870448
maudit,0.0008960573476702514
seille-o,0.0008960573476702514
cité,0.0008935682994822785
ah,0.000880787113388209
hier,0.0008778530223225488
toute,0.000877318035860482
jà,0.000869809203142537
reste,0.0008619026254000082
endors,0.0008614535070081889
roule,0.0008510522100050978
réinvestir,0.000848765432098766
fin,0.0008468834688346888
mort,0.0008416338565901387
puce,0.000838871369097464
ans,0.0008293648367425046
gagner,0.0008291873963515759
joue,0.0008291873963515759
classe,0.0008291873963515759
fourneaux,0.0008291873963515759
récupère,0.0008256549232158993
double,0.0008198520190619518
eux,0.0008193953993411992
trois,0.0008082606519545245
équipe,0.0008065026563479204
pense,0.0008038534786985821
maille,0.0008000756303990492
milliers,0.0007993605115907279
pardonne-moi,0.0007993605115907279
pourquoi,0.0007991058853240867
farine,0.0007974346836184942
plusieurs,0.0007964954201513346
contacts,0.0007964954201513346
soleil,0.0007964954201513346
rapproche,0.0007964954201513346
coffre,0.0007964954201513346
petit,0.0007940361955914941
instant,0.0007924327204902749
yeah,0.0007892839871159659
arrive,0.0007858598534444958
connaît,0.0007790209621574425
shakur,0.0007759155803848545
biggie,0.0007759155803848545
anonymat,0.0007759155803848545
smalls,0.0007759155803848545
besoin,0.0007728805698730661
vous,0.0007726983396447829
savoir,0.0007724476083898488
voulu,0.0007717619704693931
money,0.0007695642552141724
couilles,0.0007681730558328795
quelques,0.0007667482588804387
ramasse,0.0007647075758230057
années,0.0007647075758230057
chez,0.0007635151328112905
volé,0.0007630084071801867
peut-être,0.0007619692863595307
té-cô,0.0007566706491437679
i,0.0007565492321589888
cet,0.0007524454477050418
hiver,0.0007524454477050418
misère,0.0007524454477050418
vers,0.0007493410596894465
isole,0.0007482229704451931
soit,0.0007455197132616492
aurai,0.0007431496537187598
corps,0.0007385098501637788
noir,0.0007362506965396139
productions,0.0007310038344219657
music,0.0007310038344219657
snk,0.0007310038344219657
sens,0.0007309521337810682
rentre,0.0007298293948345076
avenir,0.0007154030272189174
suite,0.0007117242889600618
street,0.000711164757286351
jurer,0.0007093048812164083
paranoïaque,0.0007068896853843095
aura,0.0007000781051878493
conscient,0.000698812019566737
boloss,0.000698812019566737
voit,0.000698812019566737
repète,0.000698812019566737
cow-boy,0.000698812019566737
paluche,0.000698812019566737
soir,0.0006975032747477369
clé,0.0006944444444444449
clés,0.0006944444444444449
briganté,0.0006944444444444449
organisé,0.0006944444444444449
multiplier,0.0006944444444444449
pile,0.0006944444444444449
crime,0.0006944444444444449
remplis,0.0006886860410813262
bails,0.0006880538513974101
monaco,0.0006865748024514018
juste,0.0006831903073563795
compte,0.0006819440246049915
p'tit,0.0006794088180671921
feu,0.0006792921307520236
reufs,0.0006785834544722864
fils,0.0006767825032339123
comment,0.0006756922285834499
demain,0.0006720541873876749
yeux,0.0006712673866714505
plastique,0.0006710069922369657
faisais,0.0006647470641373085
fond,0.0006628728697553163
haut,0.000662086818000797
auras,0.0006563290197828354
platine,0.0006559512861243489
condés,0.0006533256568434227
pris,0.0006495165892925597
million,0.0006478688017328076
salopes,0.0006470789366303844
expliquer,0.0006457546427447281
rappelle,0.0006415202254005547
retiens,0.0006388111940831497
ancien,0.000635084416446424
raison,0.0006333578039757601
paradise,0.0006333578039757601
poussé,0.0006295247088448226
est-c'qu'on,0.0006295247088448226
devenir,0.0006295247088448226
épouse,0.0006295247088448226
pourrais,0.0006273266477105878
mis-per,0.0006270378730875349
quoi,0.0006265022010731146
moula,0.0006261824172649515
sûr,0.00062273167872681
décalé,0.0006218905472636819
traîne,0.0006207324643078837
calé,0.0006172839506172844
affaires,0.0006144338260734699
oui,0.0006137175532136216
tomber,0.0006090520147106923
aller-retour,0.0006077042053340024
vaut,0.0006055445591635613
transforme,0.0006055445591635613
ramène,0.0006023496614894468
bâtard,0.0006023496614894468
empty,0.0006022282445046676
feeling,0.0006022282445046676
at,0.0006022282445046676
kind,0.0006022282445046676
pocket,0.0006022282445046676
satisfying,0.0006022282445046676
your,0.0006022282445046676
you've,0.0006022282445046676
of,0.0006022282445046676
you,0.0006022282445046676
feel,0.0006022282445046676
in,0.0006022282445046676
blew,0.0006022282445046676
tell,0.0006022282445046676
how,0.0006022282445046676
know,0.0006022282445046676
was,0.0006022282445046676
night,0.0006022282445046676
cinq,0.000599520383693046
écouté,0.000597371565113501
ananas,0.000597371565113501
adhères,0.000597371565113501
ponts,0.000597371565113501
impression,0.000597371565113501
couper,0.000597371565113501
compris,0.000597371565113501
absolut,0.000597371565113501
gronde,0.000597371565113501
putains,0.0005961768219832739
arrêterai,0.0005925925925925929
viendrai,0.0005925925925925929
attacher,0.0005925925925925929
lourds,0.0005925925925925929
arraché,0.0005925925925925929
sent,0.0005925925925925929
20,0.0005925925925925929
perdre,0.0005892967030674722
bon,0.0005854871706540236
e,0.0005819297088852927
dirai,0.0005765136707525138
heures,0.0005744729876950808
arme,0.0005697768142527589
pays,0.0005689146858301091
remonte,0.0005676244038426052
sucer,0.0005655837207851721
scénario,0.0005611672278338949
boule,0.0005611672278338949
braco,0.0005611672278338949
z,0.0005611672278338949
remets,0.0005586863583365724
bouche,0.0005573116850965741
vaillant,0.0005502373169215309
serai,0.0005495210440616826
chérie,0.0005481284782630816
madame,0.0005477225963337077
remplie,0.0005460502366217696
bizarre,0.0005442770477201859
camp,0.0005434881789895343
mille,0.0005365528323741245
cagoule,0.0005314058399294918
dire,0.0005289538474517199
dos,0.0005272306039809987
alignées,0.0005241090146750527
sors,0.0005241090146750527
arriver,0.0005241090146750527
police,0.0005241090146750527
ler-par,0.0005241090146750527
laissé,0.0005241090146750527
allume,0.0005241090146750527
saloon,0.0005241090146750527
planètes,0.0005241090146750527
désaccord,0.0005241090146750527
ganté,0.0005241090146750527
dehors,0.0005241090146750527
bord,0.0005228215364590925
lèvres,0.0005227001194743133
seul,0.0005219750080776661
méchant,0.0005208333333333337
propriétaire,0.0005208333333333337
hehe,0.0005208333333333337
bébé,0.0005208130036114427
vas,0.0005207808534016594
putain,0.0005203106332138592
vrai,0.0005177331997333537
deviendra,0.0005176630812418358
papa,0.0005167420204928733
nouvelle,0.0005145582329317273
casse,0.0005138862094602449
destinée,0.0005134563924255598
fierté,0.0005112474437627816
incrustes,0.0005112474437627816
éloigner,0.0005112474437627816
déterminé,0.0005112474437627816
quartier,0.0005112474437627816
gosses,0.0005112474437627816
puta,0.0005082831325301209
arrêter,0.0005037428991893909
paresseux,0.0005020080321285143
rêveurs,0.0005020080321285143
soeurs,0.0005020080321285143
respire,0.0005020080321285143
sympathique,0.0005016302984700279
vis-ser,0.0005016302984700279
patate,0.0005016302984700279
élastique,0.0005016302984700279
méfie-toi,0.0005016302984700279
terre,0.0004999630709095354
coups,0.0004999507074068731
rêve,0.0004985259104544325
main,0.0004982128063863934
succès,0.0004978096375945842
pue,0.000495268109474937
sautes,0.0004930743751881966
rappeler,0.0004913886903013545
rempli,0.0004883734655335225
mama,0.00048517816901000516
murs,0.0004850692370456261
cliquos,0.0004850692370456261
trésor,0.00048413904818934907
monnaie,0.0004822530864197534
demande,0.00048211797945312056
mettre,0.0004793512883142491
aimer,0.0004783540529249664
cabeza,0.00047801866907557996
direct,0.00047801866907557996
f430,0.00047214353163361697
barre,0.00047214353163361697
glock,0.00047214353163361697
dimanche,0.00047214353163361697
‘teille,0.00047214353163361697
cas,0.00046994547049938217
shit,0.00046806247632368833
doit,0.0004677474093651475
prendre,0.00046363230700580127
coza,0.00046296296296296325
rdc,0.00046296296296296325
lela,0.00046296296296296325
cause,0.00046296296296296325
bandal,0.00046296296296296325
langue,0.00046296296296296325
lingala,0.00046296296296296325
kin,0.00046296296296296325
déjà,0.00046296296296296325
na,0.00046296296296296325
connaissance,0.00046296296296296325
meilleure,0.00046296296296296325
ba,0.00046296296296296325
apaisées,0.00045167118337850076
vida,0.00045167118337850076
compliquée,0.00045167118337850076
euro,0.00045167118337850076
heure,0.00045065527713269597
têtes,0.00044924284368291734
poissard,0.0004480286738351257
allait,0.0004480286738351257
vécu,0.0004480286738351257
sourit,0.0004480286738351257
gourou,0.0004480286738351257
oeil,0.0004480286738351257
manger,0.0004480286738351257
pain,0.0004480286738351257
deuxième,0.0004480286738351257
refaire,0.0004480286738351257
puissant,0.0004480286738351257
discute,0.0004480286738351257
procès,0.0004480286738351257
poissons,0.0004480286738351257
investis,0.0004480286738351257
aurait,0.0004480286738351257
reconnu,0.00044444444444444474
aucun,0.00044444444444444474
mère,0.00044089173347516
afrique,0.00043877833056937555
passer,0.0004311477518206448
croyais,0.00042652169686984077
évitons,0.0004238544648152448
dis-leur,0.0004238544648152448
munitions,0.00041459369817578796
fournit,0.00041459369817578796
selon,0.00041459369817578796
série,0.00041459369817578796
câlins,0.00041459369817578796
délient,0.00041459369817578796
vase,0.00041459369817578796
milieu,0.00041459369817578796
tient,0.00041459369817578796
langues,0.00041459369817578796
frappe,0.00041459369817578796
eau,0.00041459369817578796
goutte,0.00041459369817578796
parler,0.00041459369817578796
vip,0.0004110700795288611
carré,0.0004110700795288611
bah,0.000407136976985576
bin-bin-binks,0.0004064207041257276
rap,0.000405136136889335
to,0.00040509259259259285
bimi,0.00040509259259259285
peur,0.00039968025579536397
vienne,0.00039968025579536397
facile,0.00039968025579536397
mène,0.00039968025579536397
éclater,0.00039968025579536397
parents,0.00039968025579536397
rejoindre,0.00039968025579536397
lamine,0.00039968025579536397
prier,0.00039968025579536397
rimkus,0.00039968025579536397
plata,0.00039968025579536397
vesqui,0.0003988174921909864
bande,0.0003982477100756673
malheur,0.0003982477100756673
glasses,0.0003982477100756673
réel,0.0003982477100756673
sse-f',0.0003982477100756673
mentale,0.0003982477100756673
plan,0.0003982477100756673
tabou,0.0003982477100756673
payé,0.0003982477100756673
'tale,0.0003982477100756673
lleurs-mei,0.0003982477100756673
récent,0.0003982477100756673
uns,0.0003982477100756673
oeuvres,0.0003982477100756673
cojo,0.0003982477100756673
garder,0.0003982477100756673
dalle,0.0003982477100756673
dort,0.0003982477100756673
théâtre,0.0003982477100756673
apôtre,0.0003982477100756673
réalité,0.0003982477100756673
trahi,0.0003982477100756673
royaume,0.0003982477100756673
cernés,0.0003982477100756673
bonheur,0.0003982477100756673
rayés,0.0003982477100756673
loups,0.0003976254480286741
el,0.0003976254480286741
trous,0.00039135034762706765
sauver,0.0003868958705089803
frais,0.00038580246913580266
jouer,0.0003819998539795782
bleus,0.00038139551412876845
sinon,0.0003809079601990052
quatre,0.0003809079601990052
cojones,0.0003791974529945338
toit,0.0003791974529945338
attend,0.00037833532457188395
ak-47,0.00037833532457188395
rançon,0.0003777126636754878
€,0.0003762227238525209
fouille,0.0003762227238525209
000,0.0003762227238525209
cancun,0.0003762227238525209
9,0.0003762227238525209
puis,0.00037463285979739876
verre,0.00037457139804372973
restent,0.0003745431327893662
anneau,0.00037411148522259653
perdues,0.00037411148522259653
retrouvent,0.00037411148522259653
ppe-f',0.00037411148522259653
balles,0.00037411148522259653
2019,0.00037411148522259653
attends,0.0003734512390087932
cramé,0.00037273496614894486
fort,0.00036921682166461976
père,0.00036921682166461976
prochain,0.00036921682166461976
sang,0.00036850054880477144
bosse,0.0003664598657473384
aussi,0.0003646780262990996
poids,0.0003624799651648649
voir,0.0003606668537224095
recompte,0.0003606668537224095
cette,0.0003572213051088876
laisse-les,0.0003503971890238489
montre,0.00034968091616400057
peau,0.0003494219115350698
public,0.0003494219115350698
kilogramme,0.0003494060097833685
gué,0.0003494060097833685
tanger,0.0003494060097833685
garni,0.0003494060097833685
garro,0.0003494060097833685
dépôt,0.0003494060097833685
carbonisé,0.0003494060097833685
lundi,0.0003479882760458302
refermais,0.00034722222222222245
fermé,0.00034722222222222245
chercher,0.00034722222222222245
cramés,0.00034722222222222245
chico,0.00034722222222222245
tirer,0.00034722222222222245
freiner,0.0003444369198225039
envie,0.0003444369198225039
laisse-moi,0.000342987804878049
balmain,0.000342987804878049
salir,0.000342987804878049
potes,0.000342987804878049
audi,0.00034137673026561936
espèces,0.000340947121820616
nouveau,0.000340947121820616
son-mai,0.000340947121820616
dirait,0.0003408316291751877
vivais,0.0003408316291751877
habibi,0.0003408316291751877
perds,0.0003408316291751877
premier,0.0003408316291751877
tourner,0.0003408316291751877
trêve,0.00033875338753387556
venu,0.00033875338753387556
aube,0.00033875338753387556
décimer,0.00033875338753387556
coño,0.00033875338753387556
papel,0.00033875338753387556
donnerai,0.00033875338753387556
délit,0.00033875338753387556
conseils,0.00033875338753387556
aider,0.00033775182529709863
caché,0.0003367127044764426
voeu,0.0003346720214190096
troisième,0.0003346720214190096
retrait,0.0003346720214190096
ready,0.0003346720214190096
kala',0.0003346720214190096
attente,0.0003346720214190096
nicolas,0.0003346720214190096
allah,0.0003346720214190096
haschich,0.0003346720214190096
siete,0.0003346720214190096
adhèrent,0.0003346720214190096
occupé,0.0003346720214190096
matrixé,0.0003346720214190096
roulé,0.0003346720214190096
cc,0.0003346720214190096
récits,0.0003346720214190096
aquarium,0.0003346720214190096
arrangement,0.0003346720214190096
faudra,0.00033270442370540097
passé,0.00033270442370540097
escalier,0.00033270442370540097
photos,0.00032988612096865517
leurs,0.00032793209876543226
viendra,0.00032793209876543226
regard,0.00032675787097814345
moulaga,0.00032526006601785114
est-ce,0.00032526006601785114
heureux,0.00032526006601785114
tire,0.0003252477025151889
machin,0.0003252477025151889
sépare,0.00032473680224191494
ves-qui,0.00032455980984390866
matin,0.00032455980984390866
combien,0.00032453142965534063
flash,0.00032453142965534063
journée,0.00032416817223727815
niquer,0.00032369768142125884
savent,0.0003228511530398325
copains,0.0003225191267864757
pétasse,0.0003217592592592595
dis-moi,0.0003199337548931047
block,0.0003199337548931047
aucune,0.00031856396273574204
mensonge,0.00031856396273574204
dis,0.0003178930718356717
cul,0.000317524841915086
vendredi,0.00031548415885765304
folie,0.0003147623544224113
tombée,0.0003147623544224113
ennuis,0.0003147623544224113
soin,0.0003147623544224113
janvier,0.0003147623544224113
numéro,0.0003147623544224113
cou,0.0003147623544224113
prendrai,0.0003147623544224113
mettrais,0.0003147623544224113
durer,0.00031256429328817655
tp,0.00031246331722880526
sort,0.00031246331722880526
violets,0.00031170216486552674
pure,0.00031036623215394187
parole,0.00031036623215394187
ravitaille,0.00031036623215394187
clefs,0.00031036623215394187
passera,0.00031036623215394187
peser,0.00031036623215394187
fenêtre,0.00031036623215394187
pablito,0.00031036623215394187
baiser,0.00031036623215394187
cartouches,0.00031036623215394187
mallette,0.000309504103731292
claqué,0.0003086419753086422
étant,0.0003086419753086422
escroc,0.0003086419753086422
calvitie,0.0003086419753086422
choses,0.0003086419753086422
whippin',0.0003086419753086422
atteint,0.0003086419753086422
baisais,0.0003086419753086422
magique,0.0003086419753086422
22,0.0003086419753086422
mineur,0.0003086419753086422
comiques,0.0003086419753086422
coûte,0.0003086419753086422
bas,0.0003079382383373726
préfère,0.00030487804878048797
beats,0.00030333126422511916
hood,0.00030333126422511916
star,0.00030333126422511916
mec,0.0003024691358024693
lovés,0.0003011141222523338
recousu,0.0003011141222523338
chiffres,0.0003011141222523338
saveurs,0.0003011141222523338
déchiré,0.0003011141222523338
blessures,0.0003011141222523338
apportent,0.0003011141222523338
colorés,0.0003011141222523338
nord,0.00030011057950919126
étaient,0.00030011057950919126
fini,0.0002990186857286182
opé',0.0002987052092743152
oublie,0.0002986857825567505
véranda,0.0002986857825567505
beuh'r,0.0002986857825567505
houston,0.0002986857825567505
meilleures,0.0002986857825567505
nouchi,0.0002986857825567505
désamorcer,0.0002986857825567505
conquérir,0.0002986857825567505
cicatriser,0.0002986857825567505
démons,0.0002986857825567505
bain,0.0002986857825567505
pêche,0.0002986857825567505
balle,0.0002986857825567505
mélangé,0.0002986857825567505
bobos,0.0002986857825567505
moche,0.0002986857825567505
rajoute,0.0002986857825567505
m,0.0002986857825567505
deux-,0.0002986857825567505
fans,0.0002986857825567505
chèque,0.0002986857825567505
blondes,0.0002986857825567505
thaï,0.0002986857825567505
nes-chien,0.0002986857825567505
poches,0.0002986857825567505
maille-maille,0.0002986857825567505
épouvantable,0.0002986857825567505
p,0.0002986857825567505
pochon,0.0002986857825567505
bahamas,0.0002986857825567505
attirent,0.0002986857825567505
péché,0.0002986857825567505
coco,0.0002986857825567505
gloire,0.0002986857825567505
améliorent,0.0002986857825567505
ait,0.0002986857825567505
grand,0.0002986857825567505
brasser,0.0002986857825567505
whitney,0.0002986857825567505
maudits,0.0002986857825567505
lingots,0.0002986857825567505
soient,0.0002986857825567505
bobby,0.0002986857825567505
cocody,0.0002986857825567505
bombe,0.0002986857825567505
encaisse,0.0002986857825567505
pish',0.0002986857825567505
réveille,0.0002986857825567505
bagarre,0.0002986857825567505
bambin,0.0002986857825567505
20k,0.00029629629629629646
tina,0.00029629629629629646
medusa,0.00029629629629629646
sponsorisé,0.00029629629629629646
nina,0.00029629629629629646
jeté,0.00029629629629629646
déplace,0.00029629629629629646
péage,0.00029629629629629646
woah,0.00029629629629629646
peignoir,0.00029629629629629646
crie,0.0002958233892051008
devant,0.00029478426838444474
tourné,0.00029478426838444474
tour,0.0002927435853270118
bâtiment,0.0002927435853270118
fume,0.0002927435853270118
rentrer,0.0002827887518287126
potos,0.00027972856227182803
pétard,0.00027972856227182803
amitié,0.00027972856227182803
études,0.00027972856227182803
devais,0.00027596463574367387
voulait,0.00027596463574367387
détail,0.0002735557227656552
sortir,0.00025081514923501393
permis,0.00025081514923501393
lalala,0.00025081514923501393
quartiers,0.00025081514923501393
nkalé,0.00023148148148148163
libanda,0.00023148148148148163
finir,0.00023148148148148163
bo,0.00023148148148148163
coffrés,0.00023148148148148163
euros,0.00023148148148148163
toza,0.00023148148148148163
découvrir,0.00023148148148148163
trouver,0.00023148148148148163
tableau,0.00023148148148148163
ragots,0.00023148148148148163
yéba,0.00023148148148148163
amis,0.00023148148148148163
biso,0.00023148148148148163
levé,0.00023148148148148163
bana,0.00023148148148148163
vils-ci,0.00023148148148148163
balingi,0.00023148148148148163
guirri,0.00023148148148148163
likolo,0.00023148148148148163
243,0.00023148148148148163
lokuta,0.00023148148148148163
aéroport,0.00023148148148148163
drapeau,0.00023148148148148163
ndjili,0.00023148148148148163
mboka'a,0.00023148148148148163
big,0.00022401433691756286
frottais,0.00022401433691756286
bus,0.00022401433691756286
cordes,0.00022401433691756286
bicraveur,0.00022401433691756286
miel,0.00022401433691756286
milliards,0.00022401433691756286
parlait,0.00022401433691756286
cru,0.00022401433691756286
colombienne,0.00022401433691756286
balance,0.00022401433691756286
averti,0.00022401433691756286
pleuvoir,0.00022401433691756286
narco-narco,0.00022401433691756286
caille-ras,0.00022401433691756286
foot,0.00022401433691756286
échappé,0.00022401433691756286
pépito,0.00022401433691756286
discours,0.00022401433691756286
notoriété,0.00022401433691756286
jack,0.00022401433691756286
grosses,0.00022401433691756286
notorious,0.00022401433691756286
discordes,0.00022401433691756286
violet,0.00022401433691756286
trucs,0.00022401433691756286
chapo,0.00022401433691756286
croissant,0.00022401433691756286
égarer,0.00022401433691756286
guette,0.00022401433691756286
ches-po,0.00022401433691756286
khapta,0.00022401433691756286
pronostics,0.00022401433691756286
pleine,0.00022401433691756286
fauteurs,0.00022401433691756286
couleur,0.00022401433691756286
rolex,0.00022401433691756286
garous,0.00022401433691756286
douleur,0.00022401433691756286
incertain,0.00022401433691756286
joueurs,0.00022401433691756286
trouble,0.00022401433691756286
recharge,0.00022401433691756286
changé,0.00022401433691756286
joint,0.00022401433691756286
bois,0.00022401433691756286
mentalité,0.00022401433691756286
te-tê,0.00022401433691756286
belle,0.00022401433691756286
sortie,0.00022401433691756286
encule,0.00022401433691756286
dernier,0.00022401433691756286
prenais,0.00022401433691756286
péca,0.00022401433691756286
couvre,0.00022401433691756286
connu,0.00022401433691756286
foudre,0.00022401433691756286
aide,0.00022401433691756286
ravir,0.00022401433691756286
zipette,0.00022401433691756286
défère,0.00022401433691756286
étau,0.00022401433691756286
butin,0.00022401433691756286
lune,0.00022401433691756286
tickets,0.00022401433691756286
resserre,0.00022401433691756286
keus,0.00022401433691756286
policiers,0.00020729684908789398
rotter',0.00020729684908789398
singes,0.00020729684908789398
prix,0.00020729684908789398
footeux,0.00020729684908789398
durée,0.00020729684908789398
coûteux,0.00020729684908789398
veux-tu,0.00020729684908789398
came,0.00020729684908789398
place,0.00020729684908789398
respect,0.00020729684908789398
vengeance,0.00020729684908789398
doué,0.00020729684908789398
pdg,0.00020729684908789398
trouvé,0.00020729684908789398
kozbeatz,0.00020729684908789398
aller-r',0.00020729684908789398
millions,0.00020729684908789398
casque,0.00020729684908789398
beckham,0.00020729684908789398
cool,0.00020729684908789398
gaviria,0.00020729684908789398
odeur,0.00020729684908789398
cdg,0.00020729684908789398
n3al,0.00020729684908789398
scoliose,0.00020729684908789398
avouer,0.00020729684908789398
danger,0.00020729684908789398
frère,0.00020729684908789398
cuir,0.00020729684908789398
alliés,0.00020729684908789398
casier,0.00020729684908789398
menti,0.00020729684908789398
perte,0.00020729684908789398
dg,0.00020729684908789398
rassasier,0.00020729684908789398
sheitan,0.00020729684908789398
reviens,0.00020729684908789398
be-her,0.00020729684908789398
disques,0.00020729684908789398
intégral,0.00020729684908789398
touchent,0.00020729684908789398
concert,0.00020729684908789398
glacée,0.00020729684908789398
mandent,0.00020729684908789398
regarde-nous,0.00020729684908789398
six,0.00020729684908789398
chiffre,0.00020729684908789398
gravé,0.00020729684908789398
rouge,0.00020729684908789398
glocks,0.00020729684908789398
ravisseurs,0.00020729684908789398
employé,0.00020729684908789398
briquet,0.00020729684908789398
blaze,0.00020729684908789398
analyses,0.00020729684908789398
-,0.00020729684908789398
veste,0.00020729684908789398
défoncé,0.00020729684908789398
business,0.00020729684908789398
mentons,0.00020729684908789398
yeuz,0.00020729684908789398
casino,0.00020729684908789398
rajels,0.00020729684908789398
dar,0.00020729684908789398
placement,0.00020729684908789398
emilio,0.00020729684908789398
daron,0.00020729684908789398
échappe,0.00019984012789768199
dissipé,0.00019984012789768199
2pac,0.00019984012789768199
allez,0.00019984012789768199
réfléchis,0.00019984012789768199
enlever,0.00019984012789768199
barreaux,0.00019984012789768199
4,0.00019984012789768199
bretelles,0.00019984012789768199
dîner,0.00019984012789768199
prof',0.00019984012789768199
volaille,0.00019984012789768199
déguisées,0.00019984012789768199
albums,0.00019984012789768199
façon,0.00019984012789768199
lève,0.00019984012789768199
daronne,0.00019984012789768199
dires,0.00019984012789768199
mendicité,0.00019984012789768199
baltringues,0.00019984012789768199
planter,0.00019984012789768199
hall,0.00019984012789768199
357,0.00019984012789768199
avoir,0.00019984012789768199
baise,0.00019984012789768199
pédé,0.00019984012789768199
tropiques,0.00019984012789768199
remonté,0.00019984012789768199
parlent,0.00019984012789768199
discuter,0.00019984012789768199
seychelles,0.00019984012789768199
malia,0.00019984012789768199
appellera,0.00019984012789768199
avion,0.00019984012789768199
gérant,0.00019984012789768199
nez,0.00019984012789768199
panther,0.00019984012789768199
fascine,0.00019984012789768199
piquent,0.00019984012789768199
savastano,0.00019984012789768199
mekness,0.00019984012789768199
flanche,0.00019984012789768199
tranquilles,0.00019984012789768199
mardi,0.00019984012789768199
désirer,0.00019984012789768199
pequeno,0.00019984012789768199
réveil,0.00019984012789768199
chady,0.00019984012789768199
houdini,0.00019984012789768199
grappling,0.00019984012789768199
disparaîtrais,0.00019984012789768199
mains,0.00019984012789768199
brutal,0.00019984012789768199
prendra,0.00019984012789768199
gonflé,0.00019984012789768199
étoiles,0.00019984012789768199
rapplique,0.00019984012789768199
to-ph',0.00019984012789768199
black,0.00019984012789768199
chargée,0.00019984012789768199
doigts,0.00019984012789768199
bests,0.00019984012789768199
papier,0.00019984012789768199
dimeh,0.00019984012789768199
long,0.00019984012789768199
élève,0.00019984012789768199
magnum,0.00019984012789768199
champ',0.00019984012789768199
cent,0.00019984012789768199
tout-par,0.00019984012789768199
maillot,0.00019984012789768199
tentations,0.00019984012789768199
souleymane,0.00019984012789768199
péter,0.00019984012789768199
champs-élysées,0.00019984012789768199
coin,0.00019984012789768199
vie-là,0.00019984012789768199
demandera,0.00019984012789768199
chaussures,0.00019984012789768199
crète,0.00019984012789768199
peloton,0.00019984012789768199
réputations,0.00019984012789768199
raconter,0.00019984012789768199
beaux,0.00019912385503783364
parmi,0.00019912385503783364
avaient,0.00019912385503783364
pensif,0.00019912385503783364
pitbulls,0.00019912385503783364
essayer,0.00019912385503783364
tant,0.00019912385503783364
plaque,0.00019912385503783364
finira,0.00019912385503783364
vis,0.00019912385503783364
ferai,0.00019912385503783364
grimper,0.00019912385503783364
richesse,0.00019912385503783364
hommes,0.00019912385503783364
princesse,0.00019912385503783364
plissés,0.00019912385503783364
240,0.00019912385503783364
gêné,0.00019912385503783364
pente,0.00019912385503783364
magot,0.00019912385503783364
pauvre,0.00019912385503783364
'tion,0.00019912385503783364
'rignon,0.00019912385503783364
belvédère,0.00019912385503783364
aboyer,0.00019912385503783364
f'ra,0.00019912385503783364
vicieuse,0.00019912385503783364
dom,0.00019912385503783364
coquine,0.00019912385503783364
décoration,0.00019912385503783364
amg,0.00019912385503783364
rs6,0.00019912385503783364
boyaux,0.00019912385503783364
nan,0.00019912385503783364
profiter,0.00019912385503783364
réussite,0.00019912385503783364
prénoms,0.00019912385503783364
gang,0.00019912385503783364
portes,0.00019912385503783364
conseille,0.00019912385503783364
higo,0.00019912385503783364
'ssayer,0.00019912385503783364
pérignon,0.00019912385503783364
fermées,0.00019912385503783364
cigarette,0.00019912385503783364
air,0.00019912385503783364
bin-bin-bin-bin-bin-bin-binks,0.00019912385503783364
félicite,0.00019912385503783364
promis,0.00018705574261129826
lèves-toi,0.00018705574261129826
foirer,0.00018705574261129826
grande,0.00018705574261129826
rendre,0.00018705574261129826
mi-temps,0.00018705574261129826
moment,0.00018705574261129826
projets,0.00018705574261129826
crosser,0.00018705574261129826
quattro,0.00018705574261129826
lope-sa,0.00018705574261129826
prochains,0.00018705574261129826
traversent,0.00018705574261129826
flow,0.00018705574261129826
frèros,0.00018705574261129826
histoire,0.00018705574261129826
litres,0.00018705574261129826
rends,0.00018705574261129826
cinquième,0.00018705574261129826
cv,0.00018705574261129826
raconte,0.00018705574261129826
disque-dur,0.00018705574261129826
lui,0.00018705574261129826
ceintures,0.00018705574261129826
outils,0.00018705574261129826
deux-cents,0.00018705574261129826
éclatée,0.00018705574261129826
barrios,0.00018705574261129826
bosser,0.00018705574261129826
noms,0.00018705574261129826
tôt,0.00018705574261129826
musclé,0.00018705574261129826
psy,0.00018705574261129826
monte,0.00018705574261129826
sol,0.00018705574261129826
gue-dins,0.00018705574261129826
umtiti,0.00017470300489168424
v'la,0.00017470300489168424
matiti,0.00017470300489168424
quitter,0.00017470300489168424
v2v,0.00017470300489168424
viendront,0.00017470300489168424
manteau,0.00017470300489168424
foetus,0.00017470300489168424
cofio,0.00017470300489168424
se-bla,0.00017470300489168424
douilles,0.00017470300489168424
dossier,0.00017470300489168424
fatigués,0.00017470300489168424
brinks,0.00017470300489168424
médusa,0.00017470300489168424
fidéliser,0.00017470300489168424
mérité,0.00017470300489168424
garo,0.00017470300489168424
consommer,0.00017470300489168424
rouler,0.00017470300489168424
mafia,0.00017470300489168424
gav,0.00017470300489168424
bigots,0.00017470300489168424
vison,0.00017470300489168424
150,0.00017470300489168424
beldia,0.00017470300489168424
charbon,0.00017470300489168424
distillée,0.00017470300489168424
garot,0.00017470300489168424
dis-leurs,0.00017470300489168424
vendait,0.00017470300489168424
vrais,0.00017470300489168424
terrain,0.00017470300489168424
mots,0.00017470300489168424
méfiants,0.00017470300489168424
se-gueu,0.00017470300489168424
sécu',0.00017470300489168424
tito,0.00017470300489168424
cellule,0.00017470300489168424
pénave,0.00017470300489168424
plaquettes,0.00017470300489168424
bonne,0.00017470300489168424
rend,0.00017470300489168424
haineux,0.00017470300489168424
tit-pe,0.00017470300489168424
vé-le,0.00017470300489168424
is,0.00017361111111111123
sam,0.00017361111111111123
près,0.00017361111111111123
évry,0.00017361111111111123
tráfico,0.00017361111111111123
sal,0.00017361111111111123
secteur,0.00017361111111111123
crissent,0.00017361111111111123
balafrés,0.00017361111111111123
gris,0.00017361111111111123
vieux,0.00017361111111111123
bougs,0.00017361111111111123
propriéta,0.00017361111111111123
parigot,0.00017361111111111123
chicots,0.00017361111111111123
fe-neu,0.00017361111111111123
nécessaire,0.00017361111111111123
dingaris,0.00017361111111111123
fofana,0.00017361111111111123
familia,0.00017361111111111123
clásico,0.00017361111111111123
rev'nus,0.00017361111111111123
bigo,0.00017361111111111123
gimmick,0.00017361111111111123
niska,0.00017361111111111123
rivalité,0.00017361111111111123
h,0.00017361111111111123
relais,0.00017361111111111123
ralentir,0.00017361111111111123
cayenne,0.00017361111111111123
chicas,0.00017361111111111123
s,0.00017361111111111123
héhéé,0.00017361111111111123
su,0.00017361111111111123
obama,0.00017361111111111123
vant,0.00017361111111111123
gagne,0.00017361111111111123
dedans,0.00017361111111111123
glace,0.00017361111111111123
charo,0.00017361111111111123
fe-meus,0.00017361111111111123
ceinture,0.00017361111111111123
mundibous,0.00017361111111111123
saydiq,0.00017361111111111123
méchants,0.00017361111111111123
allô,0.00017361111111111123
chrono,0.00017361111111111123
facetime,0.00017361111111111123
serré,0.00017361111111111123
gérants,0.00017361111111111123
haramistes,0.00017361111111111123
stop,0.00017361111111111123
bibi,0.00017361111111111123
gamos,0.00017361111111111123
danser,0.00017361111111111123
cacher,0.00017361111111111123
validé,0.00017361111111111123
côtoie,0.00017361111111111123
pneus,0.00017361111111111123
béni,0.00017361111111111123
center,0.00017361111111111123
comprennent,0.00017361111111111123
semaines,0.00017361111111111123
cendar,0.00017361111111111123
poussent,0.00017361111111111123
stopper,0.00017361111111111123
ire,0.00017361111111111123
délire,0.00017361111111111123
iblis,0.00017361111111111123
cheveux,0.00017361111111111123
délai,0.00017361111111111123
partir,0.00017041581458759384
mayday,0.00017041581458759384
consolerai,0.00017041581458759384
reine,0.00017041581458759384
flou,0.00017041581458759384
descendance,0.00017041581458759384
passais,0.00017041581458759384
voudra,0.00017041581458759384
forcément,0.00017041581458759384
comble,0.00017041581458759384
audemars,0.00017041581458759384
assures,0.00017041581458759384
bicrave,0.00017041581458759384
buzz,0.00017041581458759384
pétasses,0.00017041581458759384
grave,0.00017041581458759384
préféré,0.00017041581458759384
devient,0.00017041581458759384
lâché,0.00017041581458759384
pensais,0.00017041581458759384
répondes,0.00017041581458759384
docteur,0.00017041581458759384
malsain,0.00017041581458759384
gueule,0.00017041581458759384
car,0.00017041581458759384
noie,0.00017041581458759384
château,0.00017041581458759384
dadj',0.00017041581458759384
rendu,0.00017041581458759384
autour,0.00017041581458759384
base,0.00017041581458759384
roi,0.00017041581458759384
sport,0.00016937669376693778
respirer,0.00016937669376693778
ramassait,0.00016937669376693778
perdu,0.00016937669376693778
couler,0.00016937669376693778
gamin,0.00016937669376693778
rêves,0.00016937669376693778
secondes,0.00016937669376693778
tchoin,0.00016937669376693778
marié,0.00016937669376693778
peureux,0.00016937669376693778
bénisse,0.00016937669376693778
flammes,0.00016937669376693778
image,0.00016937669376693778
grinder,0.00016937669376693778
putas,0.00016937669376693778
sonne,0.00016937669376693778
infos,0.00016937669376693778
fais-le,0.00016937669376693778
froid,0.00016937669376693778
pasta,0.00016937669376693778
mc,0.00016937669376693778
casser,0.00016937669376693778
moteur,0.00016937669376693778
écriture,0.00016937669376693778
mission,0.00016937669376693778
tokarev,0.00016937669376693778
appelle,0.00016937669376693778
zoné,0.00016937669376693778
sorti,0.00016937669376693778
biens,0.00016937669376693778
guide,0.00016937669376693778
principale,0.00016937669376693778
négros,0.00016937669376693778
ramener,0.00016937669376693778
virage,0.00016937669376693778
2,0.00016937669376693778
préparer,0.00016937669376693778
éteindre,0.00016937669376693778
gos,0.00016937669376693778
retirer,0.00016937669376693778
acheté,0.00016937669376693778
maximum,0.00016937669376693778
fil,0.00016937669376693778
métier,0.00016937669376693778
solo,0.00016937669376693778
blé,0.00016937669376693778
weed,0.00016937669376693778
portique,0.00016937669376693778
bi,0.00016937669376693778
zombies,0.00016937669376693778
ressembler,0.00016937669376693778
arrivera,0.00016937669376693778
coup,0.00016937669376693778
coller,0.0001673360107095048
dents,0.0001673360107095048
signature,0.0001673360107095048
niquera,0.0001673360107095048
vaudou,0.0001673360107095048
féfé,0.0001673360107095048
emporte,0.0001673360107095048
abandonnent,0.0001673360107095048
khalass,0.0001673360107095048
bégayer,0.0001673360107095048
décidé,0.0001673360107095048
merdier,0.0001673360107095048
boulot,0.0001673360107095048
pilon,0.0001673360107095048
tienne,0.0001673360107095048
cartel,0.0001673360107095048
vendu,0.0001673360107095048
chevaux,0.0001673360107095048
tro-mé,0.0001673360107095048
peu-geu,0.0001673360107095048
mate,0.0001673360107095048
christ,0.0001673360107095048
uzi,0.0001673360107095048
nador,0.0001673360107095048
salaire,0.0001673360107095048
vito,0.0001673360107095048
bendo,0.0001673360107095048
traîné,0.0001673360107095048
paw,0.0001673360107095048
mykonos,0.0001673360107095048
uno,0.0001673360107095048
transformer,0.0001673360107095048
amende,0.0001673360107095048
300,0.0001673360107095048
p'tits,0.0001673360107095048
député,0.0001673360107095048
traumat',0.0001673360107095048
aiguilles,0.0001673360107095048
téléphoner,0.0001673360107095048
annales,0.0001673360107095048
croises,0.0001673360107095048
ferais,0.0001673360107095048
cadence,0.0001673360107095048
death,0.0001673360107095048
adorent,0.0001673360107095048
palais,0.0001673360107095048
jésus,0.0001673360107095048
benzo,0.0001673360107095048
rai,0.0001673360107095048
qamis,0.0001673360107095048
kamas,0.0001673360107095048
poupée,0.0001673360107095048
baisé,0.0001673360107095048
nueve,0.0001673360107095048
guardia,0.0001673360107095048
bac,0.0001673360107095048
dép',0.0001673360107095048
mercedes-benz,0.0001673360107095048
'teille,0.0001673360107095048
everyday,0.0001673360107095048
fute,0.0001673360107095048
cellophanné,0.0001673360107095048
'ai,0.0001673360107095048
gars,0.0001673360107095048
ca,0.0001673360107095048
tombé,0.0001673360107095048
national,0.0001673360107095048
noël,0.0001673360107095048
row,0.0001673360107095048
sinaloa,0.0001673360107095048
amend,0.0001673360107095048
rapper,0.0001673360107095048
noxious,0.00015738117721120565
tue,0.00015738117721120565
malheureusement,0.00015738117721120565
bourré,0.00015738117721120565
ira,0.00015738117721120565
motema,0.00015738117721120565
bloqué,0.00015738117721120565
bisous,0.00015738117721120565
pirate,0.00015738117721120565
croquer,0.00015738117721120565
film,0.00015738117721120565
bandit,0.00015738117721120565
keuss,0.00015738117721120565
avoue,0.00015738117721120565
croquis,0.00015738117721120565
truc,0.00015738117721120565
formules,0.00015738117721120565
première,0.00015738117721120565
donne-moi,0.00015738117721120565
cess,0.00015518311607697093
aurais,0.00015518311607697093
dessous,0.00015518311607697093
pu,0.00015518311607697093
dès,0.00015518311607697093
surveilles,0.00015518311607697093
traines,0.00015518311607697093
opère,0.00015518311607697093
regarder,0.00015518311607697093
kilomètres,0.00015518311607697093
vice,0.00015518311607697093
montres,0.00015518311607697093
36,0.00015518311607697093
piges,0.00015518311607697093
face,0.00015518311607697093
oigt-d,0.00015518311607697093
toucherais,0.00015518311607697093
traine,0.00015518311607697093
rougir,0.00015518311607697093
retourner,0.00015518311607697093
los,0.00015518311607697093
litrons,0.00015518311607697093
bonobo,0.00015518311607697093
propos,0.00015518311607697093
catin,0.00015518311607697093
angeles,0.00015518311607697093
assiette,0.00015518311607697093
attention,0.00015518311607697093
shooter,0.00015518311607697093
rotine,0.00015518311607697093
moto,0.00015518311607697093
forteresse,0.00015518311607697093
aimeraient,0.00015518311607697093
100k,0.00015518311607697093
caisse,0.00015518311607697093
lourd,0.00015518311607697093
arracher,0.00015518311607697093
copines,0.00015518311607697093
rétine,0.00015518311607697093
rocancourt,0.0001543209876543211
jaune,0.0001543209876543211
coffré,0.0001543209876543211
vol,0.0001543209876543211
pratique,0.0001543209876543211
offrir,0.0001543209876543211
philyasap,0.0001543209876543211
trons-pa,0.0001543209876543211
disparu,0.0001543209876543211
sortent,0.0001543209876543211
re-décapote,0.0001543209876543211
neymar,0.0001543209876543211
disent,0.0001543209876543211
quinze,0.0001543209876543211
ok,0.0001543209876543211
périph',0.0001543209876543211
triple,0.0001543209876543211
mi8,0.0001543209876543211
aventador,0.0001543209876543211
señorita,0.0001543209876543211
neuf,0.0001543209876543211
trouve,0.0001543209876543211
épater,0.0001543209876543211
donne,0.0001543209876543211
thos-my,0.0001543209876543211
violence,0.0001543209876543211
compas,0.0001543209876543211
bite,0.0001543209876543211
pisse,0.0001543209876543211
cadeaux,0.0001543209876543211
accroché,0.0001543209876543211
pétrodollars,0.0001543209876543211
auto,0.0001543209876543211
tourne,0.0001543209876543211
gue-guerre,0.0001543209876543211
couleurs,0.0001543209876543211
sacem,0.0001543209876543211
bériz,0.0001543209876543211
hola,0.0001543209876543211
complètement,0.0001543209876543211
territoire,0.0001543209876543211
niggas,0.0001543209876543211
p'tites,0.0001543209876543211
surpris,0.0001543209876543211
réception,0.0001543209876543211
jean,0.0001543209876543211
en-més-fer,0.0001543209876543211
zemels,0.0001543209876543211
hâte,0.0001543209876543211
écarte,0.0001543209876543211
contrats,0.0001543209876543211
ronds,0.0001543209876543211
côtes,0.0001543209876543211
théâtres,0.0001543209876543211
trompés,0.0001543209876543211
real,0.0001543209876543211
faudel,0.0001543209876543211
reuf,0.0001543209876543211
fuir,0.0001543209876543211
régie,0.0001543209876543211
achète,0.0001543209876543211
cogiter,0.0001543209876543211
fidel,0.0001543209876543211
genre,0.0001543209876543211
compèt',0.0001543209876543211
many,0.0001543209876543211
hotte,0.0001543209876543211
foutre,0.0001543209876543211
dictateur,0.0001543209876543211
hélico,0.0001543209876543211
régine,0.0001543209876543211
purs,0.0001543209876543211
quatre-vingts,0.0001543209876543211
produits,0.0001543209876543211
déçu,0.0001543209876543211
revoir,0.0001543209876543211
rédoine,0.0001543209876543211
hits,0.0001543209876543211
millimètres,0.0001543209876543211
mètre,0.0001543209876543211
a5,0.0001543209876543211
célébrité,0.0001543209876543211
palaces,0.0001543209876543211
grotte,0.0001543209876543211
tournelles,0.0001543209876543211
sinus,0.0001543209876543211
marque,0.0001543209876543211
intérieur,0.0001543209876543211
pire,0.0001543209876543211
choisi,0.0001543209876543211
sapeur,0.0001543209876543211
conquistador,0.0001543209876543211
sera,0.0001543209876543211
financière,0.0001543209876543211
coupures,0.0001543209876543211
est-c'que,0.0001543209876543211
nemours,0.0001543209876543211
suiveurs,0.0001505570611261669
crier,0.0001505570611261669
malgré,0.0001505570611261669
vraiment,0.0001505570611261669
emportera,0.0001505570611261669
lucarne,0.0001505570611261669
observe,0.0001505570611261669
devenu,0.0001505570611261669
répliquer,0.0001505570611261669
devienne,0.0001505570611261669
galilée,0.0001505570611261669
calibré,0.0001505570611261669
éduquer,0.0001505570611261669
voyous,0.0001505570611261669
couteaux,0.0001505570611261669
là-haut,0.0001505570611261669
reviendraient,0.0001505570611261669
solidaires,0.0001505570611261669
chatte,0.0001505570611261669
resté,0.0001505570611261669
ennemis,0.0001505570611261669
fière,0.0001505570611261669
posées,0.0001505570611261669
écouter,0.0001505570611261669
tartiner,0.0001505570611261669
cd,0.0001505570611261669
lu,0.0001505570611261669
surmonter,0.0001505570611261669
finiront,0.0001505570611261669
kilométrée,0.0001505570611261669
vodka,0.0001505570611261669
joies,0.0001505570611261669
enfer,0.0001505570611261669
faux,0.0001505570611261669
honneur,0.0001505570611261669
caner,0.0001505570611261669
regretté,0.0001505570611261669
plutôt,0.0001505570611261669
humble,0.0001505570611261669
transperceront,0.0001505570611261669
persona,0.0001505570611261669
oublierai,0.0001505570611261669
monnayé,0.0001505570611261669
battue,0.0001505570611261669
crever,0.0001505570611261669
mettront,0.0001505570611261669
aille,0.0001505570611261669
éradiquer,0.0001505570611261669
connait,0.0001505570611261669
aidez-moi,0.0001505570611261669
solitaires,0.0001505570611261669
peines,0.0001505570611261669
ramené,0.0001505570611261669
grata,0.0001505570611261669
bosseurs,0.0001505570611261669
payer,0.00014814814814814823
droit,0.00014814814814814823
détailler,0.00014814814814814823
manque,0.00014814814814814823
débordé,0.00014814814814814823
mètres,0.00014814814814814823
caisses,0.00014814814814814823
mecs,0.00014814814814814823
siste-gro,0.00014814814814814823
hagar,0.00014814814814814823
invente,0.00014814814814814823
surplus,0.00014814814814814823
recompter,0.00014814814814814823
dû,0.00014814814814814823
youtube,0.00014814814814814823
transactions,0.00014814814814814823
courser,0.00014814814814814823
bombé,0.00014814814814814823
huppés,0.00014814814814814823
charger,0.00014814814814814823
koba,0.00014814814814814823
grossir,0.00014814814814814823
recharger,0.00014814814814814823
enculé,0.00014814814814814823
régaler,0.00014814814814814823
ll,0.00014814814814814823
faites,0.00014814814814814823
doivent,0.00014814814814814823
kil',0.00014814814814814823
guadalupe,0.00014814814814814823
deuspi,0.00014814814814814823
élodie,0.00014814814814814823
regardé,0.00014814814814814823
dispatcher,0.00014814814814814823
compter,0.00014814814814814823
légende,0.00014814814814814823
plots,0.00014814814814814823
guetteur,0.00014814814814814823
sarah,0.00014814814814814823
putes,0.00014814814814814823
gramme,0.00014814814814814823
décharger,0.00014814814814814823
coins,0.00014814814814814823
vient,0.00014814814814814823
crié,0.00014814814814814823
mythe,0.00014814814814814823
chaîne,0.00014814814814814823
payes,0.00014814814814814823
astarf'allah,0.00014814814814814823
billet,0.00014814814814814823
d,0.00014814814814814823
sniffer,0.00014814814814814823
instagram,0.00014814814814814823
visser,0.00012540757461750697
écoute,0.00012540757461750697
canapé,0.00012540757461750697
demandant,0.00012540757461750697
prépare,0.00012540757461750697
môme,0.00012540757461750697
audition,0.00012540757461750697
deux-roues,0.00012540757461750697
prince,0.00012540757461750697
pendant,0.00012540757461750697
écaille,0.00012540757461750697
pourrait,0.00012540757461750697
pet',0.00012540757461750697
mois,0.00012540757461750697
hammam,0.00012540757461750697
ble-ta,0.00012540757461750697
cage,0.00012540757461750697
maisons,0.00012540757461750697
pleurais,0.00012540757461750697
sac,0.00012540757461750697
trafiquantés,0.00012540757461750697
italien,0.00012540757461750697
affaiblir,0.00012540757461750697
x3,0.00012540757461750697
formidable,0.00012540757461750697
gaffe,0.00012540757461750697
content,0.00012540757461750697
enfants,0.00012540757461750697
boirait,0.00012540757461750697
wesh,0.00012540757461750697
ouvre,0.00012540757461750697
grimpe,0.00012540757461750697
j,0.00012540757461750697
déroute,0.00012540757461750697
berline,0.00012540757461750697
paix,0.00012540757461750697
touche,0.00012540757461750697
pleuvait,0.00012540757461750697
réponds,0.00012540757461750697
conduire,0.00012540757461750697
voler,0.00012540757461750697
multiplient,0.00012540757461750697
ne-jau,0.00012540757461750697
engin,0.00012540757461750697
sud,0.00012540757461750697
rs,0.00012540757461750697
cône,0.00012540757461750697
bavures,0.00012540757461750697
honda,0.00012540757461750697
héritage,0.00012540757461750697
frangin,0.00012540757461750697
buteur,0.00012540757461750697
filles,0.00012540757461750697
peuvent,0.00012540757461750697
cour,0.00012540757461750697
b,0.00012540757461750697
stud',0.00012540757461750697
faux-culs,0.00012540757461750697
mâche,0.00012540757461750697
homme,0.00012540757461750697
semblant,0.00012540757461750697
menottée,0.00012540757461750697
table,0.00012540757461750697
ami,0.00012540757461750697
stup',0.00012540757461750697
retrouvé,0.00012540757461750697
guerlain,0.00012540757461750697
nier,0.00012540757461750697
bravoure,0.00012540757461750697
travaux,0.00012540757461750697
bavard,0.00012540757461750697
dégoûtent,0.00012540757461750697
étage,0.00012540757461750697
poisson,0.00012540757461750697
penser,0.00012540757461750697
marseille,0.00012540757461750697
mandat,0.00012540757461750697
cherchaient,0.00012540757461750697
trahissent,0.00012540757461750697
cer-su,0.00012540757461750697
amoureux,0.00012540757461750697
partis,0.00012540757461750697
referais,0.00012540757461750697
rouges,0.00012540757461750697
met,0.00012540757461750697
restait,0.00012540757461750697
azur,0.00012540757461750697
juge,0.00012540757461750697
bravo,0.00012540757461750697
