je,0.09636061936551002
get,0.011739990113692504
pour,0.010060124526404453
vais,0.00957958662682067
baiser,0.008307394457286368
as,0.007787033246466599
bouge,0.007635345893104339
femme,0.007524161943524177
pute,0.007319259501978029
quand,0.006804905791338381
comment,0.006717866012950319
corps,0.005736491487786809
importe,0.005736491487786809
aime,0.005477395431982183
comme,0.005426940167937331
parce,0.00510314822162403
ficelle,0.005087505087505074
tout,0.004991751128419386
sale,0.004853247447960584
meuf,0.0047627752489737265
yo,0.004716981132075459
bouger,0.004662052589513717
neuf,0.004166705527938134
même,0.004109970172211821
eh,0.0040431266846361075
quoi,0.0040431266846361075
viens,0.0038463811740539855
orel,0.003755628026155767
trop,0.003696383108068123
juste,0.003680725140608339
nous,0.0033690721106706765
peux,0.003177788742480596
maintenant,0.003094988459148826
tête,0.0030863346812603394
seul,0.003072018377242473
moi,0.002997158746231136
vie,0.002939696979757519
nuit,0.0028137005621262125
putain,0.002779398243738444
bite,0.0027337030139481483
avant,0.002675631741856685
danse,0.002639564590300827
passe,0.0026130590204148573
pendant,0.0025930671590613623
casseurs,0.0025153038705470416
suce,0.0023994617602133683
drunk,0.0023479980227385008
hell,0.0023479980227385008
flowters,0.002331209614287837
sous,0.002289198751602099
jusqu'à,0.0022224536981035937
finir,0.002202834043818317
prends,0.0021881261401473593
rêve,0.002173592640210705
rap,0.0021181816917612115
mort,0.002101368728535074
fils,0.0020745828682885888
grosse,0.0020705196853404943
voir,0.002061301169382475
jamais,0.002057673184917039
super,0.002015596087761031
arrive,0.002015454330626148
haine,0.0020008003201280457
était,0.0019608488877179415
belle,0.0019352587968111937
dont,0.0019016861243573103
sens,0.0018187247524710354
personne,0.0018060967709685053
chaque,0.0017783832417713598
pris,0.0017718237400640036
air,0.0017700459991456532
tous,0.001763008996371595
mec,0.0017425130557551652
toujours,0.0017381088225197872
oh,0.001730996742728201
ont,0.0016747624954395939
par,0.0016717810142765218
arrête,0.0016613774750020979
il,0.001655595644245095
putes,0.0016385010928658497
vous,0.0016084827869730961
ensemble,0.0015541932640378195
avertissement,0.0015527950310558964
mère,0.0015399888799307504
phases,0.0014880514111917764
nan,0.001486912355571235
être,0.0014864650229894877
va,0.0014589490612190031
monde,0.0014506332992477878
depuis,0.0014336361691811288
mal,0.0014191756071109368
force,0.0014165307761559672
rien,0.0014119680049259938
envoie,0.0013945808627943723
film,0.0013915918385850573
bouges,0.0013875972425195188
bonne,0.0013806142497716758
baise,0.0013771581224007415
chez,0.00137029141854604
bientôt,0.0013682574261298765
vivre,0.0013556360556781272
baisé,0.0013477088948787026
déjà,0.0013470758528788132
sais,0.0013459421558322268
parte,0.0013434841021047882
aux,0.0013261595422733679
oublie,0.0013229851370619454
compte,0.0013228528126879536
puis,0.0013052792608766511
rappe,0.0013051886574857677
étais,0.0013031031533339526
branlette,0.0012830209112059717
perdre,0.0012821130747617852
sauf,0.001275510204081629
cracher,0.0012676749897954135
boîte,0.0012616026164887178
nouveau,0.001260976477514944
boule,0.0012410443523259277
ramène,0.0012406908345060231
noir,0.0012257172468756459
fort,0.0012045024195245075
meufs,0.001198253887383342
chattes,0.0011899522329015591
temps,0.0011883644757481225
péter,0.0011743900352295532
dessus,0.0011641123117424738
magnitude,0.0011458990244448213
7th,0.0011458990244448213
mettre,0.0011447062639010934
foutre,0.001138453628508526
pleuvoir,0.0011310591953844868
après,0.0011303271309962757
auras,0.001125238961646748
assassine,0.0011240611985605454
album,0.00111818599250386
seras,0.0011112892761223818
finie,0.0011112254633351196
cette,0.0011076342649620867
mélodie,0.0011063922136360235
talent,0.0011057054400707622
appelle,0.0011049642845494573
test,0.001090811649817858
the,0.0010889659201316494
sang,0.0010888136415933712
bacs,0.0010870744959741354
soir,0.0010796944513323929
équipe,0.001072359558826907
gringe,0.0010721183108843876
portes,0.0010691028548171376
marre,0.001068658608315814
14,0.0010675585614494084
pété,0.001061482608927267
couilles,0.0010602885040913942
skread,0.0010499936043498349
bien,0.0010439186005873633
cherche,0.0010420033828728854
ville,0.0010393955606715606
peu,0.0010276617551223644
opérationnel,0.0010204081632653034
leusté,0.0010204081632653034
exceptionnel,0.0010204081632653034
méga,0.0010204081632653034
métaphore,0.0010204081632653034
rationnel,0.0010204081632653034
adore,0.0010190000182230508
filles,0.0010189608358809597
leur,0.0010139248017518449
là,0.0010134704491830983
avance,0.0010080413720170225
façon,0.0010010106490363744
fidèle,0.0009930197900122686
commence,0.000992208583535267
ferai,0.0009918209407341332
tèj',0.0009842519685039344
saint-valentin,0.0009842519685039344
lendemain,0.0009842519685039344
reste,0.000966681619830897
deux,0.0009603807558186028
orelsan,0.0009599551933464107
musique,0.0009563990590096868
rester,0.0009546082380728025
pourrait,0.0009390661817435612
style,0.0009367104657061332
garde,0.0009334372281047544
y,0.0009309811196367206
scénario,0.0009099181073703343
uc',0.0009099181073703343
pipe,0.0009099181073703343
sensibilité,0.0009099181073703343
ohoh,0.0009099181073703343
couplet,0.0009099181073703343
tailles,0.0009099181073703343
celles,0.000906537323860156
verre,0.0008992215778949776
aimais,0.0008950948800572836
yeah,0.0008904868923448953
père,0.000889682004491392
risques,0.000887311446317655
bordel,0.000887311446317655
tripes,0.000887311446317655
suivant,0.000887311446317655
toc,0.000887311446317655
peur,0.0008861164946662733
salement,0.0008845643520566098
schnek,0.0008845643520566098
enfante,0.0008845643520566098
trajet,0.0008845643520566098
accidents,0.0008845643520566098
enragée,0.0008845643520566098
fâché,0.0008845643520566098
image,0.0008845643520566098
gars,0.0008793464504011077
sky,0.0008791249386503583
genre,0.0008719185412123879
in,0.0008650519031141845
story,0.0008650519031141845
wake,0.0008650519031141845
can,0.0008650519031141845
to,0.0008650519031141845
with,0.0008650519031141845
morning,0.0008650519031141845
tell,0.0008650519031141845
up,0.0008650519031141845
i,0.0008650519031141845
so,0.0008650519031141845
encore,0.0008645703819610081
bah,0.0008579487036985555
jouer,0.000855360051172321
amour,0.0008550354525995681
veulent,0.0008544522147281349
p'tit,0.0008537501518735474
casse,0.0008511926073687597
bras,0.0008490218814446149
car,0.0008443300797450525
rebaise,0.0008436445444319437
février,0.0008436445444319437
griller,0.0008436445444319437
veille,0.0008436445444319437
sort,0.0008387564649892323
chaud,0.0008337116007770454
lève,0.0008337116007770454
place,0.000831826567933657
toi,0.0008291096556444309
cours,0.0008217614963930512
shorty,0.0008140008140008119
chatte,0.0008100290357193644
monte,0.0007976755523381589
coup,0.0007892482038524882
alors,0.0007852601030593857
toute,0.0007785990397481953
ombre,0.0007779973925766897
mignonne,0.0007770966320189098
toxic,0.0007770966320189098
vodka,0.0007770966320189098
hanches,0.0007770966320189098
gin,0.0007770966320189098
danses,0.0007770966320189098
mains,0.0007756408716224964
part,0.0007717671334842322
main,0.0007646815051150645
bon,0.0007643982860047913
sortir,0.0007631814163306942
donc,0.0007608836854129699
débarque,0.0007600204996713265
plastique,0.0007564539317925183
tape,0.0007556814106739814
tise,0.0007545339412101442
aurais,0.0007525623088378958
salle,0.0007513533199669703
bombe,0.0007417941163890132
lyrics,0.0007401028535460936
concert,0.0007319473727259716
elle,0.0007298354630007173
attends,0.0007247859370401731
trompé,0.000716075904045827
rencontré,0.000716075904045827
déteste,0.000716075904045827
poupée,0.000716075904045827
souffrir,0.000716075904045827
keum,0.000716075904045827
pompé,0.000716075904045827
cool,0.0007127964486886684
partir,0.0007118886122444821
feu,0.0007098226661914187
potes,0.0007064955846763741
remballe,0.0007055877482321879
hip,0.0007037226556730618
hop,0.0007037226556730618
elles,0.0006973786022407722
merde,0.0006962214155706855
éviter,0.0006933905014476697
vraiment,0.0006924826650034834
pénétrer,0.0006883152211999222
sperme,0.0006877133509980215
flow,0.0006863539836795828
côté,0.0006860817711591124
envie,0.0006812787034318352
laisse,0.0006812578579149941
lui,0.0006779157494557837
normal,0.0006738544474393513
oui,0.0006738544474393513
ouais,0.0006738544474393513
matinée,0.0006738544474393513
écoulée,0.0006738544474393513
haut,0.0006717420510523941
enlèvent,0.0006717420510523941
bain,0.0006717420510523941
airs,0.0006717420510523941
pogo,0.0006717420510523941
bébé,0.0006697631641534362
peut,0.0006697617028708885
mets,0.0006694216116473737
ans,0.0006675697401762922
donne,0.0006633214407008438
sac,0.0006445511173835607
rime,0.0006354878001192524
venu,0.0006334016446812016
inquiète,0.0006316121990105334
accord,0.0006291493612908214
passer,0.000628017062102818
file,0.0006270632058527705
boite,0.0006263764322875091
seulement,0.0006226746991702843
gueules,0.0006222811552867139
traîne,0.0006178942165101319
sales,0.0006173074366428006
ablaye,0.0006124623330269196
histoires,0.0006102709188747136
jambes,0.0006096894040236073
contrôle,0.000609422321338821
sera,0.0006077114283215298
rapper,0.0006061604109609359
coupe,0.0006056252728834789
autre,0.0006051956386269663
préfère,0.0006025949011358168
mc,0.0006011658468001815
homme,0.0006011134910936926
rentre,0.0005982160567486626
moment,0.0005940102420359685
trouve,0.0005920485195096578
après-midi,0.0005911214280918153
bande,0.0005900163740978222
petites,0.000585517478865497
avait,0.0005840849103237284
couille,0.0005781333038214423
soupe,0.0005735964285187068
scoop,0.0005735964285187068
fatman,0.0005735964285187068
coeur,0.0005735433328264391
essaye,0.000572642572268659
crois,0.000568845523813317
pense,0.0005678916675632694
sept,0.0005672345664608539
hardcore,0.000567204893998008
parle,0.0005658610193303314
bar,0.0005627751403775564
beaucoup,0.0005576790146129678
vas,0.0005521812071737785
joue,0.0005495640094840585
chienne,0.0005486156973486595
vide,0.0005478531164667674
ferme,0.0005465295419106086
ca,0.0005450801874634551
veut,0.0005450801874634551
pétasses,0.0005444887292363111
enfant,0.0005414542616628611
fasse,0.0005301580622430599
crache,0.0005300565006392256
assure,0.0005274393029495056
yeux,0.0005210214799788799
donné,0.0005159461997311323
fête,0.0005121271593114812
bling-bling,0.0005121271593114812
enfin,0.0005102040816326517
grave,0.0005102040816326517
crâne,0.0005092962451884655
fini,0.0005092962451884655
aussi,0.0005092962451884655
quelques,0.0005089872119585546
gens,0.0005083884087442792
kiffes,0.0005083884087442792
puissance,0.0005083884087442792
bouteille,0.0005013518909761924
mélange,0.0005013518909761924
but,0.0005013518909761924
verra,0.0004986453760949041
arrêter,0.0004917673558204348
autres,0.0004866920755726873
écouter,0.00048258156765890945
disque,0.0004816737312147232
parler,0.0004816737312147232
devenir,0.00047901605783379057
nul,0.00047901605783379057
déclenche,0.00047810822138960433
femmes,0.00047810822138960433
sons,0.00047810822138960433
chien,0.0004775346477916663
jour,0.00047692990239573964
vieille,0.00047692990239573964
pastilles,0.00047624312883047835
rimes,0.0004760220659515534
clasher,0.00047533529238629206
clip,0.00047533529238629206
bord,0.0004682987746182052
bois,0.0004662629606532332
p'tites,0.00046530910440318544
regarde,0.0004645465235212933
soirée,0.0004586022443165288
an,0.00045769440787234264
fin,0.00045769440787234264
pédale,0.00045139354386004827
devant,0.00044930738842199734
plein,0.00044862061485673605
mauvaise,0.00044862061485673605
plans,0.0004478280340349294
tony,0.0004478280340349294
cheville,0.00044505510503161717
condamné,0.00044296894959356623
libre,0.00044296894959356623
faites,0.0004422821760283049
microphone,0.00043919629707553007
porcs,0.00043919629707553007
facile,0.00043919629707553007
plutôt,0.00043919629707553007
beat,0.00043919629707553007
tellement,0.0004382884606313439
crew,0.0004382884606313439
comprendras,0.0004382884606313439
passé,0.00043412101682778253
type,0.00043412101682778253
rappeur,0.000431251942863257
eau,0.0004309797303427866
heure,0.0004309797303427866
rôle,0.0004309797303427866
cosmos,0.00042532806507961676
fille,0.0004246412915143555
pulsions,0.0004246412915143555
tonnes,0.0004170715905409772
hein,0.0004170715905409772
club,0.00041616375409679097
rempli,0.00041252763935183546
rigole,0.00041157378310178783
stop,0.00041157378310178783
inonder,0.00041157378310178783
audi,0.00041157378310178783
tt,0.00041157378310178783
rétro,0.00041157378310178783
pose,0.0004091272363287041
chaîne,0.0004089621295267166
heehooo,0.00040700040700040595
pleures,0.0004064985028540403
conne,0.0004064985028540403
non,0.00040618920052340436
victime,0.00040618920052340436
essence,0.000405922117838618
métaphores,0.000405922117838618
convalescence,0.000405922117838618
malheur,0.000405922117838618
méga-fort,0.000405922117838618
humaine,0.000405922117838618
comprends,0.000405922117838618
pompe,0.000405922117838618
france,0.000405922117838618
crânienne,0.0004052353442733567
pisse,0.0004052353442733567
fm,0.0004052353442733567
sortie,0.0004052353442733567
police,0.0004052353442733567
percer,0.0004052353442733567
serai,0.0004047936914460076
casses,0.0004029329930289214
souhaite,0.00040084683759087047
contre,0.00040084683759087047
finit,0.0004001600640256092
arrivé,0.0004001600640256092
dis,0.00039570946488831643
foot,0.00039480162844413025
boîtes,0.0003885483160094549
avenger,0.0003885483160094549
92,0.0003885483160094549
plaît,0.0003885483160094549
passent,0.0003885483160094549
derrière,0.0003885483160094549
née,0.0003885483160094549
concurrencer,0.0003885483160094549
excites,0.0003885483160094549
grammes,0.0003885483160094549
platines,0.0003885483160094549
bim,0.0003885483160094549
casquette,0.0003885483160094549
bousiller,0.0003885483160094549
sous-vêtements,0.0003885483160094549
fringues,0.0003885483160094549
chérie,0.0003885483160094549
province,0.0003885483160094549
bat,0.0003885483160094549
2010,0.0003885483160094549
perte,0.0003885483160094549
crise,0.0003885483160094549
fizz,0.0003885483160094549
facettes,0.0003885483160094549
vodka-coca,0.0003885483160094549
épilepsie,0.0003885483160094549
arrêtez,0.0003885483160094549
lampes,0.0003885483160094549
stromboscopes,0.0003885483160094549
redbull,0.0003885483160094549
sexy,0.0003885483160094549
toutes,0.0003885483160094549
fond,0.00038776511067604335
cheval,0.0003858835667421161
insulte,0.0003858835667421161
pratique,0.00038379741130406515
celui,0.00038379741130406515
fourre,0.00038379741130406515
shit,0.00038379741130406515
court,0.00038379741130406515
douzaine,0.00037777304767416597
pécho,0.00037777304767416597
frappe,0.00037777304767416597
twist,0.0003700962250185038
appartement,0.0003700962250185038
retourne,0.0003700962250185038
héhé,0.0003700962250185038
hého,0.0003700962250185038
trous,0.00036818851251840844
deux-trois,0.00036818851251840844
dis-moi,0.00036818851251840844
leurs,0.00036818851251840844
animaux,0.00036818851251840844
vois,0.0003680869509145742
clé-j',0.0003680869509145742
lit,0.0003680869509145742
pied,0.0003680869509145742
mois,0.0003645214410894553
parc,0.0003645214410894553
problèmes,0.0003631132322706609
rappelle,0.0003631132322706609
tourner,0.0003631132322706609
attraper,0.0003631132322706609
combat,0.00036243528565140437
dès,0.00036243528565140437
pars,0.00036243528565140437
double,0.00036243528565140437
gueule,0.00036243528565140437
petite,0.0003617485120861431
rapport,0.0003617485120861431
faute,0.0003580379520229135
baby,0.0003580379520229135
suces,0.0003580379520229135
liquide,0.0003580379520229135
blanc,0.0003510583701446099
studio,0.0003510583701446099
continue,0.0003510583701446099
prend,0.0003510583701446099
dors,0.0003510583701446099
tram,0.000347492860319491
kiffe,0.000347492860319491
semblant,0.000347492860319491
machine,0.000347492860319491
envers,0.0003460638059838556
textes,0.0003460638059838556
entre,0.0003460638059838556
faut,0.0003460638059838556
renégat,0.0003460638059838556
quitte,0.0003460638059838556
micro,0.0003460638059838556
marche,0.0003460638059838556
comptes,0.0003460638059838556
argent,0.0003460638059838556
lieu,0.0003460638059838556
terre,0.0003454067048814401
mettent,0.00034410762757219356
porte,0.00034410762757219356
patron,0.00033692722371967565
vivait,0.00033692722371967565
va-t-il,0.00033692722371967565
bleu,0.00033692722371967565
maison,0.00033692722371967565
ouuuuuuuiiiiii,0.00033692722371967565
apogée,0.00033692722371967565
normale,0.00033692722371967565
ciel,0.00033692722371967565
journée,0.00033692722371967565
amoureux,0.00033692722371967565
soleil,0.00033692722371967565
cet,0.00033692722371967565
congé,0.00033692722371967565
histoire,0.00033692722371967565
fois,0.0003256555365812426
mst,0.0003247016803311948
douilles,0.00032393909944930266
putains,0.00032393909944930266
chil-p,0.00032393909944930266
rayon,0.00032393909944930266
playlist,0.00032393909944930266
hip-hop,0.00032393909944930266
boucle,0.00032393909944930266
plâtre,0.00032393909944930266
radio,0.00032393909944930266
miennes,0.00032393909944930266
coûte,0.00032393909944930266
résurrection,0.00032393909944930266
futur,0.00032393909944930266
dj,0.00032393909944930266
cp,0.00032393909944930266
lesbienne,0.00032393909944930266
bonnes,0.00032393909944930266
habite,0.00032393909944930266
cd,0.00032393909944930266
sauter,0.00032393909944930266
traînent,0.00032393909944930266
coups,0.00032393909944930266
man,0.00032393909944930266
succession,0.00032393909944930266
enceinte,0.0003196264000834474
emmènerai,0.0003196264000834474
chanteur,0.0003076730995612306
gosse,0.0003076730995612306
dû,0.0003076730995612306
vu,0.00030259781931348315
pétasse,0.00030259781931348315
fera,0.00030257697379664194
appelle-moi,0.00030257697379664194
or,0.0002855483930266777
prod',0.0002855483930266777
illégales,0.0002855483930266777
mets-toi,0.00028121484814398127
romantique,0.00028121484814398127
doigts,0.000264186267374017
ticket,0.000264186267374017
flows,0.00025510204081632585
augmenter,0.00025510204081632585
enterre,0.00025510204081632585
nues,0.00025510204081632585
kainry,0.00025510204081632585
pensé,0.00025510204081632585
buts,0.00025510204081632585
devoir,0.00025510204081632585
catacombes,0.00025510204081632585
sympa,0.00025510204081632585
t-il,0.00025510204081632585
hécatombe,0.00025510204081632585
coucher,0.00025510204081632585
boss,0.00025510204081632585
comédie,0.00025510204081632585
petits,0.00025510204081632585
ciré,0.00025510204081632585
doigté,0.00025510204081632585
bosses,0.00025510204081632585
disques,0.00025510204081632585
gong,0.00025510204081632585
banc,0.00025510204081632585
junkie,0.00025510204081632585
poubelle,0.00025510204081632585
réveille,0.00025510204081632585
paré,0.00025510204081632585
ile,0.00025510204081632585
doué,0.00025510204081632585
tombe,0.00025510204081632585
chier,0.00025510204081632585
vigiles,0.00025510204081632585
chiottes,0.00025510204081632585
sauvé,0.00025510204081632585
faux,0.00025510204081632585
aaaah,0.00025510204081632585
morts,0.00025510204081632585
connards,0.00025510204081632585
sauces,0.00025510204081632585
maurice,0.00025510204081632585
avez,0.00025510204081632585
abondent,0.00025510204081632585
zachary,0.00025510204081632585
changé,0.00025510204081632585
ons,0.00025510204081632585
lits,0.00025510204081632585
parles,0.00025510204081632585
téléporte,0.00025510204081632585
scaps,0.00025510204081632585
parfaitement,0.00025510204081632585
alcoolémie,0.00025510204081632585
ll,0.00025510204081632585
défaut,0.00025510204081632585
dégotté,0.00025510204081632585
crade,0.00025510204081632585
pauvres,0.00025510204081632585
morris,0.00025510204081632585
gouter,0.00025510204081632585
5,0.00025510204081632585
tombent,0.00025510204081632585
semaine,0.00025510204081632585
chanteras,0.00025510204081632585
doté,0.00025510204081632585
danseras,0.00025510204081632585
j,0.00025510204081632585
ange,0.00025510204081632585
rossignol,0.00025510204081632585
écoutais,0.00025510204081632585
secousse,0.00025510204081632585
débiter,0.00025510204081632585
prochaine,0.00025510204081632585
bof,0.00025510204081632585
stupide,0.00025510204081632585
duo,0.00025510204081632585
espoir,0.00025510204081632585
féconder,0.00025510204081632585
avoue,0.00025510204081632585
retour,0.00025510204081632585
sarcastique,0.00025510204081632585
pays,0.00025510204081632585
marque,0.00025510204081632585
aller,0.00025510204081632585
post,0.00025510204081632585
nouveaux,0.00025510204081632585
dégouter,0.00025510204081632585
achète,0.0002541942043721396
sport,0.0002541942043721396
zoulette,0.0002541942043721396
stopper,0.0002541942043721396
perdu,0.0002541942043721396
chanson,0.0002541942043721396
pancartes,0.0002541942043721396
trou,0.0002541942043721396
aies,0.0002541942043721396
cochons,0.0002541942043721396
san,0.0002541942043721396
légende,0.0002541942043721396
skyroulette,0.0002541942043721396
connaissent,0.0002541942043721396
feignant,0.0002541942043721396
fiancée,0.0002541942043721396
trique,0.0002541942043721396
bandes,0.0002541942043721396
meilleure,0.0002541942043721396
jouets,0.0002541942043721396
raclis,0.0002541942043721396
préparez,0.0002541942043721396
émouvantes,0.0002541942043721396
van,0.0002541942043721396
potos,0.0002541942043721396
devienne,0.0002541942043721396
stylo,0.0002541942043721396
ken,0.0002541942043721396
fréquentable,0.0002541942043721396
licence,0.0002541942043721396
septembre,0.0002541942043721396
dons,0.0002541942043721396
culbute,0.0002541942043721396
confiture,0.0002541942043721396
pisses,0.0002541942043721396
voulais-tu,0.0002541942043721396
commencement,0.0002541942043721396
exclu,0.0002541942043721396
embrouille,0.0002541942043721396
sable,0.0002541942043721396
chafouiner,0.0002541942043721396
épouvante,0.0002541942043721396
gundam,0.0002541942043721396
punchline,0.0002541942043721396
techniques,0.0002541942043721396
boulette,0.0002541942043721396
cheminée,0.0002541942043721396
damme,0.0002541942043721396
mc's,0.0002541942043721396
grandis,0.0002541942043721396
pistes,0.0002541942043721396
cette-su,0.0002541942043721396
flirter,0.0002541942043721396
chose,0.0002541942043721396
haschich,0.0002541942043721396
quinze,0.0002541942043721396
jeunes,0.0002541942043721396
tapine,0.0002541942043721396
mot,0.0002541942043721396
ku,0.0002541942043721396
voudrais,0.0002541942043721396
tournantes,0.0002541942043721396
noël,0.0002541942043721396
sensible,0.0002541942043721396
vêt'-sur,0.0002541942043721396
kaï,0.0002541942043721396
planquez,0.0002541942043721396
alternative,0.0002541942043721396
bandaï,0.0002541942043721396
apparente,0.0002541942043721396
jacky,0.0002541942043721396
avalanche,0.0002541942043721396
nazes,0.0002541942043721396
pouffante,0.0002541942043721396
débandade,0.0002541942043721396
inscris-toi,0.0002541942043721396
préparer,0.0002541942043721396
mangent,0.0002541942043721396
écrire,0.0002541942043721396
pétés,0.0002541942043721396
slash,0.0002541942043721396
truc,0.0002541942043721396
ninjustu,0.0002541942043721396
emmerde,0.0002541942043721396
vise,0.0002541942043721396
pouls,0.0002541942043721396
envoyez,0.0002541942043721396
psychologiquement,0.0002541942043721396
torchons,0.0002541942043721396
confond,0.0002541942043721396
cachette,0.0002541942043721396
savent,0.0002541942043721396
scène,0.0002541942043721396
télécharges,0.0002541942043721396
cherches,0.0002541942043721396
recouverte,0.0002541942043721396
sait,0.0002541942043721396
nouvelle,0.0002541942043721396
espace,0.0002541942043721396
inscris,0.0002541942043721396
iras,0.0002541942043721396
dédicacer,0.0002541942043721396
kilos,0.0002541942043721396
dix-sept,0.0002541942043721396
doit,0.0002541942043721396
musclor,0.0002541942043721396
teste,0.0002541942043721396
préamp',0.0002541942043721396
barrer,0.0002541942043721396
réveillent,0.0002541942043721396
pansements,0.0002541942043721396
prépu',0.0002541942043721396
verbatim,0.0002541942043721396
définition,0.0002541942043721396
vice,0.0002541942043721396
pompes,0.0002541942043721396
serviettes,0.0002541942043721396
papillons,0.0002471576866040527
influence,0.0002471576866040527
tribal,0.0002471576866040527
importance,0.0002471576866040527
lumières,0.0002471576866040527
attirés,0.0002471576866040527
emmène,0.0002471576866040527
king,0.0002471576866040527
vadrouiller,0.0002471576866040527
fantastiques,0.0002471576866040527
coca,0.0002471576866040527
moitié,0.0002471576866040527
mauvais,0.0002471576866040527
pas-chassés,0.00022747952684258358
go,0.00022747952684258358
chantes,0.00022747952684258358
0,0.00022747952684258358
signer,0.00022747952684258358
banner,0.00022747952684258358
plier,0.00022747952684258358
illétrés,0.00022747952684258358
zombies,0.00022747952684258358
chèques,0.00022747952684258358
billes,0.00022747952684258358
traine,0.00022747952684258358
essaie,0.00022747952684258358
démarre,0.00022747952684258358
crampe,0.00022747952684258358
nba,0.00022747952684258358
canapé,0.00022747952684258358
dirait,0.00022747952684258358
fermez,0.00022747952684258358
ddass,0.00022747952684258358
palpatine,0.00022747952684258358
croire,0.00022747952684258358
grand,0.00022747952684258358
changer,0.00022747952684258358
aurait,0.00022747952684258358
trempe,0.00022747952684258358
jacasser,0.00022747952684258358
acheter,0.00022747952684258358
maisons,0.00022747952684258358
vit,0.00022747952684258358
encanailler,0.00022747952684258358
anakin,0.00022747952684258358
flowter,0.00022747952684258358
normalement,0.00022747952684258358
tp,0.00022747952684258358
platine,0.00022747952684258358
détale,0.00022747952684258358
michael,0.00022747952684258358
manières,0.00022747952684258358
chanvre,0.00022747952684258358
blondies,0.00022747952684258358
netsuko,0.00022747952684258358
augure,0.00022747952684258358
pine,0.00022747952684258358
secondes,0.00022747952684258358
chambre,0.00022747952684258358
cavalier,0.00022747952684258358
piner,0.00022747952684258358
savait,0.00022747952684258358
langage,0.00022747952684258358
couloirs,0.00022747952684258358
vraie,0.00022747952684258358
bruits,0.00022747952684258358
lu,0.00022747952684258358
champagne,0.00022747952684258358
pomper,0.00022747952684258358
dames,0.00022747952684258358
caf,0.00022747952684258358
armes,0.00022747952684258358
tablettes,0.00022747952684258358
sabrer,0.00022747952684258358
ferait,0.00022747952684258358
système,0.00022747952684258358
certifiée,0.00022747952684258358
réseaux,0.00022747952684258358
30,0.00022747952684258358
blanchir,0.00022747952684258358
égal,0.00022747952684258358
authenticité,0.00022747952684258358
ni,0.00022747952684258358
pilé,0.00022747952684258358
titres,0.00022747952684258358
ymca,0.00022747952684258358
thriller,0.00022747952684258358
branchies,0.00022747952684258358
plusieurs,0.00022747952684258358
tapettes,0.00022747952684258358
pareil,0.00022747952684258358
libère,0.00022747952684258358
k1,0.00022747952684258358
couche,0.00022747952684258358
rat,0.00022747952684258358
autant,0.00022747952684258358
rentrer,0.00022747952684258358
avaler,0.00022747952684258358
cap,0.00022747952684258358
obscure,0.00022747952684258358
obligé,0.00022747952684258358
jérome,0.00022747952684258358
maille,0.00022747952684258358
villes,0.00022747952684258358
ok,0.00022747952684258358
casseur,0.00022747952684258358
piles,0.00022747952684258358
sappé,0.00022747952684258358
adducteur,0.00022747952684258358
drôles,0.00022747952684258358
36,0.0002239140170174647
carrière,0.0002239140170174647
gizmo,0.0002239140170174647
prodigy,0.0002239140170174647
fan-jacking,0.0002239140170174647
coquille,0.0002239140170174647
résolutions,0.0002239140170174647
rabbit,0.0002239140170174647
impression,0.0002239140170174647
skyblogs,0.0002239140170174647
tubes,0.0002239140170174647
augmente,0.0002239140170174647
augmentent,0.0002239140170174647
sors,0.0002239140170174647
assédics,0.0002239140170174647
armistice,0.0002239140170174647
boîtier,0.0002239140170174647
amie,0.0002239140170174647
x,0.0002239140170174647
assorti,0.0002239140170174647
vrille,0.0002239140170174647
artifice,0.0002239140170174647
poids,0.0002239140170174647
affiche,0.0002239140170174647
sacrifice,0.0002239140170174647
whisky,0.0002239140170174647
emmener,0.0002239140170174647
visites,0.0002239140170174647
pote-ca,0.0002239140170174647
honneur,0.0002239140170174647
piwi,0.0002239140170174647
parker,0.0002239140170174647
graal,0.0002239140170174647
perceval,0.0002239140170174647
fausses,0.0002239140170174647
héberge,0.0002239140170174647
vaseline,0.0002239140170174647
tiser,0.0002239140170174647
against,0.0002239140170174647
réécoute,0.0002239140170174647
puent,0.0002239140170174647
perds,0.0002239140170174647
logiciel,0.0002239140170174647
asiatique,0.0002239140170174647
minuit,0.0002239140170174647
interdit,0.0002239140170174647
pourrais,0.0002239140170174647
rêverais,0.0002239140170174647
era,0.0002239140170174647
régime,0.0002239140170174647
ovidie,0.0002239140170174647
prêt,0.0002239140170174647
taf,0.0002239140170174647
magnifique,0.0002239140170174647
aimerai,0.0002239140170174647
mis,0.0002239140170174647
gothiques,0.0002239140170174647
mental,0.0002239140170174647
âge,0.0002239140170174647
menace,0.0002239140170174647
bossais,0.0002239140170174647
cross-over,0.0002239140170174647
kicke,0.0002239140170174647
rage,0.0002239140170174647
vendre,0.0002239140170174647
alcoolise,0.0002239140170174647
p'tite,0.0002239140170174647
violence,0.0002239140170174647
25,0.0002239140170174647
rythmique,0.0002239140170174647
parental,0.0002239140170174647
volume,0.0002239140170174647
albums,0.0002239140170174647
new,0.0002239140170174647
bing,0.0002239140170174647
kamini,0.0002239140170174647
tapes,0.0002239140170174647
origine,0.0002239140170174647
descend,0.0002239140170174647
logiciels,0.0002239140170174647
classé,0.0002239140170174647
ray-ban,0.0002239140170174647
repars,0.0002239140170174647
demandent,0.0002239140170174647
public,0.0002239140170174647
débriderai,0.0002239140170174647
jessica,0.0002239140170174647
bada,0.0002239140170174647
téquila-gin-vodka,0.0002239140170174647
flip,0.0002239140170174647
âne,0.0002239140170174647
pacifique,0.0002239140170174647
thunes,0.0002239140170174647
astérix,0.0002239140170174647
prendre,0.0002239140170174647
campagne,0.0002239140170174647
p,0.0002239140170174647
machiavéliques,0.0002239140170174647
sauve,0.0002239140170174647
nostalgique,0.0002239140170174647
membrane,0.0002239140170174647
imaziren,0.0002239140170174647
slim,0.0002239140170174647
2008,0.0002239140170174647
bonnet,0.0002239140170174647
forme,0.0002239140170174647
déclencher,0.00022182786157941376
saigner,0.00022182786157941376
meilleur,0.00022182786157941376
nez,0.00022182786157941376
restant,0.00022182786157941376
entreprise,0.00022182786157941376
échangé,0.00022182786157941376
électrochocs,0.00022182786157941376
route,0.00022182786157941376
risque,0.00022182786157941376
ultime,0.00022182786157941376
débarrassée,0.00022182786157941376
dernières,0.00022182786157941376
californie,0.00022182786157941376
garé,0.00022182786157941376
touche,0.00022182786157941376
rejoindre,0.00022182786157941376
veine,0.00022182786157941376
masque,0.00022182786157941376
blonde,0.00022182786157941376
compliquer,0.00022182786157941376
poudre,0.00022182786157941376
alléchante,0.00022182786157941376
parents,0.00022182786157941376
utopiste,0.00022182786157941376
grosses,0.00022182786157941376
pilules,0.00022182786157941376
accords,0.00022182786157941376
commises,0.00022182786157941376
suivi,0.00022182786157941376
tabasse,0.00022182786157941376
paix,0.00022182786157941376
shoote,0.00022182786157941376
errer,0.00022182786157941376
mamans,0.00022182786157941376
fisc,0.00022182786157941376
blunt,0.00022182786157941376
sortez,0.00022182786157941376
élabore,0.00022182786157941376
canicule,0.00022182786157941376
atteins,0.00022182786157941376
vendeurs,0.00022182786157941376
septième,0.00022182786157941376
coule,0.00022182786157941376
devient,0.00022182786157941376
volontés,0.00022182786157941376
couteaux,0.00022182786157941376
lesbiennes,0.00022182786157941376
prods,0.00022182786157941376
entière,0.00022182786157941376
acupuncture,0.00022182786157941376
accompagne,0.00022182786157941376
âgés,0.00022182786157941376
pince-monseigneur,0.00022182786157941376
méphisto,0.00022182786157941376
terminator,0.00022182786157941376
agace,0.00022182786157941376
frère,0.00022182786157941376
fil,0.00022182786157941376
tendance,0.00022182786157941376
pic,0.00022182786157941376
punk,0.00022182786157941376
premiers,0.00022182786157941376
exterminer,0.00022182786157941376
offrir,0.00022182786157941376
déranger,0.00022182786157941376
troupeau,0.00022182786157941376
pluie,0.00022182786157941376
mourir,0.00022182786157941376
enfers,0.00022182786157941376
roue,0.00022182786157941376
roupille,0.00022182786157941376
feras,0.00022182786157941376
smic,0.00022182786157941376
sorti,0.00022182786157941376
coupe-coupes,0.00022182786157941376
litre,0.00022182786157941376
saint,0.00022182786157941376
gérant,0.00022182786157941376
glace,0.00022182786157941376
déterminé,0.00022182786157941376
sylvia,0.00022182786157941376
personnes,0.00022182786157941376
torche,0.00022182786157941376
assomme,0.00022182786157941376
lis,0.00022182786157941376
lutterai,0.00022182786157941376
écorche,0.00022182786157941376
oubli,0.00022182786157941376
absinthe,0.00022182786157941376
dernière,0.00022182786157941376
feuille,0.00022182786157941376
toubib,0.00022182786157941376
tourne-disque,0.00022182786157941376
horreurs,0.00022182786157941376
maîtrise,0.00022182786157941376
pensées,0.00022182786157941376
douane,0.00022114108801415245
fâchés,0.00022114108801415245
héritage,0.00022114108801415245
élastique,0.00022114108801415245
produit,0.00022114108801415245
levier,0.00022114108801415245
evidemment,0.00022114108801415245
bas,0.00022114108801415245
mobile,0.00022114108801415245
foutu,0.00022114108801415245
dévie,0.00022114108801415245
coté,0.00022114108801415245
charitable,0.00022114108801415245
vision,0.00022114108801415245
anesthésie,0.00022114108801415245
surement,0.00022114108801415245
magasines,0.00022114108801415245
résine,0.00022114108801415245
han,0.00022114108801415245
brigade,0.00022114108801415245
permis,0.00022114108801415245
trottoir,0.00022114108801415245
rita,0.00022114108801415245
sauvage,0.00022114108801415245
tainps,0.00022114108801415245
gées-gor,0.00022114108801415245
mienne,0.00022114108801415245
témoignages,0.00022114108801415245
attention,0.00022114108801415245
169ème,0.00022114108801415245
seringues,0.00022114108801415245
caravane,0.00022114108801415245
zik,0.00022114108801415245
taudis,0.00022114108801415245
chêne,0.00022114108801415245
flingues,0.00022114108801415245
cam,0.00022114108801415245
onde,0.00022114108801415245
espérance,0.00022114108801415245
césarienne,0.00022114108801415245
irm,0.00022114108801415245
inclut,0.00022114108801415245
sourit,0.00022114108801415245
narcotiques,0.00022114108801415245
voisine,0.00022114108801415245
portent,0.00022114108801415245
facéties,0.00022114108801415245
amnésie,0.00022114108801415245
veuves,0.00022114108801415245
hémoglobine,0.00022114108801415245
arrêtes,0.00022114108801415245
enfonce,0.00022114108801415245
castings,0.00022114108801415245
arthrite,0.00022114108801415245
poumons,0.00022114108801415245
macadam,0.00022114108801415245
3,0.00022114108801415245
rênes,0.00022114108801415245
intéresse,0.00022114108801415245
amalgame,0.00022114108801415245
sombre,0.00022114108801415245
gorge,0.00022114108801415245
résille,0.00022114108801415245
plonge,0.00022114108801415245
pacotille,0.00022114108801415245
trompe,0.00022114108801415245
dame,0.00022114108801415245
garettes-ci,0.00022114108801415245
malsaine,0.00022114108801415245
matte,0.00022114108801415245
doucement,0.00022114108801415245
carotide,0.00022114108801415245
vinyle,0.00022114108801415245
disez,0.00022114108801415245
tricher,0.00022114108801415245
environnement,0.00022114108801415245
6,0.00022114108801415245
vitrine,0.00022114108801415245
respect,0.00022114108801415245
batmobile,0.00022114108801415245
tenir,0.00022114108801415245
maudis,0.00022114108801415245
rétrécie,0.00022114108801415245
fumeurs,0.00022114108801415245
crimes,0.00022114108801415245
bombes,0.00022114108801415245
profond,0.00022114108801415245
raconte,0.00022114108801415245
sonde,0.00022114108801415245
rappeurs,0.00022114108801415245
vitesses,0.00022114108801415245
lente,0.00022114108801415245
vécus,0.00022114108801415245
porter,0.00022114108801415245
éventrer,0.00022114108801415245
camomille,0.00022114108801415245
déminage,0.00022114108801415245
écusson,0.00022114108801415245
apprécies,0.00022114108801415245
vies,0.00022114108801415245
arbitre,0.00022114108801415245
fuis,0.00022114108801415245
plainte,0.00022114108801415245
vides,0.00020350020350020298
fous,0.00020350020350020298
quart,0.00020350020350020298
mutombo,0.00020350020350020298
'héhé',0.00020350020350020298
love,0.00020350020350020298
nouvel,0.00020350020350020298
pers,0.00020350020350020298
bagages,0.00020350020350020298
ravage,0.00020350020350020298
gober,0.00020350020350020298
zook,0.00020350020350020298
retiens,0.00020350020350020298
honore,0.00020350020350020298
éblouis,0.00020350020350020298
vibrer,0.00020350020350020298
àl,0.00020350020350020298
show,0.00020350020350020298
men,0.00020350020350020298
week-end,0.00020350020350020298
fêlés,0.00020350020350020298
osmose,0.00020350020350020298
salopes,0.00020350020350020298
baisse,0.00020350020350020298
auch,0.00020350020350020298
jockey,0.00020350020350020298
tasses,0.00020350020350020298
sol,0.00020350020350020298
saboter,0.00020350020350020298
fracasse,0.00020350020350020298
disc,0.00020350020350020298
bouteilles,0.00020350020350020298
jean,0.00020350020350020298
blocos,0.00020350020350020298
02,0.00020350020350020298
31,0.00020350020350020298
rose,0.00020350020350020298
spectacle,0.00020350020350020298
fiiiiiiicelle,0.00020350020350020298
vitres,0.00020350020350020298
chaudes,0.00020350020350020298
foule,0.00020350020350020298
o-relsan,0.00020350020350020298
chasse,0.00020350020350020298
disc-jockey,0.0001850481125092519
philo,0.0001850481125092519
moites,0.0001850481125092519
chorégraphie,0.0001850481125092519
pink,0.0001850481125092519
bull,0.0001850481125092519
piste,0.0001850481125092519
entrer,0.0001850481125092519
cigarette,0.0001850481125092519
week-ends,0.0001850481125092519
éventuellement,0.0001850481125092519
litres,0.0001850481125092519
déchiré,0.0001850481125092519
pupilles,0.0001850481125092519
eurythmics,0.0001850481125092519
sans-emploi,0.0001850481125092519
nouvel-an,0.0001850481125092519
voitures,0.0001850481125092519
demi-smic,0.0001850481125092519
écarlates,0.0001850481125092519
titube,0.0001850481125092519
connais,0.0001850481125092519
remixent,0.0001850481125092519
fine,0.0001850481125092519
vidé,0.0001850481125092519
taxer,0.0001850481125092519
pump',0.0001850481125092519
ma-ma-ma,0.0001850481125092519
claques,0.0001850481125092519
redman,0.0001850481125092519
connait,0.0001850481125092519
02-31,0.0001850481125092519
danser,0.0001850481125092519
videur,0.0001850481125092519
endroit,0.0001850481125092519
sévère,0.00018409425625920422
harlem,0.00018409425625920422
oswald,0.00018409425625920422
hexagone,0.00018409425625920422
jusque,0.00018409425625920422
featuring,0.00018409425625920422
dix,0.00018409425625920422
lunatic,0.00018409425625920422
féminine,0.00018409425625920422
mégastore,0.00018409425625920422
caniveau,0.00018409425625920422
garçon,0.00018409425625920422
gratuit,0.00018409425625920422
aurai,0.00018409425625920422
rends-moi,0.00018409425625920422
portiques,0.00018409425625920422
mé-cra,0.00018409425625920422
man's,0.00018409425625920422
amorce,0.00018409425625920422
plaques,0.00018409425625920422
déguise,0.00018409425625920422
dollars,0.00018409425625920422
renverser,0.00018409425625920422
détesté,0.00018409425625920422
tétra,0.00018409425625920422
no,0.00018409425625920422
chanter,0.00018409425625920422
vienne,0.00018409425625920422
école,0.00018409425625920422
tétraplégique,0.00018409425625920422
sarko,0.00018409425625920422
bouncer,0.00018409425625920422
génération,0.00018409425625920422
excédés,0.00018409425625920422
plombe,0.00018409425625920422
y'aurais,0.00018409425625920422
dites,0.00018409425625920422
chaussures,0.00018409425625920422
aile,0.00018409425625920422
cauchemar,0.00018409425625920422
fn,0.00018409425625920422
finis,0.00018409425625920422
copient,0.00018409425625920422
oiseaux,0.00018409425625920422
blagues,0.00018409425625920422
plaque,0.00018409425625920422
gente,0.00018409425625920422
minimes,0.00018409425625920422
incarne,0.00018409425625920422
chante,0.00018409425625920422
barbu,0.00018409425625920422
marseille,0.00018409425625920422
perdue,0.00018409425625920422
régler,0.00018409425625920422
blaster,0.00018409425625920422
décidé,0.00018409425625920422
people,0.00018409425625920422
écris,0.00018409425625920422
événements,0.00018409425625920422
land,0.00018409425625920422
ossature,0.00018409425625920422
arriver,0.00018409425625920422
paire,0.00018409425625920422
comédien,0.00018409425625920422
uniforme,0.00018409425625920422
coquards,0.00018409425625920422
solaar,0.00018409425625920422
effet,0.00018409425625920422
nom,0.00018409425625920422
persévère,0.00018409425625920422
pj,0.00018409425625920422
nique,0.00018409425625920422
aucun,0.00018409425625920422
voulais,0.00018409425625920422
bernard,0.00018409425625920422
faits,0.00018409425625920422
metallica,0.00018409425625920422
décor,0.00018409425625920422
cordes,0.00018409425625920422
nice,0.00018409425625920422
tué,0.00018409425625920422
orthographe,0.00018409425625920422
illettrés,0.00018409425625920422
policiers,0.00018409425625920422
versets,0.00018409425625920422
pu,0.00018409425625920422
controversé,0.00018409425625920422
anvers,0.00018409425625920422
pak,0.00018409425625920422
splifs,0.00018409425625920422
nausée,0.00018409425625920422
pivot,0.00018409425625920422
dissipé,0.00018409425625920422
mendicité,0.00018409425625920422
flowteurs,0.00018409425625920422
ghetto,0.00018409425625920422
coq,0.00018409425625920422
roumanie,0.00018409425625920422
rivaux,0.00018409425625920422
maxi,0.00018409425625920422
verrais,0.00018409425625920422
trouve-moi,0.00018409425625920422
porno,0.00018409425625920422
pervers,0.00018409425625920422
soccer,0.00018409425625920422
lee,0.00018409425625920422
tribunal,0.00018409425625920422
harvey,0.00018409425625920422
prouver,0.00018409425625920422
bercer,0.00018409425625920422
plumer,0.00018409425625920422
sème,0.00018409425625920422
groupes,0.00018409425625920422
refrain,0.00018409425625920422
boulettes,0.00018409425625920422
batterie,0.00018409425625920422
anomalie,0.00018409425625920422
reconnu,0.00018409425625920422
décédés,0.00018409425625920422
virgin,0.00018409425625920422
cockpit,0.00018409425625920422
niveau,0.00018409425625920422
manies,0.00018409425625920422
sportif,0.00018409425625920422
profs,0.00018409425625920422
gicle,0.00018409425625920422
clique,0.00018409425625920422
perce,0.00018409425625920422
prenez,0.00018409425625920422
arme,0.00018409425625920422
poésie,0.00018409425625920422
écart,0.00018409425625920422
lycée,0.00018409425625920422
sommes,0.00018409425625920422
maquille,0.00018409425625920422
flippent,0.00018409425625920422
tiercé,0.00018409425625920422
sonner,0.00018409425625920422
amies,0.00018409425625920422
pandore,0.00017901897601145674
endors,0.00017901897601145674
croyais,0.00017901897601145674
nerfs,0.00017901897601145674
cloque,0.00017901897601145674
tostaky,0.00017901897601145674
intelligents,0.00017901897601145674
surprise,0.00017901897601145674
crèves,0.00017901897601145674
bats,0.00017901897601145674
baratin,0.00017901897601145674
mail,0.00017901897601145674
villa,0.00017901897601145674
',0.00017901897601145674
disais,0.00017901897601145674
opinel,0.00017901897601145674
démon,0.00017901897601145674
sucent,0.00017901897601145674
catin,0.00017901897601145674
marjolaine,0.00017901897601145674
mériterais,0.00017901897601145674
collerai,0.00017901897601145674
lentement,0.00017901897601145674
digitales,0.00017901897601145674
trainées,0.00017901897601145674
cassée,0.00017901897601145674
imprimée,0.00017901897601145674
différente,0.00017901897601145674
tapin,0.00017901897601145674
jambe,0.00017901897601145674
truie,0.00017901897601145674
radiateur,0.00017901897601145674
flammes,0.00017901897601145674
enlaçait,0.00017901897601145674
das,0.00017901897601145674
déchirer,0.00017901897601145674
paris,0.00017901897601145674
tuer,0.00017901897601145674
retourner,0.00017901897601145674
sentes,0.00017901897601145674
âme,0.00017901897601145674
mots,0.00017901897601145674
pull,0.00017901897601145674
rectum,0.00017901897601145674
empreintes,0.00017901897601145674
queues,0.00017901897601145674
chiennes,0.00017901897601145674
considère,0.00017901897601145674
pelote,0.00017901897601145674
mérites,0.00017901897601145674
chaleur,0.00017901897601145674
hôtel,0.00017901897601145674
romaine,0.00017901897601145674
perdes,0.00017901897601145674
malheurs,0.00017901897601145674
doux,0.00017901897601145674
avaleuse,0.00017901897601145674
choqué,0.00017901897601145674
embrassait,0.00017901897601145674
termes,0.00017901897601145674
jeter,0.00017901897601145674
bons,0.00017901897601145674
déboiterai,0.00017901897601145674
trucs,0.00017901897601145674
brûler,0.00017901897601145674
marée,0.00017901897601145674
passait,0.00017901897601145674
lexington,0.00017901897601145674
larmes,0.00017901897601145674
rendre,0.00017901897601145674
hall,0.00017901897601145674
tenait,0.00017901897601145674
tôt,0.00017901897601145674
ouvert,0.00017901897601145674
brisée,0.00017901897601145674
basse,0.00017901897601145674
quitté,0.00017901897601145674
chichiteuses,0.00017901897601145674
avorter,0.00017901897601145674
acabit,0.00017901897601145674
celle,0.00017901897601145674
mâchoire,0.00017901897601145674
taille,0.00017901897601145674
abattoir,0.00017901897601145674
hais,0.00017901897601145674
trompes,0.00017901897601145674
chantant,0.00017901897601145674
embrassais,0.00017901897601145674
tombes,0.00017901897601145674
abdomen,0.00017901897601145674
rentré,0.00017901897601145674
soirs,0.00017901897601145674
hilton,0.00017901897601145674
taff,0.00017901897601145674
déguisé,0.00017901897601145674
sabre,0.00017901897601145674
habitude,0.00017901897601145674
vu…,0.00017901897601145674
représente,0.00016196954972465133
poings,0.00016196954972465133
highlander,0.00016196954972465133
harper,0.00016196954972465133
soum-soum,0.00016196954972465133
garrots,0.00016196954972465133
jump,0.00016196954972465133
vénère,0.00016196954972465133
capable,0.00016196954972465133
mark,0.00016196954972465133
advil,0.00016196954972465133
oeil,0.00016196954972465133
chan,0.00016196954972465133
épinay-sur-seine,0.00016196954972465133
crie,0.00016196954972465133
rappes,0.00016196954972465133
peine,0.00016196954972465133
saigne,0.00016196954972465133
2-4-6,0.00016196954972465133
sharingan,0.00016196954972465133
face,0.00016196954972465133
plaidera,0.00016196954972465133
roi,0.00016196954972465133
cros-ma,0.00016196954972465133
bitures,0.00016196954972465133
barre,0.00016196954972465133
ziploc,0.00016196954972465133
blacks,0.00016196954972465133
groupe,0.00016196954972465133
blanches,0.00016196954972465133
serein,0.00016196954972465133
escouade,0.00016196954972465133
obsédé,0.00016196954972465133
recruter,0.00016196954972465133
maximal,0.00016196954972465133
assis,0.00016196954972465133
choc,0.00016196954972465133
excès,0.00016196954972465133
apporter,0.00016196954972465133
pochette,0.00016196954972465133
amical,0.00016196954972465133
enverra,0.00016196954972465133
falloir,0.00016196954972465133
guéris,0.00016196954972465133
mcintosh,0.00016196954972465133
vodka-smirnoff,0.00016196954972465133
bruce,0.00016196954972465133
carte,0.00016196954972465133
tire,0.00016196954972465133
chacun,0.00016196954972465133
assises,0.00016196954972465133
starting-blocks,0.00016196954972465133
pépon,0.00016196954972465133
soient,0.00016196954972465133
mer,0.00016196954972465133
farouk,0.00016196954972465133
sample,0.00016196954972465133
paraffine,0.00016196954972465133
nettoie,0.00016196954972465133
brève,0.00016196954972465133
habitué,0.00016196954972465133
char,0.00016196954972465133
chance,0.00016196954972465133
relégable,0.00016196954972465133
mesurer,0.00016196954972465133
jeu,0.00016196954972465133
op,0.00016196954972465133
goumer,0.00016196954972465133
coupable,0.00016196954972465133
beures,0.00016196954972465133
deuxième,0.00016196954972465133
landers,0.00016196954972465133
blessés,0.00016196954972465133
jeudi,0.00016196954972465133
freestyle,0.00016196954972465133
restera,0.00016196954972465133
on-s',0.00016196954972465133
dis-toi,0.00016196954972465133
boxe,0.00016196954972465133
rock,0.00016196954972465133
soeur,0.00016196954972465133
whisky-coca,0.00016196954972465133
mannequinat,0.00016196954972465133
jackie,0.00016196954972465133
prix,0.00016196954972465133
bronze,0.00016196954972465133
nègres,0.00016196954972465133
négro,0.00016196954972465133
fnac,0.00016196954972465133
pepom,0.00016196954972465133
écoutes,0.00016196954972465133
homme-saoûl,0.00016196954972465133
famille,0.00016196954972465133
jouir,0.00016196954972465133
drame,0.00016196954972465133
marie-jeanne,0.00016196954972465133
asile,0.00016196954972465133
finale,0.00016196954972465133
cyclope,0.00016196954972465133
serrée,0.00016196954972465133
possède,0.00016196954972465133
battement,0.00016196954972465133
capital,0.00016196954972465133
heenok,0.00016196954972465133
guillaume,0.00016196954972465133
quatrième,0.00016196954972465133
durs,0.00016196954972465133
amygdales,0.00016196954972465133
bloques,0.00016196954972465133
provient,0.00016196954972465133
omar,0.00016196954972465133
battle,0.00016196954972465133
gabriel,0.00016196954972465133
11,0.00016196954972465133
match,0.00016196954972465133
mouilles,0.00016196954972465133
savoir,0.00016196954972465133
cannibale,0.00016196954972465133
lundi,0.00016196954972465133
vitale,0.00016196954972465133
lourd,0.00016196954972465133
piocher,0.00016196954972465133
éclat,0.00016196954972465133
gamine,0.00016196954972465133
do-rag,0.00016196954972465133
bonhomme,0.00016196954972465133
maxi-mal,0.00016196954972465133
cartonne,0.00016196954972465133
pete,0.00016196954972465133
bloquent,0.00016196954972465133
enseigne,0.00016196954972465133
phone-tel,0.00014060742407199064
vont,0.00014060742407199064
lèvres,0.00014060742407199064
rooney,0.00014060742407199064
sois,0.00014060742407199064
prise,0.00014060742407199064
silicone,0.00014060742407199064
schnecks,0.00014060742407199064
couettes,0.00014060742407199064
bière,0.00014060742407199064
déménageur,0.00014060742407199064
vingt-et-un,0.00014060742407199064
vrai,0.00014060742407199064
émoticone,0.00014060742407199064
physique,0.00014060742407199064
portrait,0.00014060742407199064
rend,0.00014060742407199064
canal,0.00014060742407199064
estocade,0.00014060742407199064
prennes,0.00014060742407199064
gracias,0.00014060742407199064
dégrader,0.00014060742407199064
qi,0.00014060742407199064
éjac',0.00014060742407199064
positions,0.00014060742407199064
prénom,0.00014060742407199064
dire,0.00014060742407199064
gentil,0.00014060742407199064
bâillonnées,0.00014060742407199064
seins,0.00014060742407199064
anale,0.00014060742407199064
vitesse,0.00014060742407199064
rasées,0.00014060742407199064
sein,0.00014060742407199064
business,0.00014060742407199064
gargarismes,0.00014060742407199064
soit,0.00014060742407199064
direct,0.00014060742407199064
rondelle,0.00014060742407199064
trouble,0.00014060742407199064
pénétration,0.00014060742407199064
miss,0.00014060742407199064
panne,0.00014060742407199064
gouttière,0.00014060742407199064
sexe,0.00014060742407199064
bonheur,0.00014060742407199064
bac,0.00014060742407199064
beauté,0.00014060742407199064
misérable,0.00014060742407199064
gentiment,0.00014060742407199064
chaussettes,0.00014060742407199064
mates,0.00014060742407199064
copines,0.00014060742407199064
jeune,0.00014060742407199064
nettement,0.00014060742407199064
abord,0.00014060742407199064
forfait,0.00014060742407199064
contact,0.00014060742407199064
loin,0.00014060742407199064
messenger,0.00014060742407199064
compactes,0.00014060742407199064
craché,0.00014060742407199064
soutiens,0.00014060742407199064
espagnole,0.00014060742407199064
coquines,0.00014060742407199064
ressortir,0.00014060742407199064
décodeur,0.00014060742407199064
su,0.00014060742407199064
percées,0.00014060742407199064
faciale,0.00014060742407199064
nageur,0.00014060742407199064
rail,0.00014060742407199064
crédit,0.00014060742407199064
nouvelles,0.00014060742407199064
électro,0.00014060742407199064
besoin,0.00014060742407199064
couleur,0.00014060742407199064
tester,0.00014060742407199064
ventoline,0.00014060742407199064
goûtes,0.00014060742407199064
avalent,0.00014060742407199064
limer,0.00014060742407199064
courant,0.00014060742407199064
offre,0.00014060742407199064
numéro,0.00014060742407199064
recherche,0.00014060742407199064
marie-trintigner,0.00014060742407199064
caméra,0.00014060742407199064
déficit,0.00014060742407199064
finesse,0.00014060742407199064
appeler,0.00014060742407199064
lumière,0.00014060742407199064
encaissent,0.00014060742407199064
bafa,0.00014060742407199064
bu,0.00014060742407199064
muchas,0.00014060742407199064
eu,0.00014060742407199064
remues,0.00014060742407199064
conclus,0.00014060742407199064
électrique,0.00014060742407199064
branle,0.00014060742407199064
haleine,0.00014060742407199064
beyoncé,0.00014060742407199064
estomac,0.00014060742407199064
ambidextre,0.00014060742407199064
moins,0.00014060742407199064
métro,0.00014060742407199064
appart',0.00014060742407199064
fée,0.00014060742407199064
inconnues,0.00014060742407199064
oublierai,0.00014060742407199064
datent,0.00014060742407199064
fesses,0.00014060742407199064
sens-moi,0.00014060742407199064
conte,0.00014060742407199064
aveugle,0.00014060742407199064
intérieure,0.00014060742407199064
moches,0.00014060742407199064
mettrai,0.00014060742407199064
quelque,0.00014060742407199064
tasse-pé,0.00014060742407199064
discrétion,0.00014060742407199064
démonte-pneu,0.00014060742407199064
rêves,0.00014060742407199064
excuse-moi,0.00014060742407199064
genoux,0.00014060742407199064
trépigner,0.00014060742407199064
deviens,0.00014060742407199064
mortelle,0.00014060742407199064
pilule,0.00014060742407199064
hier,0.00014060742407199064
ambiancer,0.00014060742407199064
fatal,0.00014060742407199064
sélectif,0.00014060742407199064
sentiments,0.00014060742407199064
vis,0.00014060742407199064
doigt,0.00014060742407199064
maître,0.00014060742407199064
tri,0.00014060742407199064
blondes,0.00014060742407199064
redemandent,0.00014060742407199064
anti-stress,0.00014060742407199064
rends,0.00014060742407199064
règles,0.00014060742407199064
clochettes,0.00014060742407199064
margarine,0.00014060742407199064
handicapée,0.00014060742407199064
cosette,0.00014060742407199064
aristochattes,0.00014060742407199064
laisse-moi,0.00014060742407199064
centimètres,0.00014060742407199064
jure,0.00014060742407199064
balle,0.00014060742407199064
couchée,0.00014060742407199064
gourmande,0.00014060742407199064
allumée,0.00014060742407199064
prendrai,0.00014060742407199064
seront,0.00014060742407199064
peaux,0.00014060742407199064
respecte,0.00014060742407199064
voit,0.00014060742407199064
fossettes,0.00014060742407199064
monsieur,0.00014060742407199064
parlerai,0.00014060742407199064
point,0.00014060742407199064
matin,0.00014060742407199064
palier,0.00012357884330202636
caisses,0.00012357884330202636
costume,0.00012357884330202636
éther,0.00012357884330202636
services,0.00012357884330202636
piercing,0.00012357884330202636
dessert,0.00012357884330202636
gosses,0.00012357884330202636
secrétaire,0.00012357884330202636
désespèrent,0.00012357884330202636
remplis,0.00012357884330202636
gagner,0.00012357884330202636
idéale,0.00012357884330202636
magique,0.00012357884330202636
imagine,0.00012357884330202636
arrache,0.00012357884330202636
nocturne,0.00012357884330202636
gare,0.00012357884330202636
quèn',0.00012357884330202636
rois,0.00012357884330202636
experts,0.00012357884330202636
schneck,0.00012357884330202636
rasent,0.00012357884330202636
pussycat,0.00012357884330202636
galette,0.00012357884330202636
puissante,0.00012357884330202636
hey,0.00012357884330202636
kit-é-kat,0.00012357884330202636
caen,0.00012357884330202636
mêmes,0.00012357884330202636
raffolent,0.00012357884330202636
alcool,0.00012357884330202636
bousille,0.00012357884330202636
prétentieux,0.00012357884330202636
demain,0.00012357884330202636
poignet,0.00012357884330202636
nécessaire,0.00012357884330202636
évite,0.00012357884330202636
enculer,0.00012357884330202636
planer,0.00012357884330202636
prennent,0.00012357884330202636
artiste,0.00012357884330202636
athéna,0.00012357884330202636
paroles,0.00012357884330202636
mp3,0.00012357884330202636
hit,0.00012357884330202636
dolls,0.00012357884330202636
losers,0.00012357884330202636
gratuite,0.00012357884330202636
quitter,0.00012357884330202636
psychiatriques,0.00012357884330202636
désespoir,0.00012357884330202636
kiffer,0.00012357884330202636
caner,0.00012357884330202636
fenêtre,0.00012357884330202636
attendant,0.00012357884330202636
rêvant,0.00012357884330202636
dents,0.00012357884330202636
défoncé,0.00012357884330202636
balles,0.00012357884330202636
dossiers,0.00012357884330202636
extrêmement,0.00012357884330202636
boire,0.00012357884330202636
substances,0.00012357884330202636
vip,0.00012357884330202636
privé,0.00012357884330202636
yeuz',0.00012357884330202636
tourne,0.00012357884330202636
p'tits,0.00012357884330202636
vrais,0.00012357884330202636
salles,0.00012357884330202636
écoute,0.00012357884330202636
clavier,0.00012357884330202636
marié,0.00012357884330202636
année,0.00012357884330202636
virus,0.00012357884330202636
shooters,0.00012357884330202636
chevalier,0.00012357884330202636
charismatique,0.00012357884330202636
cahier,0.00012357884330202636
tafs,0.00012357884330202636
détails,0.00012357884330202636
torture,0.00012357884330202636
crier,0.00012357884330202636
pilier,0.00012357884330202636
c4,0.00012357884330202636
éclatés,0.00012357884330202636
instant,0.00012357884330202636
carré,0.00012357884330202636
sniffer,0.00012357884330202636
mers,0.00012357884330202636
remplir,0.00012357884330202636
moche,0.00012357884330202636
seuls,0.00012357884330202636
animal,0.00012357884330202636
bagnole,0.00012357884330202636
devinez,0.00012357884330202636
sûr,0.00012357884330202636
gérer,0.00012357884330202636
