je,0.059528872018819984
comme,0.011618660948624564
tous,0.010986156038875285
pour,0.009625870990229407
quand,0.0081266051443327
addict,0.007843137254901947
i,0.007336523125996797
moi,0.007273920205080593
bled,0.006947836574702234
rim'k,0.0069477722966094935
route,0.006937249146768305
connais,0.006889969671282712
the,0.006698564593301423
il,0.00653105782543175
nous,0.0060808725819145575
love,0.00606060606060605
my,0.00606060606060605
odeur,0.00606060606060605
grillades,0.00606060606060605
skalpovich,0.00606060606060605
tu,0.00606060606060605
même,0.005396834374455316
y,0.005048586481328062
aux,0.004732729596162389
gros,0.004309152785863178
boss,0.004159426154712872
tout,0.004143175363432905
par,0.003994946673906929
follow,0.003827751196172242
vice,0.003672743951381716
toujours,0.0035674934264595644
as,0.003560134691146295
sud,0.003208955223880591
baby,0.0031897926634768684
tête,0.0029938358947336104
belle,0.002822903495469453
amour,0.002787821779555234
grave,0.0027149321266968277
périph,0.0026533996683250367
être,0.002436670333607064
vie,0.0023748254964130753
va,0.0023235763340484616
vous,0.002314451080154673
temps,0.0023127221300739795
trop,0.002199232187994617
quoi,0.0021891653120638304
ont,0.002183084591731247
famille,0.0021707570876120727
sous,0.0021609128344133874
gamonstre,0.002155887230514092
prends,0.0020404605397824206
seul,0.002037864903578741
parle,0.0020285979717259593
force,0.0020268025091754534
guerre,0.001974032302979668
aime,0.0019584326894586056
coeur,0.0019387426515875205
encore,0.0018070745044429224
place,0.0017557502362365498
toi,0.001743683201238242
sais,0.0016958618676521378
personne,0.0016729497533182185
passe,0.0016666830880772178
el,0.0016666666666666637
shab,0.0016666666666666637
femme,0.0016617017684976503
faut,0.0016341633250458142
p'tits,0.0016182020443797779
ohohoho,0.0015948963317384342
après,0.0015846576575166084
nique,0.0015828554018911957
elle,0.0015695294727497225
pense,0.0015675654239630768
ster,0.0015345268542199461
bien,0.001523092039297552
rien,0.0014954508621690971
chef,0.0014934719928986924
mal,0.0014758451567873814
roule,0.0014725332057531626
yeah,0.0014598540145985377
weed,0.0014447884416924639
monde,0.001433105070067315
money,0.0014255851410164124
aimes,0.0014247265892002707
lui,0.001415808099920918
classico,0.0014084507042253496
entre,0.0013925085327630264
oeil,0.0013645224171539936
lah,0.00136402387041773
tonton,0.001345104140604976
chez,0.0013270903288574083
rue,0.0013254712904084156
p'tit,0.0013102445145680383
voir,0.001303040357177738
heya,0.0012759170653907472
ferrari,0.0012759170653907472
mis,0.001243838702834056
flow,0.0012430706871033015
avoir,0.00124131783863814
prend,0.001239071665099506
voit,0.0012243072008475554
sens,0.001221272542132219
grosses,0.0012116612556150623
viens,0.0012093834695758845
jamais,0.0012054593759220924
deux,0.001193847329514981
trip,0.0011935208866155136
bad,0.0011935208866155136
fou,0.001190160131274041
recul,0.001181925699716323
rétro,0.0011695906432748517
nouveau,0.0011692349283590137
dos,0.0011588738059326274
cash,0.0011481666626992609
aussi,0.0011416690025732752
capuche,0.001139073489002673
père,0.0011313033071975451
dis,0.0011307603827182234
mère,0.0011305868355706004
arrache,0.0011220455335418818
peur,0.001120114116010147
prêt,0.0011160093191660216
leurs,0.0011122556307879244
noud,0.0011111111111111092
oulech,0.0011111111111111092
baroud,0.0011111111111111092
né,0.0011111111111111092
contre,0.0011028176518042825
prendre,0.0010777371620701616
front,0.0010723514211886285
part,0.0010694665957823833
chance,0.0010688064849167518
arrive,0.0010659348844157053
époque,0.0010552191688661162
longue,0.001035725991478202
hen,0.001033591731266148
fuire,0.001033591731266148
suivre,0.001033591731266148
histoire,0.0010331161759067995
gamos,0.0010287846747626173
face,0.0010171302366123788
perdu,0.0009998665944788783
toutes,0.0009931817981353567
envers,0.0009765350294827837
compte,0.0009761556062035915
premier,0.0009746588693957097
yeux,0.0009736886207474426
braises,0.0009732360097323583
labess,0.0009732360097323583
judiciaires,0.0009732360097323583
brûle,0.0009732360097323583
tèc',0.0009732360097323583
casiers,0.0009732360097323583
fiers,0.0009732360097323583
durs,0.0009732360097323583
fois,0.0009674776449678495
leur,0.000967042870501148
avenir,0.0009608037705167757
rappe,0.000957378043404826
dancefloor,0.0009569377990430605
music,0.0009569377990430605
rap,0.0009476019882254294
grands,0.0009470595480657384
fin,0.000943941009239515
reste,0.0009376503435304316
mafia,0.0009356725146198813
pris,0.0009283193344666286
mains,0.000928029269349305
vient,0.0009244246620196679
quartier,0.0009221522306069156
paix,0.0009209903132369128
gris,0.0009153384979919959
peux,0.0009117613190939872
parents,0.0009092830090866651
souvent,0.0008916296266634617
vit,0.0008900972434959692
mettre,0.0008873759855692284
mets,0.0008798122817868622
oh,0.000872700316732932
foot,0.0008625040488727169
france,0.0008601858617843258
veut,0.0008484211568410175
jour,0.0008483938893930954
dire,0.0008375968666721108
paris,0.0008328903065745155
mieux,0.0008293636106766623
vices,0.0008291873963515741
cache,0.0008291873963515741
secrets,0.0008291873963515741
concret,0.0008291873963515741
te-trai,0.0008291873963515741
vu,0.0008262574876891355
vitesse,0.0008255933952528365
vitre,0.0008255933952528365
tellement,0.0008239650993161698
pété,0.0008215919831572341
pote,0.0008138600278580823
vrai,0.0008117811163705366
vite,0.0008117811163705366
terre,0.0007988645579886442
peu,0.0007911413753384396
comment,0.0007754697330876158
vois,0.0007721633917342016
chaque,0.0007671473597282152
devant,0.0007671026156941636
haut,0.0007644688188125792
entends,0.0007624462695256841
preuve,0.0007604734852771415
pu,0.0007602339181286536
p'tite,0.0007601048680661635
frères,0.0007516492468046992
voulait,0.0007504873294346965
afrique,0.0007504873294346965
marche,0.000748652824264387
bande,0.0007469837422727978
portrait,0.0007407407407407394
paire,0.0007407407407407394
salaam,0.0007407407407407394
rebeu,0.0007407407407407394
chacun,0.0007387800252844487
message,0.0007314570507182632
partir,0.0007314570507182632
dieu,0.0007260585393577708
thune,0.0007255782429931025
surface,0.0007231942144462832
grosse,0.0007231942144462832
ville,0.0007108056068919408
traine,0.0007043650793650782
crise,0.0007043650793650782
hip-hop,0.0007036059806508342
frère,0.000698207469290342
moche,0.0006926973607957825
ni,0.0006915226729468204
bus,0.0006896828779821094
tauliers,0.0006893496367180566
10,0.0006893496367180566
parloir,0.0006872988494352903
prix,0.0006852104330356182
besoin,0.0006826333449033887
poto,0.0006826333449033887
laisse,0.000672492394230387
depuis,0.000672492394230387
beaucoup,0.0006720294955589062
enfants,0.0006718865833528879
couilles,0.0006679894179894168
cette,0.0006670938828698946
gosses,0.0006656053894425975
blonde,0.0006656053894425975
aimer,0.0006656053894425975
mange,0.0006656053894425975
pression,0.0006653556211078323
coffre,0.0006633499170812592
xxx,0.0006633499170812592
mec,0.0006599852339521194
sera,0.0006568669978112691
combat,0.0006534621155139535
kilos,0.0006485537702728641
putain,0.0006446391251254406
voix,0.0006399865518773327
wanna,0.0006379585326953736
just,0.0006379585326953736
be,0.0006379585326953736
accent,0.0006379585326953736
déboule,0.0006379585326953736
got,0.0006379585326953736
bombarde,0.0006379585326953736
one,0.0006379585326953736
plein,0.0006379585326953736
arrière,0.0006353210473454314
hé,0.0006353210473454314
gars,0.0006246053317958422
donne,0.0006209716328002762
aurait,0.0006191950464396273
celui,0.0006191950464396273
adrénaline,0.0006191950464396273
baisse,0.0006191950464396273
déjà,0.0006142977583492024
heure,0.0006139645170851495
droit,0.000609632253817301
dessus,0.0006040782555825463
bonnes,0.0006033182503770728
vies,0.0005992781728075834
petits,0.0005966443759259991
foie,0.0005966443759259991
social,0.0005966443759259991
construire,0.0005966443759259991
avance,0.0005966443759259991
danse,0.0005952380952380941
prof,0.0005899705014749252
importe,0.0005899705014749252
tant,0.0005899705014749252
porte,0.0005899705014749252
lycée,0.0005899705014749252
moral,0.0005899705014749252
regarde,0.000587050300121755
passé,0.0005847953216374258
pourra,0.0005811462630024831
debout,0.0005767687191835789
envoie,0.0005767687191835789
pourquoi,0.0005718331064945673
mc,0.0005653021442495117
maghreb,0.0005653021442495117
appelle,0.0005653021442495117
voyage,0.0005622882687807764
tire,0.000557956005512928
boulet,0.0005555555555555546
daâwate,0.0005555555555555546
sociaux,0.0005555555555555546
mohamed,0.0005555555555555546
sors,0.0005555555555555546
amen,0.0005555555555555546
avait,0.0005555555555555546
aimerait,0.0005555555555555546
taxé,0.0005555555555555546
descentes,0.0005555555555555546
cassé,0.0005555555555555546
révolte,0.0005555555555555546
identitaire,0.0005555555555555546
khouyas,0.0005555555555555546
karabina,0.0005555555555555546
dalil,0.0005555555555555546
vagues,0.0005555555555555546
défauts,0.0005555555555555546
walidina,0.0005555555555555546
usines,0.0005555555555555546
martyrs,0.0005555555555555546
dira,0.0005555555555555546
nord,0.0005555555555555546
bénisse,0.0005555555555555546
propre,0.0005555555555555546
restera,0.0005555555555555546
bourghiba,0.0005555555555555546
rayons,0.0005555555555555546
réseaux,0.0005555555555555546
savaient,0.0005555555555555546
connu,0.0005555555555555546
maigre,0.0005555555555555546
mosquée,0.0005555555555555546
premières,0.0005555555555555546
combustible,0.0005555555555555546
pension,0.0005555555555555546
zine,0.0005555555555555546
eldorado,0.0005555555555555546
communautaire,0.0005555555555555546
allah,0.0005555555555555546
rahmo,0.0005555555555555546
celle,0.0005555555555555546
prières,0.0005555555555555546
smah,0.0005555555555555546
p'tet,0.0005555555555555546
servi,0.0005555555555555546
āmyn,0.0005555555555555546
norauto,0.0005555555555555546
immigration,0.0005555555555555546
éphémère,0.0005555555555555546
ouest,0.0005555555555555546
fils,0.000554054291649298
peut,0.000554054291649298
highlander,0.0005462718655330783
morts,0.0005462718655330783
etat,0.0005462718655330783
détour,0.000544968127621626
petit,0.000540873354172586
sac,0.0005382942531705522
pompe,0.0005382942531705522
boîtes,0.0005380733073538387
malgré,0.0005366707483121653
difficiles,0.0005364009092260947
ferme,0.0005364009092260947
paname,0.0005362078496406845
hôtel,0.0005362078496406845
armes,0.0005362078496406845
mauvais,0.0005359377414835745
avant,0.000531272236951673
gambergent,0.0005277044854881258
mecs,0.0005257108564249488
sort,0.000525377615160896
truc,0.0005223059741276334
était,0.000519642792851374
masse,0.0005191798941798933
grand,0.000517640469595732
amis,0.0005169074627671411
achète,0.000516795865633074
miskin,0.000516795865633074
maradona,0.000516795865633074
karimou,0.000516795865633074
copine,0.000516795865633074
mort,0.000516795865633074
crime,0.000516795865633074
cours,0.000516795865633074
secret,0.000516795865633074
larguer,0.000516795865633074
20€,0.000516795865633074
balèze,0.000516795865633074
poisson,0.000516795865633074
tienne,0.000516795865633074
heineken,0.000516795865633074
endurcis,0.000516795865633074
mama,0.000516795865633074
emportera,0.000516795865633074
meufs,0.000516795865633074
hchem,0.000516795865633074
barre,0.000516795865633074
profiter,0.000516795865633074
célibataires,0.000516795865633074
casent,0.000516795865633074
mou,0.000516795865633074
assume,0.000516795865633074
4-4,0.000516795865633074
remonte,0.000516795865633074
kardashienne,0.000516795865633074
certaines,0.000516795865633074
pine,0.000516795865633074
zgeg,0.000516795865633074
pharmacienne,0.000516795865633074
conjugual,0.000516795865633074
brune,0.000516795865633074
bidoche,0.000516795865633074
fassent,0.000516795865633074
éxperience,0.000516795865633074
pain,0.000516795865633074
éviter,0.000516795865633074
caramel,0.000516795865633074
bruit,0.000516795865633074
timpe,0.000516795865633074
gow,0.000516795865633074
hommes,0.000516795865633074
coupable,0.000516795865633074
dossiers,0.000516795865633074
pensante,0.000516795865633074
gamelle,0.000516795865633074
trompe,0.000516795865633074
sentir,0.000516795865633074
calinous,0.000516795865633074
évitera,0.000516795865633074
marié,0.000516795865633074
juge,0.000516795865633074
chiennetée,0.000516795865633074
bisou,0.000516795865633074
chienne,0.000516795865633074
défense,0.000516795865633074
meuf,0.000516795865633074
e19,0.000516795865633074
bandante,0.000516795865633074
dors,0.000516795865633074
met,0.0005139110402268287
envie,0.0005115089514066487
matin,0.0005115089514066487
meilleurs,0.0005080574740017455
tue,0.0005080574740017455
jeux,0.0005080574740017455
appris,0.0005075764537033382
bah,0.0005040173964322562
rond,0.0005021779423428458
victoire,0.0005013835995506717
clope,0.0005013835995506717
banquette,0.0004975124378109444
coquettes,0.0004975124378109444
plaquette,0.0004975124378109444
monter,0.0004975124378109444
droite,0.0004975124378109444
coupe-coupe,0.0004975124378109444
paquets,0.0004975124378109444
came,0.0004975124378109444
sommes,0.0004975124378109444
peau,0.0004965908990676784
haine,0.0004965908990676784
pire,0.0004965908990676784
frais,0.0004948807615103954
deal,0.0004905484982425469
commence,0.0004899170246166045
quitté,0.0004899170246166045
africain,0.0004899170246166045
aucun,0.0004898154914139561
croirait,0.000489482250149903
sent,0.000489482250149903
kill,0.00048661800486617915
presse,0.00048661800486617915
fast,0.00048661800486617915
tournent,0.00048661800486617915
izi,0.00048661800486617915
jantes,0.00048661800486617915
averse,0.00048661800486617915
pattes,0.00048481674561800164
pot,0.00048481674561800164
enfant,0.00048048448235015314
salle,0.0004780507864706478
têtes,0.0004780507864706478
puis,0.000477560620351245
liés,0.000477560620351245
morceau,0.000477560620351245
partage,0.000477560620351245
espoir,0.000477560620351245
coups,0.000477560620351245
espère,0.00047216210899075266
plaindre,0.00047216210899075266
dernier,0.00047088674590017117
portes,0.00047088674590017117
quotidien,0.00047088674590017117
lever,0.00046948356807511655
come,0.00046948356807511655
3,0.00046948356807511655
time,0.00046948356807511655
galère,0.00046948356807511655
nouvelle,0.00046948356807511655
gains,0.00046948356807511655
pays,0.00046812203142126334
club,0.00046778879015721035
boule,0.00046778879015721035
bouge,0.00046778879015721035
soir,0.00046778879015721035
dur,0.00046548823453967887
deuil,0.00046548823453967887
bon,0.00046345652688936184
celles,0.00046082273000777737
vis,0.00046082273000777737
terrain,0.00045046864899806
eu,0.00045046864899806
cannabis,0.00044970735124629874
arabe,0.00044379477454698613
fond,0.00044379477454698613
asie,0.00044379477454698613
libre,0.00044379477454698613
tess,0.00044379477454698613
coup,0.0004411401328507674
big,0.0004411401328507674
ligne,0.0004411401328507674
poupées,0.0004411401328507674
internet,0.0004411401328507674
hass,0.0004382407763122315
haute,0.0004382407763122315
micro,0.0004382407763122315
yz,0.0004382407763122315
traverse,0.00042967355791670024
pleureuse,0.00042967355791670024
studio,0.00041921049759579816
cerveau,0.0004138119862353058
putains,0.00041279669762641827
combats,0.00041279669762641827
plaies,0.00041064327920026683
car,0.00041064327920026683
disques,0.00040914648170340437
camille,0.00040914648170340437
volant,0.00040914648170340437
caisse,0.00040914648170340437
groult,0.00040914648170340437
juste,0.00040524476783977454
grec,0.00040524476783977454
fesses,0.00040524476783977454
joint,0.00040524476783977454
thé,0.0004013301226923511
vais,0.0004013301226923511
musique,0.0004013301226923511
brutes,0.0004013301226923511
9-4,0.00040057926330787304
parisienne,0.00040057926330787304
cité,0.00040057926330787304
coin,0.00040057926330787304
vide,0.00039211852624261313
sale,0.00039211852624261313
1,0.00039211852624261313
lieu,0.00039211852624261313
veulent,0.0003898635477582839
supporte,0.0003898635477582839
ouai,0.0003898635477582839
couplet,0.0003898635477582839
métro,0.0003898635477582839
allumé,0.0003898635477582839
venger,0.0003898635477582839
investis,0.0003898635477582839
produit,0.0003835513078470818
2,0.0003835513078470818
tirer,0.0003835513078470818
bar,0.0003835513078470818
vêtements,0.0003835513078470818
couper,0.0003835513078470818
toute,0.0003822998439759177
nuit,0.0003822998439759177
aucune,0.00037690133261542534
buter,0.00037690133261542534
paye,0.00037690133261542534
finir,0.00037690133261542534
bosse,0.00037690133261542534
or,0.00037223582808352396
concert,0.00037083326904185053
femmes,0.00037083326904185053
balles,0.00037083326904185053
première,0.00037083326904185053
cheveux,0.0003703703703703697
beuh,0.0003703703703703697
afrika,0.0003703703703703697
anciens,0.0003703703703703697
groupies,0.0003703703703703697
rimcouche,0.0003703703703703697
ivresse,0.0003703703703703697
vaillant,0.0003703703703703697
disputé,0.0003703703703703697
revient,0.0003703703703703697
tops,0.0003703703703703697
connaissent,0.0003703703703703697
bim-bim,0.0003703703703703697
tijuana,0.0003703703703703697
projet,0.0003703703703703697
survie,0.0003703703703703697
aurais,0.0003703703703703697
décennie,0.0003703703703703697
forums,0.0003703703703703697
brabus,0.0003703703703703697
blond,0.0003703703703703697
finales,0.0003703703703703697
rimkov,0.0003703703703703697
honneur,0.0003703703703703697
yougo,0.0003703703703703697
enregistre,0.0003703703703703697
texas,0.0003703703703703697
fierté,0.0003703703703703697
rendrais,0.0003703703703703697
appellent,0.0003703703703703697
chinetoc,0.0003703703703703697
210,0.0003703703703703697
famas,0.0003703703703703697
loin,0.0003703703703703697
harcèle,0.0003703703703703697
nordique,0.0003703703703703697
blogs,0.0003703703703703697
végas,0.0003703703703703697
blair,0.0003703703703703697
rimkuduro,0.0003703703703703697
rimkuch,0.0003703703703703697
modestie,0.0003703703703703697
tournée,0.0003703703703703697
diriger,0.0003703703703703697
putin,0.0003703703703703697
billboard,0.0003703703703703697
châtaignes,0.0003703703703703697
marabout,0.0003703703703703697
karl,0.0003703703703703697
pakito,0.0003703703703703697
arrose,0.0003703703703703697
chapkas,0.0003703703703703697
jongler,0.0003703703703703697
respecte-moi,0.0003703703703703697
animale,0.0003703703703703697
poils,0.0003703703703703697
artisanale,0.0003703703703703697
ailleurs,0.0003703703703703697
guide,0.0003703703703703697
damas,0.0003703703703703697
invite,0.0003703703703703697
karimovictch,0.0003703703703703697
arrêt,0.0003703703703703697
glacial,0.0003703703703703697
découvrent,0.0003703703703703697
lagerfeld,0.0003703703703703697
robot,0.0003703703703703697
capitaux,0.0003703703703703697
sait,0.0003703703703703697
ghettos,0.0003703703703703697
kgb,0.0003703703703703697
bleux,0.0003703703703703697
public,0.0003703703703703697
flaques,0.0003703703703703697
hardocre,0.0003703703703703697
dignement,0.0003703703703703697
rime,0.0003703703703703697
expérience,0.0003703703703703697
witch,0.0003703703703703697
enculé,0.0003703703703703697
fréro,0.0003703703703703697
kalachnikov,0.0003703703703703697
zboub,0.0003703703703703697
rimdog,0.0003703703703703697
précis,0.0003703703703703697
côté,0.00036543475768135823
futur,0.00036543475768135823
savent,0.00036543475768135823
peuvent,0.00036543475768135823
elles,0.00036543475768135823
parler,0.00036076925314945673
sport,0.00035520787262273266
donc,0.00035520787262273266
laisser,0.00035520787262273266
fera,0.00035520787262273266
calvi',0.00035520787262273266
tard,0.0003518029903254171
respectes,0.0003518029903254171
mots,0.0003518029903254171
oublie,0.0003518029903254171
mc',0.0003518029903254171
viennent,0.0003518029903254171
rappeurs,0.0003518029903254171
gens,0.00034640447896492477
placard,0.00034640447896492477
ouais,0.00034640447896492477
pourtant,0.00034640447896492477
sourire,0.0003437412976886655
politique,0.0003437412976886655
mêmes,0.0003417389744330234
finis,0.0003417389744330234
pièces,0.0003410059676044325
vue,0.0003410059676044325
peut-être,0.0003410059676044325
mères,0.0003410059676044325
matrice,0.0003410059676044325
combien,0.0003410059676044325
au-dessus,0.0003410059676044325
parlent,0.000336340463072531
taire,0.000336340463072531
casse,0.000336340463072531
olivette,0.0003316749585406296
potos,0.0003316749585406296
blacks,0.0003316749585406296
lunettes,0.0003316749585406296
fleury,0.0003316749585406296
hônnete,0.0003316749585406296
dope,0.0003316749585406296
beurs,0.0003316749585406296
port,0.0003316749585406296
fresnes,0.0003316749585406296
planqué,0.0003316749585406296
gps,0.0003316749585406296
ceinture,0.0003316749585406296
baumettes,0.0003316749585406296
prenez,0.0003316749585406296
parfois,0.0003247110189722321
penses,0.00031931250761173973
nerfs,0.00031931250761173973
race,0.00031931250761173973
merde,0.00031931250761173973
valent,0.00031931250761173973
maladies,0.00031931250761173973
lire,0.00031931250761173973
beu,0.0003189792663476868
machines,0.0003189792663476868
ramène,0.0003189792663476868
paysage,0.0003189792663476868
rolls,0.0003189792663476868
morbides,0.0003189792663476868
breakdance,0.0003189792663476868
talons,0.0003189792663476868
aleykoum,0.0003189792663476868
oui,0.0003189792663476868
caches,0.0003189792663476868
ça,0.0003189792663476868
queue,0.0003189792663476868
débâche,0.0003189792663476868
héroïques,0.0003189792663476868
mérite,0.0003189792663476868
tontons,0.0003189792663476868
snapbacks,0.0003189792663476868
royce,0.0003189792663476868
cards,0.0003189792663476868
black,0.0003189792663476868
couleur,0.0003189792663476868
valide,0.0003189792663476868
américain,0.0003189792663476868
phantom,0.0003189792663476868
trophées,0.0003189792663476868
aiguilles,0.0003189792663476868
tour,0.0003189792663476868
salam,0.0003189792663476868
beleck,0.0003189792663476868
classique,0.0003189792663476868
tomber,0.0003189792663476868
funk,0.0003189792663476868
sorti,0.0003189792663476868
mouiller,0.0003189792663476868
pile,0.0003189792663476868
tabloïds,0.0003189792663476868
house,0.0003189792663476868
night,0.0003189792663476868
masques,0.0003189792663476868
mélangé,0.0003189792663476868
blédard,0.0003189792663476868
quatre,0.00031464700307983834
trouver,0.00031464700307983834
4,0.00031464700307983834
bohneur,0.0003016591251885364
multiplié,0.0003016591251885364
gagné,0.0003016591251885364
fous,0.0003016591251885364
petites,0.0003016591251885364
impression,0.0003016591251885364
bas,0.0003016591251885364
découvert,0.0003016591251885364
crasse,0.0003016591251885364
amer,0.0003016591251885364
fini,0.0003016591251885364
spatiales,0.0003016591251885364
entendras,0.0003016591251885364
formule,0.0003016591251885364
berceau,0.0003016591251885364
tours,0.0003016591251885364
défaite,0.0003016591251885364
bleus,0.0003016591251885364
prévenu,0.0003016591251885364
trouvé,0.0003016591251885364
rendra,0.0003016591251885364
sourires,0.0003016591251885364
y'aura,0.0003016591251885364
vent,0.0003016591251885364
fragile,0.0003016591251885364
prie,0.0003016591251885364
actions,0.0003016591251885364
brillent,0.0003016591251885364
mur,0.0003016591251885364
faciles,0.0003016591251885364
mathématique,0.0003016591251885364
fruit,0.0003016591251885364
sourd,0.0003016591251885364
style,0.0003016591251885364
vraiment,0.0003016591251885364
retard,0.0003016591251885364
demi-tour,0.0003016591251885364
expériences,0.0003016591251885364
bouchons,0.0003016591251885364
jours,0.0003016591251885364
roses,0.0003016591251885364
bissextile,0.0003016591251885364
princes,0.0003016591251885364
galères,0.0003016591251885364
enclume,0.0003016591251885364
rendu,0.0003016591251885364
parcours,0.0003016591251885364
éméchés,0.0003016591251885364
armure,0.0003016591251885364
écorce,0.0003016591251885364
année,0.0003016591251885364
triste,0.0003016591251885364
co-habitent,0.0003016591251885364
rires,0.0003016591251885364
baggys,0.0003016591251885364
compris,0.0003016591251885364
sincérité,0.0003016591251885364
apitoyer,0.0003016591251885364
plume,0.0003016591251885364
échecs,0.0003016591251885364
incompris,0.0003016591251885364
empreinte,0.0003016591251885364
regard,0.0003016591251885364
sales,0.0003016591251885364
hostile,0.0003016591251885364
poésie,0.0003016591251885364
agressivité,0.0003016591251885364
urbaine,0.0003016591251885364
construis,0.0003016591251885364
fallu,0.0003016591251885364
maîtrise,0.0003016591251885364
drôles,0.0003016591251885364
pensées,0.0003016591251885364
sois,0.00029761904761904705
bière,0.00029761904761904705
est-ce,0.00029761904761904705
marché,0.00029761904761904705
baraque,0.00029761904761904705
péter,0.00029761904761904705
tournes,0.00029761904761904705
spliff,0.00029761904761904705
arme,0.00029761904761904705
euros,0.00029761904761904705
fissuré,0.0002949852507374626
saine,0.0002949852507374626
actes,0.0002949852507374626
lâchés,0.0002949852507374626
jugé,0.0002949852507374626
dettes,0.0002949852507374626
accrochés,0.0002949852507374626
nostalgie,0.0002949852507374626
gouffre,0.0002949852507374626
prozac,0.0002949852507374626
déçus,0.0002949852507374626
blanc,0.0002949852507374626
non-droit,0.0002949852507374626
héros,0.0002949852507374626
base,0.0002949852507374626
école,0.0002949852507374626
rythme,0.0002949852507374626
pénitencier,0.0002949852507374626
pisser,0.0002949852507374626
destinés,0.0002949852507374626
baccalauréat,0.0002949852507374626
allais,0.0002949852507374626
errer,0.0002949852507374626
chaussettes,0.0002949852507374626
simples,0.0002949852507374626
proche,0.0002949852507374626
eux,0.0002949852507374626
statut,0.0002949852507374626
noich,0.0002949852507374626
délaissé,0.0002949852507374626
destin,0.0002949852507374626
choix,0.0002949852507374626
construit,0.0002949852507374626
paroles,0.0002949852507374626
gaz,0.0002949852507374626
aimait,0.0002949852507374626
fragilisée,0.0002949852507374626
griller,0.0002949852507374626
zones,0.0002949852507374626
cancres,0.0002949852507374626
diplômé,0.0002949852507374626
décès,0.0002949852507374626
eps,0.0002949852507374626
autodidacte,0.0002949852507374626
facile,0.0002949852507374626
nombreuse,0.0002949852507374626
peuple,0.0002949852507374626
chômeur,0.0002949852507374626
bac-5,0.0002949852507374626
pesait,0.0002949852507374626
premiers,0.0002949852507374626
train,0.0002949852507374626
gaffes,0.0002949852507374626
défi,0.0002949852507374626
durée,0.0002949852507374626
étais,0.0002949852507374626
mélange,0.0002949852507374626
plombs,0.0002949852507374626
active,0.0002949852507374626
suffisance,0.0002949852507374626
terminale,0.0002949852507374626
confond,0.0002949852507374626
faiblesse,0.0002949852507374626
phase,0.0002949852507374626
deviens,0.0002949852507374626
battre,0.0002949852507374626
fermant,0.0002949852507374626
penser,0.0002949852507374626
connecté,0.0002949852507374626
consciences,0.0002949852507374626
sombrer,0.0002949852507374626
immeuble,0.0002949852507374626
rends,0.0002949852507374626
dessiné,0.0002949852507374626
défiguré,0.0002949852507374626
aller,0.0002949852507374626
corones,0.0002949852507374626
métissage,0.0002949852507374626
réduis,0.0002949852507374626
tappait,0.0002949852507374626
écart,0.0002949852507374626
-5,0.0002949852507374626
beur,0.0002949852507374626
go,0.00024330900243308958
algérie,0.00024330900243308958
og's,0.00024330900243308958
beau,0.00024330900243308958
condamné,0.00024330900243308958
dix,0.00024330900243308958
montes,0.00024330900243308958
cain-fri,0.00024330900243308958
tchad,0.00024330900243308958
matchs,0.00024330900243308958
jo-jo,0.00024330900243308958
partenaire,0.00024330900243308958
hauts-de-seine,0.00024330900243308958
pappy,0.00024330900243308958
gang,0.00024330900243308958
carla,0.00024330900243308958
khartoum,0.00024330900243308958
everest,0.00024330900243308958
rg,0.00024330900243308958
démocratie,0.00024330900243308958
tah,0.00024330900243308958
miami,0.00024330900243308958
clim',0.00024330900243308958
dis-moi,0.00024330900243308958
españa,0.00024330900243308958
promise,0.00024330900243308958
burkina,0.00024330900243308958
mason,0.00024330900243308958
vitry,0.00024330900243308958
négros,0.00024330900243308958
ouc',0.00024330900243308958
brûlé,0.00024330900243308958
unis,0.00024330900243308958
tièks,0.00024330900243308958
russie,0.00024330900243308958
r'montent,0.00024330900243308958
hollanda,0.00024330900243308958
bruni,0.00024330900243308958
bizz,0.00024330900243308958
bacs,0.00024330900243308958
ailes,0.00024330900243308958
life,0.00024330900243308958
mortuaire,0.00024330900243308958
cailles-ra,0.00024330900243308958
bafé,0.00024330900243308958
rire,0.00024330900243308958
folichon,0.00024330900243308958
éco,0.00024330900243308958
colombienne,0.00024330900243308958
grimer,0.00024330900243308958
lufthansa,0.00024330900243308958
cogner,0.00024330900243308958
vitriot,0.00024330900243308958
biff,0.00024330900243308958
forces,0.00024330900243308958
apprend,0.00024330900243308958
quitter,0.00024330900243308958
chaud,0.00024330900243308958
gomis,0.00024330900243308958
oufs,0.00024330900243308958
aston,0.00024330900243308958
scarlas,0.00024330900243308958
ru-rupture,0.00024330900243308958
plaire,0.00024330900243308958
brancher,0.00024330900243308958
allée,0.00024330900243308958
rapid,0.00024330900243308958
cachot,0.00024330900243308958
zeb,0.00024330900243308958
étonne,0.00024330900243308958
bâtard,0.00024330900243308958
espionnent,0.00024330900243308958
faso,0.00024330900243308958
habs,0.00024330900243308958
anthracite,0.00024330900243308958
bitch,0.00024330900243308958
foulard,0.00024330900243308958
jet,0.00024330900243308958
forum,0.00024330900243308958
container,0.00024330900243308958
hood,0.00024330900243308958
mode,0.00024330900243308958
royal,0.00024330900243308958
plat,0.00024330900243308958
smith,0.00024330900243308958
facho,0.00024330900243308958
martin,0.00024330900243308958
400,0.00024330900243308958
ter-ter,0.00024330900243308958
déterminé,0.00024330900243308958
grappling,0.00024330900243308958
homies,0.00024330900243308958
décomposition,0.00024330900243308958
panamera,0.00024330900243308958
arafat,0.00024330900243308958
ligue,0.00024330900243308958
rhout,0.00024330900243308958
h24,0.00024330900243308958
liquide,0.00024330900243308958
corbeil-essonnes,0.00024330900243308958
pe-pom,0.00024330900243308958
paris-dakar,0.00024330900243308958
sénégal,0.00024330900243308958
présidentielles,0.00024330900243308958
biz,0.00024330900243308958
wesson,0.00024330900243308958
mali,0.00024330900243308958
rayer,0.00024330900243308958
bsahtkoum,0.00024330900243308958
état,0.00023474178403755827
has-been,0.00023474178403755827
carrière,0.00023474178403755827
prison,0.00023474178403755827
acte,0.00023474178403755827
barclay,0.00023474178403755827
bombom,0.00023474178403755827
pur,0.00023474178403755827
salaires,0.00023474178403755827
lâchent,0.00023474178403755827
eau,0.00023474178403755827
rangez,0.00023474178403755827
écouter,0.00023474178403755827
compéts,0.00023474178403755827
mater,0.00023474178403755827
chavez,0.00023474178403755827
moindre,0.00023474178403755827
survole,0.00023474178403755827
bras,0.00023474178403755827
plaide,0.00023474178403755827
carlos,0.00023474178403755827
caïman,0.00023474178403755827
vend,0.00023474178403755827
chants,0.00023474178403755827
intérieur,0.00023474178403755827
observer,0.00023474178403755827
coupe,0.00023474178403755827
crosse,0.00023474178403755827
amnesia,0.00023474178403755827
partout,0.00023474178403755827
rodave,0.00023474178403755827
aura,0.00023474178403755827
mille,0.00023474178403755827
échange,0.00023474178403755827
siste-gros,0.00023474178403755827
iles,0.00023474178403755827
crevards,0.00023474178403755827
brutalement,0.00023474178403755827
confiance,0.00023474178403755827
bloqué,0.00023474178403755827
crée,0.00023474178403755827
défiance,0.00023474178403755827
hraya,0.00023474178403755827
familles,0.00023474178403755827
carte,0.00023474178403755827
communiquer,0.00023474178403755827
pigeons,0.00023474178403755827
aventure,0.00023474178403755827
charger,0.00023474178403755827
open,0.00023474178403755827
cuir,0.00023474178403755827
tropico,0.00023474178403755827
multiplie,0.00023474178403755827
vols,0.00023474178403755827
illégalement,0.00023474178403755827
vitriots,0.00023474178403755827
tevez,0.00023474178403755827
coffres,0.00023474178403755827
détail,0.00023474178403755827
art,0.00023474178403755827
gauche,0.00023474178403755827
banlieue,0.00023474178403755827
sous-marins,0.00023474178403755827
marocco,0.00023474178403755827
kamikaze,0.00023474178403755827
supporter,0.00023474178403755827
devanture,0.00023474178403755827
numéro,0.00023474178403755827
fabrique,0.00023474178403755827
oeuvre,0.00023474178403755827
hadas,0.00023474178403755827
hooligans,0.00023474178403755827
enfermé,0.00023474178403755827
soupe,0.00023474178403755827
frappe,0.00023474178403755827
ordures,0.00023474178403755827
niquer,0.00023474178403755827
again,0.00023474178403755827
and,0.00023474178403755827
v12,0.00023474178403755827
tableaux,0.00023474178403755827
game,0.00023474178403755827
calèche,0.00023474178403755827
manque,0.00023474178403755827
reverras,0.00023474178403755827
quartiers,0.00023474178403755827
bijoux,0.00023474178403755827
pablo,0.00023474178403755827
bravoure,0.00023474178403755827
tôt,0.00023474178403755827
montagne,0.00023474178403755827
gilets,0.00023474178403755827
foules,0.00023474178403755827
lv,0.00023474178403755827
folie,0.00023474178403755827
agresse,0.00023474178403755827
sortent,0.00023474178403755827
mesdames,0.00023474178403755827
triangle,0.00023474178403755827
plastiquer,0.00023474178403755827
branche,0.00023474178403755827
chui,0.00023474178403755827
sacem,0.00023474178403755827
trafiquant,0.00023474178403755827
oppresse,0.00023474178403755827
cabez,0.00023474178403755827
empiler,0.00023474178403755827
pare-balles,0.00023474178403755827
disent,0.00023474178403755827
désolé,0.00023474178403755827
sape,0.00023474178403755827
gratte,0.00023474178403755827
attirer,0.00023474178403755827
prêts,0.00023474178403755827
mexico,0.00023474178403755827
amitié,0.00023474178403755827
air,0.00023474178403755827
festins,0.00020639834881320914
bande-dessinée,0.00020639834881320914
caisses,0.00020639834881320914
crever,0.00020639834881320914
moralité,0.00020639834881320914
in,0.00020639834881320914
russes,0.00020639834881320914
clics,0.00020639834881320914
boites,0.00020639834881320914
league,0.00020639834881320914
fortune,0.00020639834881320914
canal,0.00020639834881320914
fournisseurs,0.00020639834881320914
sévices,0.00020639834881320914
couler,0.00020639834881320914
baisses,0.00020639834881320914
mesrine,0.00020639834881320914
passent,0.00020639834881320914
vendu,0.00020639834881320914
s,0.00020639834881320914
cuite,0.00020639834881320914
tentations,0.00020639834881320914
familia,0.00020639834881320914
y'aurait,0.00020639834881320914
butent,0.00020639834881320914
camouflage,0.00020639834881320914
sensations,0.00020639834881320914
profite,0.00020639834881320914
caféine,0.00020639834881320914
danger,0.00020639834881320914
of,0.00020639834881320914
cognent,0.00020639834881320914
terribles,0.00020639834881320914
call,0.00020639834881320914
techniques,0.00020639834881320914
stud',0.00020639834881320914
écris,0.00020639834881320914
coquines,0.00020639834881320914
potes,0.00020639834881320914
seule,0.00020639834881320914
ed,0.00020639834881320914
basses,0.00020639834881320914
passoire,0.00020639834881320914
gestes,0.00020639834881320914
numérique,0.00020639834881320914
rimes,0.00020639834881320914
cigares,0.00020639834881320914
lidl,0.00020639834881320914
duty,0.00020639834881320914
mangas,0.00020639834881320914
décor,0.00020639834881320914
facebook,0.00020639834881320914
all,0.00020639834881320914
officiels,0.00020639834881320914
écrit,0.00020639834881320914
naruto,0.00020639834881320914
poker,0.00020639834881320914
bécanes,0.00020639834881320914
allume,0.00020639834881320914
champions,0.00020639834881320914
talent,0.00020639834881320914
boue,0.00020639834881320914
cuba,0.00020639834881320914
disney,0.00020639834881320914
jet-skis,0.00020639834881320914
concerts,0.00020639834881320914
dates,0.00020639834881320914
americans,0.00020639834881320914
sports,0.00020639834881320914
drogue,0.00020639834881320914
plantation,0.00020639834881320914
frénésik,0.00020639834881320914
cubes,0.00020639834881320914
vikings,0.00020639834881320914
pause,0.00020639834881320914
maquillage,0.00020639834881320914
interim,0.00020639834881320914
télé-gastro-réalité,0.00020639834881320914
grâce,0.00020639834881320914
blessent,0.00020639834881320914
quelle,0.00020639834881320914
shopping,0.00020639834881320914
centimètres,0.00020639834881320914
no-lifes,0.00020639834881320914
jacques,0.00020639834881320914
snatch,0.00020639834881320914
tweet,0.00020639834881320914
trouve,0.00020639834881320914
historique,0.00020639834881320914
péril,0.00020639834881320914
escroqueries,0.00020639834881320914
hasard,0.00020639834881320914
bientôt,0.00020639834881320914
beauties,0.00020639834881320914
mickey,0.00020639834881320914
cachent,0.00020639834881320914
ruse,0.00020639834881320914
cuisses,0.00020639834881320914
détonation,0.00020639834881320914
température,0.00019493177387914194
collèges,0.00019493177387914194
rover,0.00019493177387914194
pourboires,0.00019493177387914194
rebeue,0.00019493177387914194
cambriolages,0.00019493177387914194
beau-beau-beaucoup,0.00019493177387914194
interprète,0.00019493177387914194
range,0.00019493177387914194
réalisateur,0.00019493177387914194
gants,0.00019493177387914194
high,0.00019493177387914194
touché,0.00019493177387914194
éden,0.00019493177387914194
colonial,0.00019493177387914194
producteur,0.00019493177387914194
ideal,0.00019493177387914194
fuck,0.00019493177387914194
imagine,0.00019493177387914194
coulé,0.00019493177387914194
rejoindre,0.00019493177387914194
regrette,0.00019493177387914194
stick,0.00019493177387914194
vomis,0.00019493177387914194
grincer,0.00019493177387914194
joysticks,0.00019493177387914194
volupté,0.00019493177387914194
casquer,0.00019493177387914194
arrêter,0.00019493177387914194
cess',0.00019493177387914194
faché,0.00019493177387914194
prénom,0.00019493177387914194
bonne,0.00019493177387914194
détruire,0.00019493177387914194
impacts,0.00019493177387914194
présent,0.00019493177387914194
délit,0.00019493177387914194
salaud,0.00019493177387914194
payaient,0.00019493177387914194
neh-neh,0.00019493177387914194
dollar,0.00019493177387914194
baver,0.00019493177387914194
cran,0.00019493177387914194
ban-ban-banlieue,0.00019493177387914194
k,0.00019493177387914194
caves,0.00019493177387914194
puissant,0.00019493177387914194
assurance,0.00019493177387914194
écrouler,0.00019493177387914194
humeur,0.00019493177387914194
illégalité,0.00019493177387914194
polémique,0.00019493177387914194
tei-teilles,0.00019493177387914194
couché,0.00019493177387914194
reconstruire,0.00019493177387914194
divisé,0.00019493177387914194
écrase,0.00019493177387914194
oseille,0.00019493177387914194
coke,0.00019493177387914194
parti,0.00019493177387914194
bracos,0.00019493177387914194
tai,0.00019493177387914194
qualité,0.00019493177387914194
lacoste,0.00019493177387914194
envoyer,0.00019493177387914194
dépanner,0.00019493177387914194
étaient,0.00019493177387914194
biches,0.00019493177387914194
pose,0.00019493177387914194
tombée,0.00019493177387914194
bériz,0.00019493177387914194
blackos,0.00019493177387914194
kadhafi,0.00019493177387914194
chaleur,0.00019493177387914194
pars,0.00019493177387914194
pierre,0.00019493177387914194
dents,0.00019493177387914194
métau,0.00019493177387914194
certains,0.00019493177387914194
élé-légant,0.00019493177387914194
casque,0.00019493177387914194
cautionne,0.00019493177387914194
freestyle,0.00019493177387914194
ombre,0.00019493177387914194
province,0.00019493177387914194
96,0.00019493177387914194
crève,0.00019493177387914194
boire,0.00019493177387914194
graph',0.00019493177387914194
prises,0.00019493177387914194
finit,0.00019493177387914194
accompagné,0.00019493177387914194
frénésique,0.00019493177387914194
écoute,0.00019493177387914194
auteur,0.00019493177387914194
répond,0.00019493177387914194
méprisant,0.00019493177387914194
éditeur,0.00019493177387914194
moins,0.00019493177387914194
client,0.00019493177387914194
conducteur,0.00019493177387914194
hijab,0.00019493177387914194
testos',0.00019493177387914194
taff',0.00019493177387914194
recellais,0.00019493177387914194
crois,0.00019493177387914194
jà,0.00019493177387914194
j,0.00019493177387914194
fun,0.00019493177387914194
mangé,0.00019493177387914194
brisée,0.00019493177387914194
apporte,0.00019493177387914194
vaisseau,0.00019493177387914194
robeux,0.00019493177387914194
casquettes,0.00019493177387914194
plusieurs,0.00019493177387914194
compositeur,0.00019493177387914194
call-girl,0.00019493177387914194
monte,0.00019493177387914194
griffe,0.00019493177387914194
ami,0.00019493177387914194
nostalgiques,0.00019493177387914194
40°c,0.00019493177387914194
protection,0.00019493177387914194
climatiseur,0.00019493177387914194
fumer,0.00019493177387914194
mégots,0.00019493177387914194
bédo,0.00019493177387914194
banlieues,0.00019493177387914194
union,0.00019493177387914194
médocs,0.00019493177387914194
rétroviseur,0.00019493177387914194
prisons,0.00019493177387914194
dois,0.00019493177387914194
écrasé,0.00019493177387914194
victoires,0.00019493177387914194
trafiquais,0.00019493177387914194
obligé,0.00019493177387914194
jaloux,0.00019493177387914194
savais,0.00019493177387914194
perché,0.00019493177387914194
favela,0.00019493177387914194
anthologique,0.00019493177387914194
pointures,0.00019493177387914194
écran,0.00019493177387914194
cimetière,0.00019493177387914194
méprise,0.00019493177387914194
mat',0.00017590149516270856
vont,0.00017590149516270856
ba,0.00017590149516270856
factures,0.00017590149516270856
signé,0.00017590149516270856
bile,0.00017590149516270856
ssus,0.00017590149516270856
poings,0.00017590149516270856
baffes,0.00017590149516270856
motivent,0.00017590149516270856
douleur,0.00017590149516270856
restent,0.00017590149516270856
enchaîne,0.00017590149516270856
grade,0.00017590149516270856
crèvent,0.00017590149516270856
tsonga,0.00017590149516270856
tiens,0.00017590149516270856
beaux,0.00017590149516270856
liens,0.00017590149516270856
tunes,0.00017590149516270856
tiré,0.00017590149516270856
poubelle,0.00017590149516270856
autre,0.00017590149516270856
arc-en-ciel,0.00017590149516270856
chie,0.00017590149516270856
menottes,0.00017590149516270856
puristes,0.00017590149516270856
khadafi,0.00017590149516270856
business,0.00017590149516270856
camion,0.00017590149516270856
majors,0.00017590149516270856
démunis,0.00017590149516270856
traîné,0.00017590149516270856
encaissé,0.00017590149516270856
vers,0.00017590149516270856
bercy,0.00017590149516270856
vomi,0.00017590149516270856
dizaines,0.00017590149516270856
vieux,0.00017590149516270856
lyrics,0.00017590149516270856
bosser,0.00017590149516270856
enfin,0.00017590149516270856
buzz,0.00017590149516270856
sucer,0.00017590149516270856
merveilles,0.00017590149516270856
humain,0.00017590149516270856
là-bas,0.00017590149516270856
rajoute,0.00017590149516270856
boîte,0.00017590149516270856
renforce,0.00017590149516270856
ouvre,0.00017590149516270856
horizon,0.00017590149516270856
autour,0.00017590149516270856
maussade,0.00017590149516270856
jusqu'à,0.00017590149516270856
agite,0.00017590149516270856
flambe,0.00017590149516270856
charme,0.00017590149516270856
baise,0.00017590149516270856
quinze,0.00017590149516270856
jo-wilfried,0.00017590149516270856
auto,0.00017590149516270856
routine,0.00017590149516270856
cris,0.00017590149516270856
réelles,0.00017590149516270856
dédie,0.00017590149516270856
entorses,0.00017590149516270856
soeurs,0.00017590149516270856
couleurs,0.00017590149516270856
notes,0.00017590149516270856
sombre,0.00017590149516270856
compagnon,0.00017590149516270856
douleurs,0.00017590149516270856
merci,0.00017590149516270856
inspires,0.00017590149516270856
uni,0.00017590149516270856
gardé,0.00017590149516270856
police,0.00017590149516270856
salles,0.00017590149516270856
samples,0.00017590149516270856
canaliser,0.00017590149516270856
allégé,0.00017590149516270856
descendre,0.00017590149516270856
donné,0.00017590149516270856
peiné,0.00017590149516270856
lèvent,0.00017590149516270856
taxi,0.00017590149516270856
bling-bling,0.00017590149516270856
réussites,0.00017590149516270856
torse,0.00017590149516270856
sons,0.00017590149516270856
d,0.00017590149516270856
conseil,0.00017590149516270856
direz,0.00017590149516270856
piges,0.00017590149516270856
rêves,0.00017590149516270856
thaïlande,0.00017590149516270856
discours,0.00017590149516270856
brouillard,0.00017590149516270856
rétrograde,0.00017590149516270856
album,0.00017590149516270856
préparé,0.00017590149516270856
breaks,0.00017590149516270856
gueules,0.00017590149516270856
ambitions,0.00017590149516270856
naître,0.00017590149516270856
sages,0.00017590149516270856
plumes,0.00017590149516270856
défendre,0.00017590149516270856
r'n'b,0.00017590149516270856
buté,0.00017590149516270856
houston,0.00017590149516270856
gares-ci,0.00017590149516270856
pseudo,0.00017590149516270856
enraillé,0.00017590149516270856
cellophane,0.00017590149516270856
gère,0.00017590149516270856
icônes,0.00017590149516270856
guirlande,0.00017590149516270856
tune,0.00017590149516270856
fans,0.00017590149516270856
sacrés,0.00017590149516270856
infortune,0.00017590149516270856
gamberge,0.00017590149516270856
ennemis,0.00017590149516270856
brigades,0.00017590149516270856
us,0.00017590149516270856
jackson,0.00017590149516270856
pensez,0.00017590149516270856
soldat,0.00017590149516270856
pare-soleil,0.00017590149516270856
autarcie,0.00017590149516270856
peines,0.00017590149516270856
lionel,0.00017590149516270856
sommeil,0.00017590149516270856
suite,0.00017590149516270856
interviennent,0.00017590149516270856
six,0.00017590149516270856
jamaïcains,0.00017050298380221626
là,0.00017050298380221626
discount,0.00017050298380221626
patron,0.00017050298380221626
mal-être,0.00017050298380221626
lady,0.00017050298380221626
fac,0.00017050298380221626
bienvenu,0.00017050298380221626
pièce,0.00017050298380221626
vomir,0.00017050298380221626
possible,0.00017050298380221626
hah,0.00017050298380221626
journaux,0.00017050298380221626
entend,0.00017050298380221626
gav,0.00017050298380221626
condoléances,0.00017050298380221626
épuisée,0.00017050298380221626
secrétaire,0.00017050298380221626
voudrait,0.00017050298380221626
dure,0.00017050298380221626
soutien,0.00017050298380221626
montaigne,0.00017050298380221626
commis,0.00017050298380221626
milieu,0.00017050298380221626
organisée,0.00017050298380221626
consomme,0.00017050298380221626
catin,0.00017050298380221626
ter-ters,0.00017050298380221626
psy,0.00017050298380221626
hyènes,0.00017050298380221626
roumains,0.00017050298380221626
essaye,0.00017050298380221626
lionne,0.00017050298380221626
avocat,0.00017050298380221626
éloigne,0.00017050298380221626
parcelle,0.00017050298380221626
tampax,0.00017050298380221626
chiens,0.00017050298380221626
al,0.00017050298380221626
diamants,0.00017050298380221626
ressortent,0.00017050298380221626
bleu,0.00017050298380221626
ouvres,0.00017050298380221626
gaga,0.00017050298380221626
ramoné,0.00017050298380221626
venez,0.00017050298380221626
indemnes,0.00017050298380221626
laisses,0.00017050298380221626
lèves,0.00017050298380221626
machine,0.00017050298380221626
avenue,0.00017050298380221626
départ,0.00017050298380221626
niquez,0.00017050298380221626
sieste,0.00017050298380221626
vieilles,0.00017050298380221626
excite,0.00017050298380221626
drogues,0.00017050298380221626
fume,0.00017050298380221626
avez,0.00017050298380221626
jouer,0.00017050298380221626
marre,0.00017050298380221626
tabac,0.00017050298380221626
asseoir,0.00017050298380221626
sagesse,0.00017050298380221626
armoire,0.00017050298380221626
joints,0.00017050298380221626
farces,0.00017050298380221626
pétrin,0.00017050298380221626
cotise,0.00017050298380221626
tei-teille,0.00017050298380221626
médecins,0.00017050298380221626
meurent,0.00017050298380221626
tabouret,0.00017050298380221626
bute,0.00017050298380221626
jette,0.00017050298380221626
été,0.00017050298380221626
dès,0.00017050298380221626
voulu,0.00017050298380221626
meurtre,0.00017050298380221626
farc,0.00017050298380221626
fenêtre,0.00017050298380221626
émirs,0.00017050298380221626
bundy,0.00017050298380221626
jardin,0.00017050298380221626
bâtiment,0.00017050298380221626
honte,0.00017050298380221626
look,0.00017050298380221626
défaut,0.00017050298380221626
éduqué,0.00017050298380221626
crash-test,0.00017050298380221626
sers,0.00017050298380221626
molaires,0.00017050298380221626
animalier,0.00017050298380221626
gosse,0.00017050298380221626
arrivés,0.00017050298380221626
agresseur,0.00017050298380221626
jeter,0.00017050298380221626
soeur,0.00017050298380221626
garde,0.00017050298380221626
marchent,0.00017050298380221626
noir,0.00017050298380221626
faciès,0.00017050298380221626
manche,0.00017050298380221626
sierra,0.00017050298380221626
braquer,0.00017050298380221626
fab,0.00017050298380221626
pardonnez-moi,0.00017050298380221626
vente,0.00017050298380221626
corleone,0.00017050298380221626
geste,0.00017050298380221626
fermer,0.00017050298380221626
tranquillement,0.00017050298380221626
fenêtres,0.00017050298380221626
quon,0.00017050298380221626
casse-pipe,0.00017050298380221626
dansent,0.00017050298380221626
croques,0.00017050298380221626
asseyait,0.00017050298380221626
repères,0.00017050298380221626
arrogante,0.00017050298380221626
anti-dépresseur,0.00017050298380221626
ferme-là,0.00017050298380221626
lionnes,0.00017050298380221626
accélère,0.00017050298380221626
parce,0.00017050298380221626
comptes,0.00017050298380221626
mériteraient,0.00017050298380221626
autant,0.00017050298380221626
hs,0.00017050298380221626
sortir,0.00017050298380221626
dures,0.00017050298380221626
bâti,0.00017050298380221626
maintenant,0.00017050298380221626
viendra,0.00017050298380221626
éteint,0.00017050298380221626
auditions,0.00017050298380221626
dent,0.00017050298380221626
élire,0.00017050298380221626
métabolisme,0.00017050298380221626
sui,0.00017050298380221626
donnez,0.00017050298380221626
contrôlé,0.00017050298380221626
épaules,0.00017050298380221626
leone,0.00017050298380221626
faisaient,0.00017050298380221626
calme,0.00017050298380221626
verbaliser,0.00017050298380221626
office,0.00017050298380221626
supermarché,0.00017050298380221626
concurrence,0.00017050298380221626
vas,0.00017050298380221626
parc,0.00017050298380221626
homer,0.00017050298380221626
café,0.00017050298380221626
magasins,0.00017050298380221626
lendemain,0.00017050298380221626
joue,0.00017050298380221626
banlieusard,0.0001658374792703148
démarrage,0.0001658374792703148
kil',0.0001658374792703148
suuud,0.0001658374792703148
contrôles,0.0001658374792703148
suit,0.0001658374792703148
flipper,0.0001658374792703148
compet,0.0001658374792703148
empilés,0.0001658374792703148
ordres,0.0001658374792703148
city,0.0001658374792703148
sbahr,0.0001658374792703148
mètres,0.0001658374792703148
démarre,0.0001658374792703148
billets,0.0001658374792703148
chauffer,0.0001658374792703148
dps,0.0001658374792703148
bouton,0.0001658374792703148
tieqs,0.0001658374792703148
youporn,0.0001658374792703148
sorties,0.0001658374792703148
magnum,0.0001658374792703148
pompette,0.0001658374792703148
chiottes,0.0001658374792703148
tournez,0.0001658374792703148
pots,0.0001658374792703148
êtes,0.0001658374792703148
pitbull,0.0001658374792703148
n19,0.0001658374792703148
fouquet's,0.0001658374792703148
attitude,0.0001658374792703148
100,0.0001658374792703148
parking,0.0001658374792703148
coupette,0.0001658374792703148
assises,0.0001658374792703148
arracher,0.0001658374792703148
pète,0.0001658374792703148
e54,0.0001658374792703148
affût,0.0001658374792703148
cornes,0.0001658374792703148
rafale,0.0001658374792703148
tiroir-caisse,0.0001658374792703148
parrain,0.0001658374792703148
mayas,0.0001658374792703148
drapeau,0.0001658374792703148
perchés,0.0001658374792703148
localiser,0.0001658374792703148
noyée,0.0001658374792703148
pack,0.0001658374792703148
frénésie,0.0001658374792703148
europe,0.0001658374792703148
c,0.0001658374792703148
qatar,0.0001658374792703148
stud,0.0001658374792703148
mondeo,0.0001658374792703148
algérien,0.0001658374792703148
sert,0.0001658374792703148
bâtards,0.0001658374792703148
audi,0.0001658374792703148
mental,0.0001658374792703148
mènent,0.0001658374792703148
2ème,0.0001658374792703148
hall,0.0001658374792703148
jordan,0.0001658374792703148
impossible,0.0001658374792703148
procès,0.0001658374792703148
chemins,0.0001658374792703148
6,0.0001658374792703148
gaulle,0.0001658374792703148
arrivé,0.0001658374792703148
pendant,0.0001658374792703148
genoux,0.0001658374792703148
videurs,0.0001658374792703148
assistent,0.0001658374792703148
amérique,0.0001658374792703148
racistes,0.0001658374792703148
crier,0.0001658374792703148
personnalisées,0.0001658374792703148
exploite,0.0001658374792703148
rer,0.0001658374792703148
kings,0.0001658374792703148
roquette,0.0001658374792703148
rs,0.0001658374792703148
phuket,0.0001658374792703148
6-6-63,0.0001658374792703148
charles,0.0001658374792703148
zahia,0.0001658374792703148
véhicule,0.0001658374792703148
président,0.0001658374792703148
chasse,0.0001658374792703148
défoncent,0.00014880952380952352
fouetter,0.00014880952380952352
écartés,0.00014880952380952352
paieras,0.00014880952380952352
bourse,0.00014880952380952352
salasse,0.00014880952380952352
prise,0.00014880952380952352
diner,0.00014880952380952352
coins,0.00014880952380952352
table,0.00014880952380952352
demandes,0.00014880952380952352
devenir,0.00014880952380952352
salement,0.00014880952380952352
crèves,0.00014880952380952352
ramasser,0.00014880952380952352
branler,0.00014880952380952352
gratuit,0.00014880952380952352
seine,0.00014880952380952352
foutu,0.00014880952380952352
chardonnay,0.00014880952380952352
balance,0.00014880952380952352
dévie,0.00014880952380952352
infatigable,0.00014880952380952352
promenade,0.00014880952380952352
journal,0.00014880952380952352
bara,0.00014880952380952352
parait,0.00014880952380952352
infectes,0.00014880952380952352
répartis,0.00014880952380952352
rasoir,0.00014880952380952352
empirer,0.00014880952380952352
afghanistan,0.00014880952380952352
euthanasie,0.00014880952380952352
crie,0.00014880952380952352
approche,0.00014880952380952352
vas-y,0.00014880952380952352
jouets,0.00014880952380952352
combattre,0.00014880952380952352
corruption,0.00014880952380952352
cul,0.00014880952380952352
usa,0.00014880952380952352
barbe,0.00014880952380952352
fond',0.00014880952380952352
webcam,0.00014880952380952352
paradoxe,0.00014880952380952352
ensembles,0.00014880952380952352
disque,0.00014880952380952352
chies,0.00014880952380952352
fichier,0.00014880952380952352
200,0.00014880952380952352
mine,0.00014880952380952352
gangster,0.00014880952380952352
marelle,0.00014880952380952352
bise,0.00014880952380952352
collectif,0.00014880952380952352
vidéos,0.00014880952380952352
carap',0.00014880952380952352
cheval,0.00014880952380952352
sexe,0.00014880952380952352
pirogue,0.00014880952380952352
slip,0.00014880952380952352
tombe,0.00014880952380952352
hram,0.00014880952380952352
coupé,0.00014880952380952352
livre,0.00014880952380952352
aile,0.00014880952380952352
réservoir,0.00014880952380952352
vivant,0.00014880952380952352
gangs,0.00014880952380952352
printemps,0.00014880952380952352
prolétaire,0.00014880952380952352
vietnam,0.00014880952380952352
télévisé,0.00014880952380952352
draguer,0.00014880952380952352
laissé,0.00014880952380952352
cuisse,0.00014880952380952352
aid,0.00014880952380952352
obama,0.00014880952380952352
finance,0.00014880952380952352
frigo,0.00014880952380952352
troie,0.00014880952380952352
jouent,0.00014880952380952352
jonquera,0.00014880952380952352
maurice,0.00014880952380952352
poil,0.00014880952380952352
fantasme,0.00014880952380952352
moul,0.00014880952380952352
agressif,0.00014880952380952352
happy,0.00014880952380952352
nourrice,0.00014880952380952352
utopique,0.00014880952380952352
burnmen,0.00014880952380952352
marais,0.00014880952380952352
promène,0.00014880952380952352
préfère,0.00014880952380952352
tises,0.00014880952380952352
dirigé,0.00014880952380952352
cachetonne,0.00014880952380952352
résultat,0.00014880952380952352
charbonner,0.00014880952380952352
crédit,0.00014880952380952352
gamin,0.00014880952380952352
hnin,0.00014880952380952352
palestine,0.00014880952380952352
russe,0.00014880952380952352
condés,0.00014880952380952352
pédophile,0.00014880952380952352
grande,0.00014880952380952352
arrêtes,0.00014880952380952352
dîn,0.00014880952380952352
moubarak,0.00014880952380952352
baissée,0.00014880952380952352
sheitan,0.00014880952380952352
enterrent,0.00014880952380952352
assouvi,0.00014880952380952352
bourré,0.00014880952380952352
pale,0.00014880952380952352
fil,0.00014880952380952352
recherche,0.00014880952380952352
lards,0.00014880952380952352
cogne,0.00014880952380952352
devenu,0.00014880952380952352
tards-ba,0.00014880952380952352
banditisme,0.00014880952380952352
deuxième,0.00014880952380952352
y'en,0.00014880952380952352
tifs,0.00014880952380952352
vinasse,0.00014880952380952352
traders,0.00014880952380952352
comptent,0.00014880952380952352
moray,0.00014880952380952352
cadavre,0.00014880952380952352
moyen,0.00014880952380952352
marmonnes,0.00014880952380952352
laisseras,0.00014880952380952352
poser,0.00014880952380952352
grille,0.00014880952380952352
testament,0.00014880952380952352
voyous,0.00014880952380952352
bat,0.00014880952380952352
résiste,0.00014880952380952352
désistes,0.00014880952380952352
humoriste,0.00014880952380952352
portière,0.00014880952380952352
fatigués,0.00014880952380952352
chat,0.00014880952380952352
allant,0.00014880952380952352
jnoun,0.00014880952380952352
braque,0.00014880952380952352
émergents,0.00014880952380952352
coopère,0.00014880952380952352
aimerais,0.00014880952380952352
faubourgs,0.00014880952380952352
applaudissez,0.00014880952380952352
appart',0.00014880952380952352
fous-toi,0.00014880952380952352
tape,0.00014880952380952352
uniquement,0.00014880952380952352
uzi,0.00014880952380952352
mourir,0.00014880952380952352
rares,0.00014880952380952352
dispute,0.00014880952380952352
offrira,0.00014880952380952352
dociles,0.00014880952380952352
salafiste,0.00014880952380952352
asile,0.00014880952380952352
pudeur,0.00014880952380952352
disparus,0.00014880952380952352
dessouder,0.00014880952380952352
tuez-nous,0.00014880952380952352
birthday,0.00014880952380952352
paiera,0.00014880952380952352
courses,0.00014880952380952352
opéra,0.00014880952380952352
hechek,0.00014880952380952352
attaquent,0.00014880952380952352
voisin,0.00014880952380952352
lourde,0.00014880952380952352
notoires,0.00014880952380952352
surendettement,0.00014880952380952352
vivent,0.00014880952380952352
grossistes,0.00014880952380952352
quel,0.00014880952380952352
yoyo,0.00014880952380952352
milliardaire,0.00014880952380952352
3d,0.00014880952380952352
ambiance,0.00014880952380952352
sadomasochiste,0.00014880952380952352
perd,0.00014880952380952352
savoir,0.00014880952380952352
vampire,0.00014880952380952352
terter,0.00014880952380952352
mondiale,0.00014880952380952352
planque,0.00014880952380952352
mineurs,0.00014880952380952352
mois,0.00014880952380952352
passés,0.00014880952380952352
lourd,0.00014880952380952352
prince,0.00014880952380952352
remplir,0.00014880952380952352
appelle-moi,0.00014880952380952352
balle,0.00014880952380952352
chargées,0.00014880952380952352
bander,0.00014880952380952352
hagar,0.00014880952380952352
concombres,0.00014880952380952352
mentalité,0.00014880952380952352
gueule,0.00014880952380952352
kiff,0.00014880952380952352
brinks,0.00014880952380952352
signes,0.00014880952380952352
suisse,0.00014880952380952352
attend,0.00014880952380952352
racontes,0.00014880952380952352
assister,0.00014880952380952352
traite,0.00014880952380952352
barack,0.00014880952380952352
trois,0.00014880952380952352
arrête,0.00014880952380952352
vol,0.00014880952380952352
indigné,0.00014880952380952352
mômes,0.00014880952380952352
