je,0.09802740565773635
elle,0.013087826981958345
sku,0.01126615813442823
pour,0.011259699958213338
eh,0.009218898315829558
ouh,0.00881849925424059
tout,0.008725391946364696
wow,0.008405113328445273
comme,0.008016714392164313
hey,0.007132849620041679
ouais,0.006186963070775475
oh,0.006048497677942893
quand,0.006045042432794208
y,0.0050432422200065745
faut,0.00500187344131838
bro,0.004568880237974401
the,0.0045021776690455815
moi,0.004464524674795087
il,0.004411510092654243
même,0.004387937077289171
trop,0.00435495362134078
pute,0.004294909027023389
toi,0.004024610285065901
bye,0.003979553791903689
cash,0.0038765995146848747
ah,0.0037525604528228676
nous,0.0037353405288905643
my,0.003620160562608664
liasse,0.003575112038477189
as,0.003361483180251846
fuck,0.00325856209778538
sous,0.003199912016867592
ça,0.0031945632613915452
mère,0.003136459036574379
fils,0.003114718270759685
va,0.003031619155376065
awa,0.0029382396279845264
nigga,0.0029382396279845264
mafia,0.0029382396279845264
deux,0.0029076611465350143
vie,0.0028859991312295647
rien,0.002771424285776641
mmh,0.002683398954404547
mula,0.002653693056169834
par,0.0025894119346772343
rentre,0.002564336222322904
mets,0.0025441253730244993
sait,0.0025296765894108277
prends,0.002491433655333908
bien,0.0024872939465677103
connais,0.0024445271987451568
mort,0.0024387399785309105
peux,0.0023442716643039545
donc,0.002285641829970819
han,0.0022685839073508787
bang,0.0022214266103719733
baise,0.0022207073058907348
bitch,0.002180831108611614
wo,0.002168250506681506
vais,0.002143174518792674
jamais,0.0020602090532278465
sais,0.002028822767612737
comment,0.001985719563978936
fois,0.001980589686969926
feu,0.0019548566717745262
sac,0.0019402328840385401
veut,0.0019144789568234335
zola,0.0019012412179934466
futtry,0.0018862185266359391
aime,0.0018461612368889022
envoie,0.0018216672429509253
coeur,0.001811012781969252
gang,0.001809779387324797
passe,0.0018079218334585713
négros,0.001803460738309571
lui,0.0017880252202985177
dis-moi,0.0017691287041132226
là,0.001758781730663537
trouve,0.00172560488060657
vois,0.0017238941305133656
blanc,0.001716247139588099
c,0.0016539936913991073
sors,0.0016328837875216825
kilo,0.0016294920446842678
monde,0.0016173595297374126
négro,0.0016106296430319256
vrai,0.001528140904030935
vroum,0.001493134601660656
tou-tou-tou-tou,0.0014929272240567126
coupé,0.0014670301778242113
paire,0.0014654619821753334
gun,0.0014577193585130796
parle,0.0014355862375985905
bruit,0.0014322178302107829
aux,0.0014320372494657705
dis,0.0014278666638511245
était,0.001415233640899064
jolie,0.0014028880250160994
personne,0.0013733354284039079
mal,0.0013694474931880876
gros,0.001348847776512981
rah,0.0013324450366422372
gucci,0.0013282127431656094
pense,0.0013262125076458477
monnaie,0.0013248670737898668
house,0.0013129706253607381
toujours,0.0013092584701040397
brr,0.001295998948778595
'teilles,0.0012871853546910744
parce,0.0012702157076164024
shit,0.0012700307098455067
essaye,0.0012365729798038882
ha,0.0012308410854540068
ouvre,0.0012268596994333939
pétard,0.0012231233750945236
cette,0.0012188798788301185
crois,0.001197042355285572
volant,0.0011813012143719094
prendre,0.0011723797199720606
dope,0.0011662152078507108
mettre,0.0011616539954270445
gueule,0.0011518619626973317
zolaski,0.0011435444306461579
vas,0.001124347650893303
rappe,0.0011217790532803936
pire,0.001119782915809416
boy,0.0011111652559158743
oui,0.001109276522866247
chargée,0.001108033240997229
voit,0.001108033240997229
club,0.0011069483648349129
direct,0.0011053607521262095
tour,0.001090347411972384
affaires,0.0010900554553805318
bad,0.001089164771275397
beuh,0.0010890577808882003
billets,0.0010879272982847325
you,0.0010754754241856532
pose,0.001070471411464739
chez,0.001067715418913195
go,0.001067710824907984
sheesh,0.0010617321401486415
plan,0.001054868075964937
oublier,0.0010528573378307227
vert,0.0010470205512591038
poh,0.0010450815262225337
soir,0.0010442044019299877
ont,0.0010354707688725916
bras,0.0010321573192230682
100,0.0010308797886947852
pétasse,0.0010177043833665335
passer,0.0010174728428003978
leur,0.0010124738501547154
sale,0.001006005928975273
part,0.0010044596024941996
peut,0.0010035630805596066
quoi,0.0009947023841620694
reste,0.0009804542728798788
encaisse,0.0009769202588838677
'blier,0.0009769202588838677
ghini,0.0009769202588838677
silencieux,0.0009766223985066321
prêts,0.0009627727856225921
laisse,0.0009573502018165316
autres,0.0009563768308777849
is,0.0009476558169091196
allô,0.0009446506599117201
sera,0.0009414090902913928
tous,0.0009409096315888652
meilleur,0.0009351107089765445
viens,0.0009278245150656444
wouh,0.0009265931253257771
liasses,0.0009218562208561789
cache,0.0009192617717958414
perds,0.0009166073134840382
déplace,0.000914556676647326
pister,0.000913823019086176
bank,0.0009126863401277751
paw,0.0009118261639206305
shoote,0.00090919945671912
dix,0.0008975337864968778
kichta,0.000890547658059215
voudrait,0.0008872733655457913
change,0.0008865984938087341
paris,0.0008834800114501375
chienne,0.0008820312755620244
équipe,0.0008809335024667173
sort,0.0008753411314087212
allume,0.0008685330859487129
puristes,0.0008663634394628539
ok,0.0008639855693903673
dos,0.0008633556869393206
déjà,0.0008629600528167227
toutes,0.0008618919743524787
vêtements,0.000859319423289318
maintenant,0.000859319423289318
i,0.0008582454005412061
cent,0.0008581235697940495
9113,0.0008581235697940495
voix,0.0008581235697940495
pris,0.0008577594353770915
grosse,0.0008569413810117
zolasku,0.0008548052265233842
tablier,0.0008548052265233842
hermanos,0.0008548052265233842
greffé,0.0008548052265233842
peuf',0.0008523332623055607
maxi,0.0008523332623055607
fume,0.0008486032834715251
évite,0.0008481358399286082
dois,0.0008332001502508754
seins,0.0008287782528586441
juste,0.0008191039842713655
putes,0.0008177631312000816
20,0.0008158752177058479
erh,0.0008097165991902827
voir,0.0008068714705283115
money,0.0008021277620832693
kilos,0.0007968115533173464
parking,0.0007964274848972134
beaucoup,0.0007749325890611669
quatre,0.0007748034331833608
porsche,0.0007734468357822631
jusqu'à,0.0007728276645646914
hein,0.0007637849772492228
it,0.000762983610076248
merco,0.0007570154469646773
p'tits,0.0007541314720943731
poah,0.0007518796992481196
fistons,0.0007518796992481196
pue,0.0007489592768679411
ramène,0.0007426811247563159
bigo,0.0007420170726818887
shawty,0.000741289844329132
clients,0.0007386888273314859
sorti,0.0007386888273314859
nympho',0.0007351997741794753
argent,0.0007341037492633677
pollos,0.0007326901941629007
tire,0.0007301895354787623
hiver,0.0007268598116451532
range,0.0007249398800645331
bloc,0.0007235620936659947
parlent,0.0007188157431056783
michtos,0.0007185198491108311
b,0.0007185198491108311
hihi,0.0007185198491108311
non,0.0007118246003982243
chambre,0.0007080442357005346
époque,0.0006992581247846705
window,0.0006983664112422412
avant,0.000697636470423113
problèmes,0.0006895803003263769
roule,0.0006894696585093269
bip,0.0006883784102683793
demande,0.0006825580465704252
ennemis,0.0006820169056065437
danse,0.0006819104817987982
barre,0.0006792480865331988
matin,0.0006776060464486329
an,0.0006774117844523938
big,0.000673996962207035
heure,0.0006679380015906344
sec,0.0006662225183211186
flingue,0.0006658085944306654
bouche,0.0006635600339058797
tête,0.0006625278556936399
sol,0.0006622390008013743
babtou,0.0006599571027883181
laissé,0.0006599571027883181
tatoué,0.0006599571027883181
'bre,0.0006599571027883181
honda,0.0006599571027883181
meuf,0.000654274162306703
'phone,0.000649967566713397
keufs,0.0006482408039264866
spi,0.0006477732793522261
travail,0.0006462650353078171
monte,0.0006454931314195519
temps,0.0006430878708834076
mama,0.0006418485237483948
fendi,0.0006410153768967591
9,0.0006410153768967591
up,0.000639700266896575
diamants,0.0006312030108729764
nine,0.0006276046371105886
glock,0.0006276046371105886
souffert,0.0006275051970517317
go',0.0006216328222130123
disant,0.0006207643822835479
refait,0.0006137339917298962
poto,0.0006135994918900834
milliers,0.0006114890922350633
fah,0.0006105751618024173
he,0.0006105751618024173
coups,0.0006085322338315462
trois,0.0006085322338315462
vient,0.0006060916653854688
paye,0.0006027826678889159
mauvais,0.0005990940883082131
vue,0.0005958243655686469
bout,0.0005942743892084565
veulent,0.0005938915472509179
yeah,0.0005897095680377409
caution,0.0005890231652004499
cherche,0.0005848577397526615
stup',0.0005831507903617305
bite,0.0005827894212951589
this,0.0005824277292421332
moins,0.0005806091117408622
taille,0.0005806091117408622
plein,0.0005794284126578405
potes,0.0005754778206246187
pète,0.0005750333732828156
four,0.0005726947704077786
grosses,0.0005720823798626997
ni,0.0005720823798626997
bitume,0.0005720823798626997
petit,0.0005717969022858361
arrête,0.000571162660256103
attrape,0.0005695500603748229
terrain,0.0005686896994446341
faute,0.0005678587647930879
armé,0.0005665362714966374
fête,0.0005664708652930863
heures,0.0005660979014965761
colis,0.0005639097744360897
fer,0.0005612100978405007
truc,0.0005590726538772237
cher,0.0005573143384777729
étais,0.0005573143384777729
friends,0.000555967383246849
prédit,0.000555967383246849
no,0.000555967383246849
troue,0.000555967383246849
corvette,0.000555967383246849
more,0.000555967383246849
bâtiment,0.000555967383246849
hors,0.000555967383246849
brille,0.000555967383246849
ligne,0.000555967383246849
chaque,0.0005544767216580103
poches,0.0005540166204986145
bandits,0.0005540166204986145
versace,0.0005540166204986145
coins,0.0005540166204986145
hostiles,0.0005540166204986145
venu,0.0005540166204986145
stylé,0.0005540166204986145
balcon,0.0005540166204986145
your,0.0005540166204986145
pleines,0.0005540166204986145
congolais,0.0005540166204986145
clips,0.0005540166204986145
and,0.0005540166204986145
installer,0.0005540166204986145
télé',0.0005540166204986145
ghettos,0.0005540166204986145
mission,0.0005525558863601952
dodge,0.0005505201666799691
sûr,0.0005468568855709351
police,0.0005459604504018784
kichtas,0.000543932131388287
fallait,0.0005435234554008496
doigte,0.0005409291253211393
casse,0.0005404774995418266
bah,0.0005393105395799775
avoir,0.0005388898868331233
mocheté,0.0005388898868331233
nique,0.0005379042803051425
mundo,0.0005379042803051425
woah,0.0005378831694621163
moindre,0.0005378831694621163
vite,0.0005369699552525033
concu',0.0005364019805611585
parler,0.0005341435362728068
portes,0.0005312877335037994
bécane,0.0005300840434364606
dise,0.0005298481102084064
compo',0.0005298481102084064
copie,0.0005298481102084064
té-ma,0.0005288614119670611
posté,0.0005276158696452943
mise,0.0005254262128161752
côté,0.0005249684059155474
péter,0.000524249200252495
boîte,0.0005238191674118974
shoot,0.0005227593121858618
baby,0.0005221090579364503
route,0.000521670687936389
vip,0.0005212686505970232
gars,0.000519349091696004
sortir,0.0005189604445897348
tiens,0.0005182213491693505
peu,0.0005167718056751781
fous,0.0005151753933103274
rouler,0.0005151753933103274
19,0.000511856564488143
nouvelles,0.0005114456438845839
caisse,0.0005106204820554126
traîner,0.0005105629807801398
nerfs,0.000509209100758396
bonne,0.0005087156355784422
chemise,0.000508115362705056
paname,0.0005070388468408236
fini,0.0005055964687070689
voiture,0.0005046352205303439
encore,0.0005022805195210903
mieux,0.0005019075557245802
rappeur,0.000501589264671321
fans,0.0005006492120642535
fausse,0.0004914594460262264
ul-c,0.0004913219648544989
sois,0.0004890006741251995
autre,0.0004888051869850566
200,0.000488674501124752
dealer,0.0004884601294419339
pourtant,0.00048687436795810814
piges,0.00048582995951416963
ans,0.00048282470883090036
souffre,0.00048138639281129607
debout,0.00048138639281129607
kiffe,0.00048138639281129607
fassent,0.00048138639281129607
maman,0.00048138639281129607
oublie,0.00048138639281129607
casque,0.00048138639281129607
prêt,0.00048138639281129607
moto,0.00048138639281129607
enfants,0.00048138639281129607
collab,0.00048138639281129607
dernière,0.00048138639281129607
designer,0.00048138639281129607
bag,0.00048138639281129607
attention,0.0004799680767786044
baveux,0.0004799680767786044
donne,0.00047712742665541276
bon,0.0004755626596973476
après,0.0004743265772646172
est-ce,0.0004714708207550059
âge,0.00046835165388363267
bague,0.0004683413157395485
entre,0.0004683413157395485
vitre,0.00046573372988058687
barrettes,0.00045731338029735707
dernier,0.00045634317006388756
voler,0.00045634317006388756
montaigne,0.00045634317006388756
dollars,0.00045634317006388756
monogramme,0.00045634317006388756
avenue,0.00045634317006388756
pull,0.00045634317006388756
2020,0.00045634317006388756
train,0.00045634317006388756
mili',0.00045634317006388756
menotté,0.00045634317006388756
bactéries,0.00045502806006370353
dirait,0.00045502806006370353
fichu,0.00045502806006370353
effacer,0.00045502806006370353
coke,0.00045502806006370353
attaque,0.00045502806006370353
resté,0.00045502806006370353
avion,0.00045502806006370353
charas,0.00045502806006370353
atterrit,0.00045502806006370353
applaudit,0.00045502806006370353
che-ri,0.00045502806006370353
prison,0.0004550280600637035
porte,0.00044980783415902987
venir,0.00044414834554741236
giffler,0.00044414834554741236
cle-on,0.00044414834554741236
rpz,0.00044414834554741236
te-stree,0.00044414834554741236
essayer,0.00044414834554741236
client,0.00044414834554741236
baffe,0.00044414834554741236
clio,0.00044414834554741236
dead,0.00044414834554741236
dessous,0.00044414834554741236
dièses,0.00044414834554741236
sonner,0.00044414834554741236
mentir,0.00044228217602830565
'faires,0.00044228217602830565
crack,0.00044228217602830565
voulu,0.0004351574883500964
plavon,0.00043318171973142695
recompter,0.00043318171973142695
4h20,0.00043318171973142695
carte,0.00043318171973142695
nehess,0.00043318171973142695
changé,0.00043318171973142695
vingt,0.00043318171973142695
faisais,0.00043318171973142695
plafond,0.00043318171973142695
meda,0.00043318171973142695
roue,0.00043318171973142695
paille,0.00043318171973142695
racaille,0.00043318171973142695
follasse,0.00043318171973142695
deviennent,0.00043318171973142695
foot,0.000429285113511377
être,0.000429285113511377
champs,0.00042906178489702477
bavard,0.00042906178489702477
sang-froid,0.00042906178489702477
brrr,0.00042906178489702477
teilles,0.00042906178489702477
chargés,0.00042906178489702477
phantom,0.00042906178489702477
a7,0.00042906178489702477
refaire,0.00042906178489702477
skurr,0.00042906178489702477
garée,0.00042906178489702477
envie,0.00042616663115278033
bolosse,0.00042616663115278033
akhi,0.00042616663115278033
télé,0.00042616663115278033
quantité,0.00042616663115278033
'rari,0.00042616663115278033
jeune,0.00042616663115278033
nike,0.00042616663115278033
drogues,0.00042616663115278033
dis-le,0.00042616663115278033
qualité,0.00042616663115278033
évites,0.00042616663115278033
week-end,0.00042616663115278033
pleure,0.00042616663115278033
go-fast,0.00042616663115278033
servi,0.00042616663115278033
saisi,0.00042616663115278033
parie,0.00042616663115278033
pieds,0.00042616663115278033
prend,0.0004238600269986747
sucer,0.00042084610145710243
prennent,0.00042029425631406094
euros,0.00042029425631406094
belle,0.0004144218814753415
direction,0.0004144218814753415
ennemi,0.0004144218814753415
coupe,0.00041004409758573613
ra,0.00041004409758573613
joint,0.00041004409758573613
dîner,0.00040921934041804645
choix,0.00040674637960657766
visser,0.00040456078467774334
faux,0.000401263066698585
puis,0.00040105324038842006
photos,0.00040105324038842006
teh,0.00039622082214342124
regarde,0.0003951808655497006
montre,0.00039253340181995375
couilles,0.00039188314757054225
espère,0.00039188314757054225
autant,0.00039188314757054225
confiance,0.00039165745673040215
jà,0.00039165745673040215
téléphone,0.00038969935231252564
peine,0.0003840174926117627
putain,0.00038382697747380625
connait,0.00038382697747380625
vol,0.00038382697747380625
mains,0.0003825363037108049
deux-trois,0.000381580135562793
sang,0.000381580135562793
contrôle,0.00037853417970377
souris,0.00037853417970377
cavu,0.0003780725912734697
pa-pa-paw,0.0003759398496240598
pistou,0.0003759398496240598
astique,0.0003759398496240598
pisse,0.0003759398496240598
ressors,0.0003759398496240598
bossais,0.0003759398496240598
flopper,0.0003759398496240598
scoop,0.0003759398496240598
imposteurs,0.0003759398496240598
'posteurs,0.0003759398496240598
places,0.000374188562795002
cinq,0.00037375019279494066
courser,0.0003726421316449014
compris,0.0003726421316449014
verre,0.00037220021643475027
zone,0.00037220021643475027
remplis,0.000370644922164566
bails,0.000370644922164566
pocket,0.000370644922164566
baguette,0.000370644922164566
allez,0.000370644922164566
mange,0.000370644922164566
payer,0.000370644922164566
hood,0.000370644922164566
backstage,0.000370644922164566
arrivent,0.000370644922164566
bientôt,0.000370644922164566
ganja,0.0003699946679151545
soit,0.00036950156478314137
chaud,0.00036950156478314137
sport,0.00036934441366574296
chèque,0.00036934441366574296
are,0.00036934441366574296
bonbonne,0.00036934441366574296
plata,0.00036934441366574296
bendo,0.00036934441366574296
hum,0.00036934441366574296
already,0.00036934441366574296
back,0.00036934441366574296
oseille,0.00036934441366574296
ti-par,0.00036934441366574296
always,0.00036934441366574296
let's,0.00036934441366574296
finir,0.00036934441366574296
gangstas,0.00036934441366574296
bécanes,0.00036934441366574296
playstation,0.00036934441366574296
zéros,0.000368266879886948
ris-pa,0.000368266879886948
pèse,0.00036519770559768607
donne-moi,0.00036509476773938113
bébé,0.0003647593355976247
leurs,0.0003647593355976247
dossiers,0.0003647593355976247
prises,0.0003647593355976247
touah,0.00036458596154816537
blanche,0.00036458596154816537
occasions,0.00036458596154816537
suces,0.00036458596154816537
cents,0.0003643021691105792
minimum,0.0003605107075858254
galettes,0.00035925992455541553
obligées,0.00035925992455541553
bat',0.00035925992455541553
pesette,0.00035925992455541553
lafayette,0.00035925992455541553
animer,0.00035925992455541553
mondéo,0.00035925992455541553
galeries,0.00035925992455541553
'chis,0.00035925992455541553
tesla,0.00035925992455541553
banquette,0.00035925992455541553
colorées,0.00035925992455541553
plaquette,0.00035925992455541553
kekra,0.00035925992455541553
attire,0.00035925992455541553
gosse,0.00035925992455541553
skoda,0.00035925992455541553
effrite,0.00035925992455541553
passat,0.00035925992455541553
galère,0.00035925992455541553
efface,0.00035925992455541553
cap,0.00035925992455541553
'pho',0.00035925992455541553
garer,0.00035925992455541553
canette,0.00035925992455541553
vraiment,0.00035888696075890526
cave,0.0003561039105420651
tou-tou-tou,0.00035463833274710597
bae,0.00035323207347227095
agrippe,0.00035323207347227095
extendo,0.00035323207347227095
doux,0.00035323207347227095
millions,0.00035323207347227095
sauver,0.00035323207347227095
travers,0.00035323207347227095
dubaï,0.00035323207347227095
binks,0.00035323207347227095
libre,0.00035295920050910944
face,0.0003503117367793625
rover,0.00034991324465008647
gens,0.00034966148252995097
quelques,0.0003457845920193817
pardon,0.0003451343377699702
haute,0.0003451343377699702
dors,0.0003451343377699702
sens,0.00034418920513418964
soeur,0.00034160531243321497
préfère,0.00034157328211576425
hot,0.00034009209321480643
compteur,0.0003387058922261969
mis,0.0003387058922261969
ex,0.0003374368511035789
sert,0.0003374368511035789
seul,0.0003374368511035789
1000,0.0003369984811035175
haut,0.0003367865968541673
aqua,0.0003367865968541673
shooter,0.0003367865968541673
grand,0.00033634822685410596
madame,0.00033634822685410596
payes,0.00033634822685410596
audi,0.00033634822685410596
nuque,0.00033634822685410596
veste,0.00033519834793687363
kore,0.0003320995988423067
moteur,0.0003320995988423067
fil,0.0003320995988423067
tchi,0.00033174435229900364
biches,0.0003309905197777048
parc,0.0003309905197777048
baw,0.00032997855139415904
drôle,0.00032997855139415904
retour,0.0003293259730981542
crime,0.0003283430560479579
premier,0.00032829205675736996
toit,0.00032829205675736996
palettes,0.0003276928017985464
tess,0.000327057354287143
mène,0.00032545140663417825
âne,0.00032545140663417825
vuitton,0.00032404342874557066
foumas,0.00032404342874557066
neige,0.00032404342874557066
oeil,0.00032388663967611303
affaire,0.00032388663967611303
efforts,0.00032388663967611303
tou-tou-tou-touah,0.00032388663967611303
tfeh,0.00032388663967611303
cautions,0.00032388663967611303
acteur,0.00032388663967611303
facile,0.00032388663967611303
hommes,0.00032388663967611303
full,0.00032388663967611303
vous,0.00032388663967611303
balles,0.0003226505572433827
investis,0.0003224054507751552
problème,0.0003209242618741974
touche,0.0003209242618741974
corps,0.0003209242618741974
vices,0.0003209242618741974
routine,0.0003209242618741974
vôtre,0.0003209242618741974
trace,0.000316665295718314
ville,0.000316665295718314
bicrave,0.00031405770985935236
derrière,0.000313619339859291
accoster,0.000313619339859291
bandit,0.00031257652095839454
eau,0.0003121381509583332
dire,0.0003121381509583332
ensemble,0.0003121381509583332
reconnu,0.0003093707118474917
acheter,0.0003078895229465339
soleil,0.0003078895229465339
marche,0.0003074374934427665
dort,0.0003074374934427665
36,0.00030422878004259175
milli,0.00030422878004259175
pousser,0.00030422878004259175
'téger,0.00030422878004259175
clés,0.00030422878004259175
attitude,0.00030422878004259175
léger,0.00030422878004259175
tousser,0.00030422878004259175
outils,0.00030348272590277365
racontais,0.00030335204004246897
fichiers,0.00030335204004246897
mentionne,0.00030335204004246897
fichier,0.00030335204004246897
prétexter,0.00030335204004246897
belek,0.00030335204004246897
mixer,0.00030335204004246897
petite,0.00030335204004246897
pourrai,0.00030335204004246897
tournée,0.00030335204004246897
ruinés,0.00030335204004246897
baisse,0.00030335204004246897
santé,0.00030335204004246897
fanbase,0.00030335204004246897
po-po-po-pow,0.00030335204004246897
ambigu,0.00030335204004246897
fâché,0.00030335204004246897
mettrai,0.00030335204004246897
avenir,0.00030335204004246897
rri-pou,0.00030335204004246897
rait,0.00030335204004246897
vis,0.00030335204004246897
sauf,0.00030335204004246897
hm,0.00030335204004246897
fauché,0.00030335204004246897
bug,0.00030335204004246897
biff,0.0002951349849869708
vilains,0.00029485478401887043
bouge,0.00029485478401887043
bila,0.00029485478401887043
humains,0.00029485478401887043
dior,0.00029485478401887043
kitchen,0.00029485478401887043
mucha,0.00029485478401887043
shh,0.00029485478401887043
facettes,0.00029485478401887043
boug,0.00029485478401887043
cocain,0.00029485478401887043
gle,0.00029485478401887043
pompes,0.00029485478401887043
laisser,0.00028710430805756296
passes,0.00028604118993134984
passent,0.00028604118993134984
merdes,0.00028604118993134984
marseille,0.00028604118993134984
rues,0.00028604118993134984
baltringues,0.00028604118993134984
07,0.00028604118993134984
poucaves,0.00028604118993134984
nord,0.00028604118993134984
91,0.00028604118993134984
tn,0.00028604118993134984
ami,0.00028604118993134984
autoroute,0.00028604118993134984
choyes,0.00028604118993134984
reuf,0.00028604118993134984
profs,0.00028604118993134984
pleins,0.00028405835219854
moquette,0.00028405835219854
capté,0.00028257716329758216
paro,0.00027422942238177937
parfois,0.00027379105238171795
dessus,0.0002695424243699187
paie,0.00026513562732615836
jean,0.00026513562732615836
cours,0.00024423006472096693
ondulées,0.00024423006472096693
plates,0.00024423006472096693
vêtu,0.00024423006472096693
raconter,0.00024423006472096693
évolue,0.00024423006472096693
tranchées,0.00024423006472096693
thune,0.00024423006472096693
aimes,0.00024423006472096693
dehors,0.00024423006472096693
coupais,0.00024423006472096693
thorax,0.00024423006472096693
manque,0.00024423006472096693
dealait,0.00024423006472096693
po-pollos,0.00024423006472096693
volume,0.00024423006472096693
arrêté,0.00024423006472096693
nan,0.00024423006472096693
médecin,0.00022207417277370618
met,0.00022207417277370618
levier,0.00022207417277370618
puces,0.00022207417277370618
sеul,0.00022207417277370618
admettre,0.00022207417277370618
ziak,0.00022207417277370618
flaire,0.00022207417277370618
sacs,0.00022207417277370618
raisonner,0.00022207417277370618
sin-c',0.00022207417277370618
instinct,0.00022207417277370618
claqué,0.00022207417277370618
mogo,0.00022207417277370618
dizaines,0.00022207417277370618
crème,0.00022207417277370618
lever,0.00022207417277370618
lovés,0.00022207417277370618
queue,0.00022207417277370618
capote,0.00022207417277370618
zouk,0.00022207417277370618
exprès,0.00022207417277370618
dur,0.00022207417277370618
jaune,0.00022207417277370618
doses,0.00022207417277370618
honte,0.00022207417277370618
dedans,0.00022207417277370618
bigos,0.00022207417277370618
extinct',0.00022207417277370618
te-tan,0.00022207417277370618
sick,0.00022207417277370618
allumer,0.00022207417277370618
suck,0.00022207417277370618
essai,0.00022207417277370618
médusa,0.00022207417277370618
sommet,0.00022207417277370618
accélère,0.00022207417277370618
questionner,0.00022207417277370618
mordre,0.00022207417277370618
yous-voi,0.00022207417277370618
taga,0.00022207417277370618
détecteur,0.00022207417277370618
salaire,0.00022207417277370618
peinе,0.00022207417277370618
essence,0.00021659085986571347
pur,0.00021659085986571347
stake,0.00021659085986571347
défunts,0.00021659085986571347
pers,0.00021659085986571347
affronter,0.00021659085986571347
bicraveur,0.00021659085986571347
klaxonne,0.00021659085986571347
chauffant,0.00021659085986571347
tâches,0.00021659085986571347
merde,0.00021659085986571347
phaser,0.00021659085986571347
capuchés,0.00021659085986571347
rallume,0.00021659085986571347
ongles,0.00021659085986571347
défauts,0.00021659085986571347
oncle,0.00021659085986571347
soss,0.00021659085986571347
rimes,0.00021659085986571347
vraie,0.00021659085986571347
couleur,0.00021659085986571347
pochtar,0.00021659085986571347
pilon,0.00021659085986571347
comédiens,0.00021659085986571347
paires,0.00021659085986571347
à-l,0.00021659085986571347
siège,0.00021659085986571347
deuxième,0.00021659085986571347
y'en,0.00021659085986571347
tignasse,0.00021659085986571347
textos,0.00021659085986571347
dormir,0.00021659085986571347
algérien,0.00021659085986571347
vrais,0.00021659085986571347
sécu,0.00021659085986571347
tentant,0.00021659085986571347
famille,0.00021659085986571347
marié,0.00021659085986571347
frisée,0.00021659085986571347
vivre,0.00021659085986571347
rats,0.00021659085986571347
repères,0.00021659085986571347
comptes,0.00021659085986571347
dessein,0.00021659085986571347
devenus,0.00021659085986571347
quelle,0.00021659085986571347
b22,0.00021659085986571347
auras,0.00021659085986571347
froissées,0.00021659085986571347
feuille,0.00021659085986571347
cacher,0.00021659085986571347
récup',0.00021659085986571347
404,0.00021659085986571347
orly,0.00021659085986571347
gratte,0.00021659085986571347
fazer,0.00021659085986571347
aurai,0.00021308331557639017
manger,0.00021308331557639017
ganté,0.00021308331557639017
voisins,0.00021308331557639017
baril,0.00021308331557639017
parait,0.00021308331557639017
city,0.00021308331557639017
charbon,0.00021308331557639017
envier,0.00021308331557639017
avocat,0.00021308331557639017
plomb,0.00021308331557639017
datе,0.00021308331557639017
calibres,0.00021308331557639017
mille,0.00021308331557639017
presse,0.00021308331557639017
emballe,0.00021308331557639017
jojo,0.00021308331557639017
évry-courcouronnes,0.00021308331557639017
étant,0.00021308331557639017
ruelles,0.00021308331557639017
autour,0.00021308331557639017
ciseaux,0.00021308331557639017
nom,0.00021308331557639017
compter,0.00021308331557639017
repart,0.00021308331557639017
waxer,0.00021308331557639017
venus,0.00021308331557639017
eu,0.00021308331557639017
prête,0.00021308331557639017
près,0.00021308331557639017
restes,0.00021308331557639017
reprendre,0.00021308331557639017
ouvert,0.00021308331557639017
arrêt,0.00021308331557639017
briquet,0.00021308331557639017
recouper,0.00021308331557639017
tant,0.00021308331557639017
ouverture,0.00021308331557639017
touristes,0.00021308331557639017
some,0.00021308331557639017
prеssé,0.00021308331557639017
découpe,0.00021308331557639017
arrachés,0.00021308331557639017
peser,0.00021308331557639017
fasse,0.00021308331557639017
très,0.00021308331557639017
bolide,0.00021308331557639017
cherchent,0.00021308331557639017
44,0.00020721094073767075
fuite,0.00020721094073767075
chausse,0.00020721094073767075
samedi,0.00020721094073767075
boulang',0.00020721094073767075
scarface,0.00020721094073767075
vant,0.00020721094073767075
salon,0.00020721094073767075
taka',0.00020721094073767075
écrasement,0.00020721094073767075
rré-bou,0.00020721094073767075
tellement,0.00020721094073767075
déborde,0.00020721094073767075
marmite,0.00020721094073767075
rap,0.00020721094073767075
salive,0.00020721094073767075
mif',0.00020721094073767075
souffres,0.00020721094073767075
empêcher,0.00020721094073767075
dont,0.00020721094073767075
eux,0.00020721094073767075
ressentir,0.00020721094073767075
casser,0.00020721094073767075
proie,0.00020721094073767075
colosse,0.00020721094073767075
dépend,0.00020721094073767075
manière,0.00020721094073767075
flics,0.00020721094073767075
stoppe,0.00020721094073767075
chance,0.00020721094073767075
ligotée,0.00020721094073767075
balances,0.00020721094073767075
perdre,0.00020721094073767075
listes,0.00020721094073767075
connasses,0.00020721094073767075
mec,0.00020721094073767075
000,0.00020721094073767075
libérez,0.00020721094073767075
pointer,0.00020721094073767075
pointe,0.00020721094073767075
combien,0.00020721094073767075
onze,0.00020721094073767075
ballon,0.00020721094073767075
métal,0.00020721094073767075
doigt,0.00020721094073767075
vu,0.00020721094073767075
branles,0.00020721094073767075
11,0.00020721094073767075
vole,0.00020721094073767075
habite,0.00020721094073767075
engage,0.00020721094073767075
carré,0.00020721094073767075
broskis,0.00020721094073767075
rencontre,0.00020721094073767075
boloss,0.00020721094073767075
15,0.00020721094073767075
respecte,0.00020721094073767075
fin,0.00020721094073767075
chasse,0.00020721094073767075
investit,0.0001879699248120299
tard,0.0001879699248120299
cloque,0.0001879699248120299
poua-pouah,0.0001879699248120299
modèle,0.0001879699248120299
tains-p',0.0001879699248120299
lettres,0.0001879699248120299
pourquoi,0.0001879699248120299
écourté,0.0001879699248120299
livraison,0.0001879699248120299
courtier,0.0001879699248120299
enveloppe,0.0001879699248120299
scooter,0.0001879699248120299
liens,0.0001879699248120299
coursier,0.0001879699248120299
puceau,0.0001879699248120299
télé-réalité,0.0001879699248120299
business,0.0001879699248120299
parka,0.0001879699248120299
cartier,0.0001879699248120299
pété,0.0001879699248120299
infos,0.0001879699248120299
peter,0.0001879699248120299
pédés,0.0001879699248120299
lunettes,0.0001879699248120299
aperçois,0.0001879699248120299
attends,0.0001879699248120299
b'soin,0.0001879699248120299
massacre,0.0001879699248120299
parker,0.0001879699248120299
toute,0.0001879699248120299
adrénaline,0.0001879699248120299
cuir,0.0001879699248120299
empreintes,0.0001879699248120299
a6,0.0001879699248120299
souffle,0.0001879699248120299
plumard,0.0001879699248120299
herbe,0.0001879699248120299
retard,0.0001879699248120299
cliqué,0.0001879699248120299
saint-denis,0.0001879699248120299
soeurs,0.0001879699248120299
chien,0.0001879699248120299
claquer,0.0001879699248120299
showcase,0.0001879699248120299
tisse,0.0001879699248120299
corset,0.0001879699248120299
capuche,0.0001879699248120299
écouté,0.0001879699248120299
fêtard,0.0001879699248120299
caisson,0.0001879699248120299
drive-by,0.0001879699248120299
fight,0.0001879699248120299
ailleurs,0.0001879699248120299
hall,0.0001879699248120299
tôt,0.0001879699248120299
planter,0.0001879699248120299
imbécile,0.0001879699248120299
class,0.0001879699248120299
déchire,0.0001879699248120299
pinceau,0.0001879699248120299
paki,0.0001879699248120299
plusieurs,0.0001879699248120299
fonce-dé,0.0001879699248120299
grâce,0.0001879699248120299
appel,0.0001879699248120299
stressé,0.0001879699248120299
poupée,0.0001879699248120299
paquets,0.0001879699248120299
tords,0.0001879699248120299
peinture,0.0001879699248120299
marque,0.0001879699248120299
détalait,0.0001879699248120299
connaître,0.0001879699248120299
clique,0.0001879699248120299
parquet,0.0001879699248120299
engrainé,0.0001879699248120299
job,0.0001879699248120299
truques,0.0001879699248120299
sentait,0.0001879699248120299
tolère,0.0001879699248120299
passager,0.000185322461082283
subir,0.000185322461082283
table,0.000185322461082283
9mm,0.000185322461082283
alarmant,0.000185322461082283
bb,0.000185322461082283
donnent,0.000185322461082283
dépasse,0.000185322461082283
marchais,0.000185322461082283
cassos,0.000185322461082283
risques,0.000185322461082283
week-ends,0.000185322461082283
factice,0.000185322461082283
caméras,0.000185322461082283
idées,0.000185322461082283
pardonner,0.000185322461082283
bible,0.000185322461082283
choppa,0.000185322461082283
démons,0.000185322461082283
camaro,0.000185322461082283
paquetagе,0.000185322461082283
devient,0.000185322461082283
paquetage,0.000185322461082283
noble,0.000185322461082283
franchis,0.000185322461082283
crash,0.000185322461082283
tais,0.000185322461082283
amsterdam,0.000185322461082283
girl,0.000185322461082283
babe,0.000185322461082283
noir,0.000185322461082283
booké,0.000185322461082283
ferme,0.000185322461082283
billet,0.000185322461082283
main,0.000185322461082283
crise,0.000185322461082283
bonnes,0.000185322461082283
bandana,0.000185322461082283
dopе,0.000185322461082283
seigneur,0.000185322461082283
signe,0.000185322461082283
arme,0.000185322461082283
cramé,0.000185322461082283
vont,0.00018467220683287148
chanel,0.00018467220683287148
we're,0.00018467220683287148
fridge,0.00018467220683287148
in,0.00018467220683287148
what,0.00018467220683287148
jour,0.00018467220683287148
proches,0.00018467220683287148
done,0.00018467220683287148
chica,0.00018467220683287148
you're,0.00018467220683287148
zipette,0.00018467220683287148
plutôt,0.00018467220683287148
vas-y,0.00018467220683287148
where,0.00018467220683287148
permission,0.00018467220683287148
tcho,0.00018467220683287148
ktm,0.00018467220683287148
vend,0.00018467220683287148
te-boî,0.00018467220683287148
honnêtement,0.00018467220683287148
misère,0.00018467220683287148
home,0.00018467220683287148
berry,0.00018467220683287148
recette,0.00018467220683287148
course,0.00018467220683287148
refais,0.00018467220683287148
mégane,0.00018467220683287148
empile,0.00018467220683287148
picking,0.00018467220683287148
honey,0.00018467220683287148
alcool,0.00018467220683287148
blessures,0.00018467220683287148
paix,0.00018467220683287148
maybach,0.00018467220683287148
attaché,0.00018467220683287148
ramènes,0.00018467220683287148
coup,0.00018467220683287148
call,0.00018467220683287148
who,0.00018467220683287148
milli',0.00018467220683287148
troisième,0.00018467220683287148
là-bas,0.00018467220683287148
10,0.00018467220683287148
tâché,0.00018467220683287148
polo,0.00018467220683287148
welcome,0.00018467220683287148
rom-pom-pom-pom,0.00018467220683287148
stop,0.00018467220683287148
grammes,0.00018467220683287148
pes',0.00018467220683287148
dorment,0.00018467220683287148
i've,0.00018467220683287148
langue,0.00018467220683287148
ttes-schmi,0.00018467220683287148
te-por,0.00018467220683287148
'yoncé,0.00018467220683287148
hate,0.00018467220683287148
porcs,0.00018467220683287148
sienne,0.00018467220683287148
chargé,0.00018467220683287148
miette,0.00018467220683287148
be-her,0.00018467220683287148
pardonnent,0.00018467220683287148
to,0.00018467220683287148
muerte,0.00018467220683287148
phone,0.00018467220683287148
faucher,0.00018467220683287148
with,0.00018467220683287148
amg,0.00018467220683287148
food,0.00018467220683287148
effort,0.00018467220683287148
all,0.00018467220683287148
nuit,0.00018467220683287148
gandja,0.00018467220683287148
arrive,0.00018467220683287148
bec,0.00018467220683287148
time,0.00018467220683287148
called,0.00018467220683287148
rapidе,0.00018467220683287148
bat,0.00018467220683287148
déferré,0.00018467220683287148
beyoncé,0.00018467220683287148
get,0.00018467220683287148
enchaînés,0.00018467220683287148
respire,0.00018467220683287148
why,0.00018467220683287148
streamings,0.00018467220683287148
sachets,0.00018467220683287148
froid,0.00018467220683287148
emmerde,0.00018467220683287148
tranquille,0.00018467220683287148
eating,0.00018467220683287148
fake,0.00018467220683287148
told,0.00018467220683287148
out,0.00018467220683287148
satisfaits,0.00018467220683287148
devant,0.00018467220683287148
threw,0.00018467220683287148
vertes,0.00018467220683287148
répare,0.00018467220683287148
motos,0.00018467220683287148
cookie,0.00018467220683287148
durs,0.00018467220683287148
dom,0.00018467220683287148
p',0.00018467220683287148
côtoie,0.00018467220683287148
débite,0.00018467220683287148
sacem,0.00018467220683287148
tamponne,0.00018467220683287148
demander,0.00018467220683287148
coming,0.00018467220683287148
bleues,0.00018467220683287148
avoue,0.00018467220683287148
instant,0.00018467220683287148
cigarillo,0.00018467220683287148
about,0.00018467220683287148
night,0.00018467220683287148
benz,0.00018467220683287148
way,0.00018467220683287148
еst,0.00018467220683287148
momma's,0.00018467220683287148
soigner,0.00018467220683287148
tenth,0.00018467220683287148
not,0.00018467220683287148
consacre,0.00018467220683287148
te-shi,0.00018467220683287148
that,0.00018467220683287148
attachée,0.00018467220683287148
kid,0.00017962996227770776
sses-f',0.00017962996227770776
achetеr,0.00017962996227770776
mochеté,0.00017962996227770776
automatique,0.00017962996227770776
zup,0.00017962996227770776
coffre,0.00017962996227770776
lâcheté,0.00017962996227770776
cup,0.00017962996227770776
espèces,0.00017962996227770776
fond,0.00017962996227770776
tapine,0.00017962996227770776
tape,0.00017962996227770776
trahison,0.00017962996227770776
swag,0.00017962996227770776
jordan,0.00017962996227770776
réfléchis,0.00017962996227770776
erreur,0.00017962996227770776
penser,0.00017962996227770776
fric,0.00017962996227770776
fouffe,0.00017962996227770776
tartine,0.00017962996227770776
cess,0.00017962996227770776
pourras,0.00017962996227770776
timals,0.00017962996227770776
stup,0.00017962996227770776
litchi,0.00017962996227770776
jardine,0.00017962996227770776
taser,0.00017661603673613547
duquel,0.00017661603673613547
mèrе,0.00017661603673613547
placé,0.00017661603673613547
mocassins,0.00017661603673613547
bandes,0.00017661603673613547
façon,0.00017661603673613547
entends,0.00017661603673613547
camp,0.00017661603673613547
book,0.00017661603673613547
adresse,0.00017661603673613547
tombe,0.00017661603673613547
appartient,0.00017661603673613547
musique,0.00017661603673613547
occasion,0.00017661603673613547
enfin,0.00017661603673613547
brésilienne,0.00017661603673613547
choque,0.00017661603673613547
sauveur,0.00017661603673613547
claymore,0.00017661603673613547
foy,0.00017661603673613547
aï-tu-tu-bang,0.00017661603673613547
tu-tut,0.00017661603673613547
arrêterai,0.00017661603673613547
to-ph',0.00017661603673613547
écoper,0.00017661603673613547
couplet,0.00017661603673613547
beugeuh,0.00017661603673613547
louis,0.00017661603673613547
chatte,0.00017661603673613547
rendre,0.00017661603673613547
matonne,0.00017661603673613547
doublé,0.00017661603673613547
sons,0.00017661603673613547
baiser,0.00017661603673613547
accoupler,0.00017661603673613547
camper,0.00017661603673613547
opposé,0.00017661603673613547
voilà,0.00017661603673613547
accusation,0.00017661603673613547
ticket,0.00017661603673613547
équipiers,0.00017661603673613547
putе,0.00017661603673613547
décroche,0.00017661603673613547
franchement,0.00017661603673613547
couper,0.00017661603673613547
rdv,0.00017661603673613547
olalalalalah,0.00017661603673613547
savais,0.00017661603673613547
levrette,0.00017661603673613547
location,0.00017661603673613547
bois,0.00016498927569707952
trahir,0.00016498927569707952
roulée,0.00016498927569707952
zéro,0.00016498927569707952
slalome,0.00016498927569707952
houdini,0.00016498927569707952
avertit,0.00016498927569707952
arrache,0.00016498927569707952
devis,0.00016498927569707952
filme,0.00016498927569707952
devienne,0.00016498927569707952
crosse,0.00016498927569707952
cr,0.00016498927569707952
assieds-toi,0.00016498927569707952
fasses,0.00016498927569707952
commissaire,0.00016498927569707952
verres,0.00016498927569707952
sinon,0.00016498927569707952
devais,0.00016498927569707952
embraye,0.00016498927569707952
condi',0.00016498927569707952
switch,0.00016498927569707952
ak-47,0.00016498927569707952
asseoir,0.00016498927569707952
débris,0.00016498927569707952
niah,0.00016498927569707952
ficelle,0.00016498927569707952
disparaître,0.00016498927569707952
enlever,0.00016498927569707952
doré,0.00016498927569707952
torchon,0.00016498927569707952
têtes,0.00016498927569707952
toucher,0.00016498927569707952
connaissances,0.00016498927569707952
garde,0.00016498927569707952
frappe,0.00016498927569707952
mées-cra,0.00016498927569707952
doucement,0.00016498927569707952
bord,0.00016498927569707952
serré,0.00016498927569707952
salam,0.00016498927569707952
fou,0.00016498927569707952
porche,0.00016498927569707952
tu-tu-tu-tu,0.00016498927569707952
tannée,0.00016498927569707952
plaves,0.00016498927569707952
giflé,0.00016498927569707952
copilote,0.00016498927569707952
né,0.00016498927569707952
volé,0.00016498927569707952
skouch,0.00016498927569707952
donner,0.00016498927569707952
enterrer,0.00016498927569707952
dévoue,0.00016498927569707952
officiel,0.00016498927569707952
tableau,0.00016498927569707952
annule,0.00016498927569707952
pixels,0.00016498927569707952
hlel,0.00016498927569707952
swish,0.00016498927569707952
crashé,0.00016498927569707952
manette,0.00016498927569707952
droits,0.00016194331983805652
poussе-toi,0.00016194331983805652
laver,0.00016194331983805652
listé,0.00016194331983805652
or,0.00016194331983805652
imbécilе,0.00016194331983805652
affalé,0.00016194331983805652
rappes,0.00016194331983805652
douillais,0.00016194331983805652
stress,0.00016194331983805652
nosky,0.00016194331983805652
17,0.00016194331983805652
disque,0.00016194331983805652
poursuite,0.00016194331983805652
chiens,0.00016194331983805652
pisser,0.00016194331983805652
taffe,0.00016194331983805652
1200,0.00016194331983805652
passé,0.00016194331983805652
platine,0.00016194331983805652
kizdés,0.00016194331983805652
demain,0.00016194331983805652
baptisé,0.00016194331983805652
intéressant,0.00016194331983805652
shk,0.00016194331983805652
êtes,0.00016194331983805652
plaisir,0.00016194331983805652
vista,0.00016194331983805652
voudrais,0.00016194331983805652
16,0.00016194331983805652
loc',0.00016194331983805652
titube,0.00016194331983805652
lève,0.00016194331983805652
lait,0.00016194331983805652
che-lou,0.00016194331983805652
lolos,0.00016194331983805652
vente,0.00016194331983805652
tchop,0.00016194331983805652
beurh,0.00016194331983805652
mardi,0.00016194331983805652
guette,0.00016194331983805652
lâché,0.00016194331983805652
palais,0.00016194331983805652
ous-s',0.00016194331983805652
avaler,0.00016194331983805652
tchatche,0.00016194331983805652
gras,0.00016194331983805652
courage,0.00016194331983805652
cellophane,0.00016194331983805652
pompe,0.00016194331983805652
rouge,0.00016194331983805652
prévient,0.00016194331983805652
snap',0.00016194331983805652
hab',0.00016194331983805652
vitres,0.00016194331983805652
peur,0.00016194331983805652
fteh,0.00016194331983805652
fort,0.00016194331983805652
matins,0.00016194331983805652
sku-sku-sku,0.0001604621309370987
serrure,0.0001604621309370987
guidonne,0.0001604621309370987
surnom,0.0001604621309370987
tattoos,0.0001604621309370987
bastos,0.0001604621309370987
croire,0.0001604621309370987
écrasements,0.0001604621309370987
inquiètes,0.0001604621309370987
moi-même,0.0001604621309370987
seringues,0.0001604621309370987
serein,0.0001604621309370987
venez,0.0001604621309370987
diеu,0.0001604621309370987
reculent,0.0001604621309370987
kush,0.0001604621309370987
cendres,0.0001604621309370987
olala,0.0001604621309370987
litres,0.0001604621309370987
réduire,0.0001604621309370987
joué,0.0001604621309370987
doudoune,0.0001604621309370987
god,0.0001604621309370987
hôtel,0.0001604621309370987
défoncé,0.0001604621309370987
élève,0.0001604621309370987
young,0.0001604621309370987
ouai,0.0001604621309370987
sourire,0.0001604621309370987
fouille,0.0001604621309370987
sali,0.0001604621309370987
donné,0.0001604621309370987
solo,0.0001604621309370987
aider,0.0001604621309370987
hagras,0.0001604621309370987
dеs,0.0001604621309370987
capot,0.0001604621309370987
grandi,0.0001604621309370987
nettoyer,0.0001604621309370987
remplie,0.0001604621309370987
pareil,0.0001604621309370987
histoires,0.0001604621309370987
rangé,0.0001604621309370987
sérieux,0.0001604621309370987
froc,0.0001604621309370987
sales,0.0001604621309370987
sommeil,0.0001604621309370987
copine,0.00015211439002129587
vvs,0.00015211439002129587
appelle-nous,0.00015211439002129587
da-datejust,0.00015211439002129587
jdid,0.00015211439002129587
chemin,0.00015211439002129587
vilain,0.00015211439002129587
archi,0.00015211439002129587
gare,0.00015211439002129587
roof,0.00015211439002129587
cdg,0.00015211439002129587
ca,0.00015211439002129587
bilan,0.00015211439002129587
enclos,0.00015211439002129587
gamos,0.00015211439002129587
té-cla,0.00015211439002129587
cheval,0.00015211439002129587
billaye,0.00015211439002129587
steak-les,0.00015211439002129587
déposer,0.00015211439002129587
boite,0.00015211439002129587
lit',0.00015211439002129587
poignet,0.00015211439002129587
partager,0.00015211439002129587
roissy,0.00015211439002129587
pussy,0.00015211439002129587
retourner,0.00015211439002129587
juice,0.00015211439002129587
bilingue,0.00015211439002129587
grands,0.00015211439002129587
cher-mar,0.00015211439002129587
motel,0.00015211439002129587
ftg,0.00015211439002129587
aussi,0.00015211439002129587
pew,0.00015211439002129587
dictionnaire,0.00015211439002129587
convertir,0.00015211439002129587
r'pars,0.00015211439002129587
from,0.00015211439002129587
téma,0.00015211439002129587
calibrе,0.00015211439002129587
meurs,0.00015211439002129587
walaye,0.00015211439002129587
cabré,0.00015211439002129587
pеw,0.00015211439002129587
protéger,0.00015211439002129587
pdg,0.00015211439002129587
ha-ha,0.00015211439002129587
hmm,0.00015211439002129587
calibre,0.00015211439002129587
j,0.00015211439002129587
attaquer,0.00015211439002129587
recycler,0.00015211439002129587
touch,0.00015211439002129587
éliminer,0.00015211439002129587
méga,0.00015211439002129587
libres,0.00015211439002129587
fermée,0.00015211439002129587
velar,0.00015211439002129587
envois,0.00015211439002129587
trafiquant,0.00015211439002129587
g,0.00015211439002129587
need,0.00015211439002129587
lourd,0.00015211439002129587
schéma,0.00015211439002129587
roulé,0.00015211439002129587
con,0.00015211439002129587
don't,0.00015211439002129587
sexy,0.00015211439002129587
cain-ri,0.00015211439002129587
nique-les,0.00015211439002129587
paquet,0.00015211439002129587
so,0.00015211439002129587
p'tit,0.00015211439002129587
tournis,0.00015167602002123448
achète,0.00015167602002123448
footballeur,0.00015167602002123448
make-up,0.00015167602002123448
repeins,0.00015167602002123448
demandes,0.00015167602002123448
appels,0.00015167602002123448
emotions,0.00015167602002123448
roupies,0.00015167602002123448
raccroche,0.00015167602002123448
éblouissent,0.00015167602002123448
risque,0.00015167602002123448
high,0.00015167602002123448
rappelle,0.00015167602002123448
télécommande,0.00015167602002123448
zolaboy,0.00015167602002123448
contraire,0.00015167602002123448
raclis,0.00015167602002123448
avait,0.00015167602002123448
mens,0.00015167602002123448
modère,0.00015167602002123448
brutal,0.00015167602002123448
avoues,0.00015167602002123448
repas,0.00015167602002123448
label,0.00015167602002123448
conduit,0.00015167602002123448
ensembles,0.00015167602002123448
abordent,0.00015167602002123448
phare,0.00015167602002123448
entourent,0.00015167602002123448
traité,0.00015167602002123448
bédave,0.00015167602002123448
ganache,0.00015167602002123448
suivi,0.00015167602002123448
since,0.00015167602002123448
fierté,0.00015167602002123448
payé,0.00015167602002123448
abord,0.00015167602002123448
commande,0.00015167602002123448
murder,0.00015167602002123448
avortes,0.00015167602002123448
maudir,0.00015167602002123448
genre,0.00015167602002123448
série,0.00015167602002123448
loves,0.00015167602002123448
comico,0.00015167602002123448
gauche,0.00015167602002123448
4,0.00015167602002123448
daronne,0.00015167602002123448
convicted,0.00015167602002123448
poumons,0.00015167602002123448
encule,0.00015167602002123448
reparte,0.00015167602002123448
bourré,0.00015167602002123448
xénons,0.00015167602002123448
virement,0.00015167602002123448
allongé,0.00015167602002123448
r'passe,0.00015167602002123448
flic,0.00015167602002123448
los,0.00015167602002123448
anneaux,0.00015167602002123448
barbec',0.00015167602002123448
enceinte,0.00015167602002123448
olalalah,0.00015167602002123448
impossible,0.00015167602002123448
looser,0.00015167602002123448
stable,0.00015167602002123448
plaise,0.00015167602002123448
recompte,0.00015167602002123448
accro,0.00015167602002123448
menaces,0.00015167602002123448
pendant,0.00015167602002123448
zolabeille,0.00015167602002123448
moulalala,0.00015167602002123448
avance,0.00015167602002123448
meda',0.00015167602002123448
dérange,0.00015167602002123448
tournoi,0.00015167602002123448
dépose,0.00015167602002123448
riposter,0.00015167602002123448
sous-sol,0.00015167602002123448
caddie,0.00015167602002123448
rampant,0.00015167602002123448
choppe,0.00015167602002123448
équipе,0.00015167602002123448
garce,0.00015167602002123448
angeles,0.00015167602002123448
ue-r,0.00015167602002123448
lâcherais,0.00015167602002123448
commode,0.00015167602002123448
double,0.00015167602002123448
went,0.00015167602002123448
man,0.00015167602002123448
skalape,0.00015167602002123448
amuse,0.00015167602002123448
vies,0.00015167602002123448
taff,0.00015167602002123448
mondе,0.00015167602002123448
fuis,0.00015167602002123448
ahw,0.00015167602002123448
péage,0.00015167602002123448
joue,0.00015167602002123448
arraches,0.00015167602002123448
elles,0.00015167602002123448
o'clock,0.00014742739200943522
boucher,0.00014742739200943522
enterré,0.00014742739200943522
catchaille,0.00014742739200943522
diamant,0.00014742739200943522
cons,0.00014742739200943522
barode,0.00014742739200943522
frôle,0.00014742739200943522
mini,0.00014742739200943522
rww,0.00014742739200943522
poudre,0.00014742739200943522
paies,0.00014742739200943522
neveux,0.00014742739200943522
casa,0.00014742739200943522
menu,0.00014742739200943522
quelqu'un,0.00014742739200943522
disparait,0.00014742739200943522
meme,0.00014742739200943522
auréole,0.00014742739200943522
vieux,0.00014742739200943522
beach,0.00014742739200943522
okay,0.00014742739200943522
brasse,0.00014742739200943522
oreilles,0.00014742739200943522
moyenne,0.00014742739200943522
zoom,0.00014742739200943522
croient,0.00014742739200943522
lе,0.00014742739200943522
draw,0.00014742739200943522
gagne,0.00014742739200943522
xxl,0.00014742739200943522
rompompomp,0.00014742739200943522
poch'ton,0.00014742739200943522
reum,0.00014742739200943522
repère,0.00014742739200943522
déboule,0.00014742739200943522
corazon,0.00014742739200943522
froisse,0.00014742739200943522
miné,0.00014742739200943522
voient,0.00014742739200943522
portière,0.00014742739200943522
retenir,0.00014742739200943522
cité,0.00014742739200943522
bête,0.00014742739200943522
droga,0.00014742739200943522
cagoule,0.00014742739200943522
décembre,0.00014742739200943522
appelle,0.00014742739200943522
casserole,0.00014742739200943522
zoomes,0.00014742739200943522
niña,0.00014742739200943522
gentils,0.00014742739200943522
résonne,0.00014742739200943522
disent,0.00014742739200943522
récup,0.00014742739200943522
janvier,0.00014742739200943522
femmе,0.00014742739200943522
bonnet,0.00014742739200943522
rapports,0.00014302059496567492
gammes,0.00014302059496567492
bouffi,0.00014302059496567492
sacoches,0.00014302059496567492
tonnes,0.00014302059496567492
blue,0.00014302059496567492
10k,0.00014302059496567492
ble3ani,0.00014302059496567492
rr,0.00014302059496567492
maudits,0.00014302059496567492
heh,0.00014302059496567492
soucis,0.00014302059496567492
école,0.00014302059496567492
6h10,0.00014302059496567492
vitesse,0.00014302059496567492
ti'as,0.00014302059496567492
yeux,0.00014302059496567492
skuh,0.00014302059496567492
pq,0.00014302059496567492
douce,0.00014302059496567492
r1,0.00014302059496567492
r'lève,0.00014302059496567492
conditionnés,0.00014302059496567492
vers,0.00014302059496567492
cz,0.00014302059496567492
portail,0.00014302059496567492
hach',0.00014302059496567492
jouer,0.00014302059496567492
arracher,0.00014302059496567492
tеs,0.00014302059496567492
couteaux,0.00014302059496567492
fronts,0.00014302059496567492
condés,0.00014302059496567492
box,0.00014302059496567492
kx,0.00014302059496567492
cagoulés,0.00014302059496567492
ouvrir,0.00014302059496567492
13,0.00014302059496567492
croise,0.00014302059496567492
jours,0.00014302059496567492
gorge,0.00014302059496567492
locations,0.00014302059496567492
re-pu,0.00014302059496567492
lasers,0.00014302059496567492
bécanе,0.00014302059496567492
mental,0.00014302059496567492
élimine,0.00014302059496567492
réseau,0.00014302059496567492
t-max,0.00014302059496567492
désappe,0.00014302059496567492
pasta,0.00014302059496567492
fesses,0.00014302059496567492
béton,0.00014302059496567492
enfer,0.00014302059496567492
endormir,0.00014302059496567492
relave,0.00014302059496567492
qh2,0.00014302059496567492
pythons,0.00014302059496567492
minutes,0.00014302059496567492
endurcit,0.00014302059496567492
ble-ta,0.00014302059496567492
mythos,0.00014302059496567492
boutique,0.00014302059496567492
doigts,0.00014302059496567492
lavabo,0.00014302059496567492
lave,0.00014302059496567492
qh1,0.00014302059496567492
assiettes,0.00014302059496567492
aujourd'hui,0.00014302059496567492
miens,0.00014302059496567492
gâtés,0.00014302059496567492
rs,0.00014302059496567492
mousse,0.00014302059496567492
relève,0.00014302059496567492
aha,0.00014302059496567492
collent,0.00014302059496567492
bouffon,0.00012211503236048347
écarts,0.00012211503236048347
quart,0.00012211503236048347
galope,0.00012211503236048347
jе,0.00012211503236048347
feat,0.00012211503236048347
trophy,0.00012211503236048347
ghillie,0.00012211503236048347
dégage,0.00012211503236048347
lossa,0.00012211503236048347
trophée,0.00012211503236048347
bruh,0.00012211503236048347
dm,0.00012211503236048347
disparais,0.00012211503236048347
truffés,0.00012211503236048347
retourne,0.00012211503236048347
biche,0.00012211503236048347
filles,0.00012211503236048347
dallas,0.00012211503236048347
gti,0.00012211503236048347
clé,0.00012211503236048347
mères,0.00012211503236048347
king,0.00012211503236048347
binksky,0.00012211503236048347
dépouille,0.00012211503236048347
keuf,0.00012211503236048347
galoche,0.00012211503236048347
kiffer,0.00012211503236048347
system,0.00012211503236048347
tou-tou-tou-touh,0.00012211503236048347
kick,0.00012211503236048347
malheurs,0.00012211503236048347
merci,0.00012211503236048347
salopes,0.00012211503236048347
veuve,0.00012211503236048347
aimer,0.00012211503236048347
conduire,0.00012211503236048347
lit,0.00012211503236048347
phares,0.00012211503236048347
quitte,0.00012211503236048347
tombent,0.00012211503236048347
atterris,0.00012211503236048347
renault,0.00012211503236048347
aiguille,0.00012211503236048347
size,0.00012211503236048347
br-bruh,0.00012211503236048347
63,0.00012211503236048347
entouré,0.00012211503236048347
mе,0.00012211503236048347
fe-me,0.00012211503236048347
doucher,0.00012211503236048347
teste,0.00012211503236048347
sauter,0.00012211503236048347
pays,0.00012211503236048347
pied,0.00012211503236048347
kiff,0.00012211503236048347
bouyave,0.00012211503236048347
'phones,0.00012211503236048347
froissés,0.00012211503236048347
plafonne,0.00012211503236048347
sacoche,0.00012211503236048347
